[0.000000] (-) TimerEvent: {}
[0.000235] (interfaces) JobQueued: {'identifier': 'interfaces', 'dependencies': OrderedDict()}
[0.000458] (userCommunication) JobQueued: {'identifier': 'userCommunication', 'dependencies': OrderedDict()}
[0.000671] (VLMProcessing) JobQueued: {'identifier': 'VLMProcessing', 'dependencies': OrderedDict({'interfaces': '/home/upo/TFG/ros2_ws/install/interfaces'})}
[0.000754] (robotCommunication) JobQueued: {'identifier': 'robotCommunication', 'dependencies': OrderedDict({'interfaces': '/home/upo/TFG/ros2_ws/install/interfaces'})}
[0.000773] (robotMovement) JobQueued: {'identifier': 'robotMovement', 'dependencies': OrderedDict({'interfaces': '/home/upo/TFG/ros2_ws/install/interfaces'})}
[0.000798] (interfaces) JobStarted: {'identifier': 'interfaces'}
[0.009294] (userCommunication) JobStarted: {'identifier': 'userCommunication'}
[0.020071] (interfaces) JobProgress: {'identifier': 'interfaces', 'progress': 'cmake'}
[0.020746] (interfaces) JobProgress: {'identifier': 'interfaces', 'progress': 'build'}
[0.021970] (interfaces) Command: {'cmd': ['/usr/bin/cmake', '--build', '/home/upo/TFG/ros2_ws/build/interfaces', '--', '-j16', '-l16'], 'cwd': '/home/upo/TFG/ros2_ws/build/interfaces', 'env': OrderedDict({'LESSOPEN': '| /usr/bin/lesspipe %s', 'GZ_SIM_RESOURCE_PATH': '/opt/ros/jazzy/share', 'USER': 'upo', 'GZ_CONFIG_PATH': '/opt/ros/jazzy/opt/gz_sim_vendor/share/gz:/opt/ros/jazzy/opt/sdformat_vendor/share/gz:/opt/ros/jazzy/opt/gz_gui_vendor/share/gz:/opt/ros/jazzy/opt/gz_transport_vendor/share/gz:/opt/ros/jazzy/opt/gz_rendering_vendor/share/gz:/opt/ros/jazzy/opt/gz_plugin_vendor/share/gz:/opt/ros/jazzy/opt/gz_fuel_tools_vendor/share/gz:/opt/ros/jazzy/opt/gz_msgs_vendor/share/gz:/opt/ros/jazzy/opt/gz_common_vendor/share/gz', 'XDG_SESSION_TYPE': 'x11', 'GIT_ASKPASS': '/usr/share/code/resources/app/extensions/git/dist/askpass.sh', 'SHLVL': '3', 'LD_LIBRARY_PATH': '/home/upo/turtlebot3_ws/install/interfaces/lib:/opt/ros/jazzy/opt/gz_sim_vendor/lib:/opt/ros/jazzy/opt/gz_sensors_vendor/lib:/opt/ros/jazzy/opt/gz_physics_vendor/lib:/opt/ros/jazzy/opt/sdformat_vendor/lib:/opt/ros/jazzy/opt/rviz_ogre_vendor/lib:/opt/ros/jazzy/lib/x86_64-linux-gnu:/opt/ros/jazzy/opt/gz_gui_vendor/lib:/opt/ros/jazzy/opt/gz_transport_vendor/lib:/opt/ros/jazzy/opt/gz_rendering_vendor/lib:/opt/ros/jazzy/opt/gz_plugin_vendor/lib:/opt/ros/jazzy/opt/gz_fuel_tools_vendor/lib:/opt/ros/jazzy/opt/gz_msgs_vendor/lib:/opt/ros/jazzy/opt/gz_common_vendor/lib:/opt/ros/jazzy/opt/gz_math_vendor/lib:/opt/ros/jazzy/opt/gz_utils_vendor/lib:/opt/ros/jazzy/opt/gz_tools_vendor/lib:/opt/ros/jazzy/opt/gz_ogre_next_vendor/lib:/opt/ros/jazzy/opt/gz_dartsim_vendor/lib:/opt/ros/jazzy/opt/gz_cmake_vendor/lib:/opt/ros/jazzy/lib', 'HOME': '/home/upo', 'CHROME_DESKTOP': 'code.desktop', 'OLDPWD': '/home/upo/TFG', 'TERM_PROGRAM_VERSION': '1.126.0', 'DESKTOP_SESSION': 'ubuntu', 'ROS_PYTHON_VERSION': '3', 'GNOME_SHELL_SESSION_MODE': 'ubuntu', 'GTK_MODULES': 'gail:atk-bridge', 'VSCODE_GIT_ASKPASS_MAIN': '/usr/share/code/resources/app/extensions/git/dist/askpass-main.js', 'VSCODE_GIT_ASKPASS_NODE': '/usr/share/code/code', 'DBUS_STARTER_BUS_TYPE': 'session', 'SYSTEMD_EXEC_PID': '2495', 'VSCODE_PYTHON_AUTOACTIVATE_GUARD': '1', 'GSM_SKIP_SSH_AGENT_WORKAROUND': 'true', 'DBUS_SESSION_BUS_ADDRESS': 'unix:path=/run/user/1000/bus,guid=363d1e468aca3fabeca0c6d56a4df74b', 'COLORTERM': 'truecolor', 'DEBUGINFOD_URLS': 'https://debuginfod.ubuntu.com', 'COLCON_PREFIX_PATH': '/home/upo/turtlebot3_ws/install', 'ROS_DISTRO': 'jazzy', 'LOGNAME': 'upo', '_': '/usr/bin/colcon', 'ROS_VERSION': '2', 'MEMORY_PRESSURE_WATCH': '/sys/fs/cgroup/user.slice/user-1000.slice/user@1000.service/app.slice/app-gnome\\x2dsession\\x2dmanager.slice/gnome-session-manager@ubuntu.service/memory.pressure', 'CLAUDE_CODE_SSE_PORT': '55408', 'XDG_SESSION_CLASS': 'user', 'USERNAME': 'upo', 'TERM': 'xterm-256color', 'GNOME_DESKTOP_SESSION_ID': 'this-is-deprecated', 'FC_FONTATIONS': '1', 'WINDOWPATH': '2', 'PATH': '/home/upo/platform-tools:/home/upo/.npm-global/bin:/home/upo/.config/Code/User/globalStorage/github.copilot-chat/debugCommand:/home/upo/.config/Code/User/globalStorage/github.copilot-chat/copilotCli:/opt/ros/jazzy/opt/gz_msgs_vendor/bin:/opt/ros/jazzy/opt/gz_tools_vendor/bin:/opt/ros/jazzy/opt/gz_ogre_next_vendor/bin:/opt/ros/jazzy/bin:/home/upo/platform-tools:/home/upo/.npm-global/bin:/home/upo/.local/bin:/usr/local/sbin:/usr/local/bin:/usr/sbin:/usr/bin:/sbin:/bin:/usr/games:/usr/local/games:/snap/bin:/snap/bin', 'SESSION_MANAGER': 'local/upo-ASUS-TUF-Gaming-A15-FA507RR-TUF507RR:@/tmp/.ICE-unix/2495,unix/upo-ASUS-TUF-Gaming-A15-FA507RR-TUF507RR:/tmp/.ICE-unix/2495', 'XDG_MENU_PREFIX': 'gnome-', 'GNOME_TERMINAL_SCREEN': '/org/gnome/Terminal/screen/2478bdcd_4a6f_4f09_acc2_ea0ad9e073f2', 'XDG_RUNTIME_DIR': '/run/user/1000', 'GDK_BACKEND': 'x11', 'DISPLAY': ':0', 'LANG': 'en_US.UTF-8', 'XDG_CURRENT_DESKTOP': 'ubuntu:GNOME', 'XMODIFIERS': '@im=ibus', 'XDG_SESSION_DESKTOP': 'ubuntu', 'XAUTHORITY': '/run/user/1000/gdm/Xauthority', 'LS_COLORS': 'rs=0:di=01;34:ln=01;36:mh=00:pi=40;33:so=01;35:do=01;35:bd=40;33;01:cd=40;33;01:or=40;31;01:mi=00:su=37;41:sg=30;43:ca=00:tw=30;42:ow=34;42:st=37;44:ex=01;32:*.tar=01;31:*.tgz=01;31:*.arc=01;31:*.arj=01;31:*.taz=01;31:*.lha=01;31:*.lz4=01;31:*.lzh=01;31:*.lzma=01;31:*.tlz=01;31:*.txz=01;31:*.tzo=01;31:*.t7z=01;31:*.zip=01;31:*.z=01;31:*.dz=01;31:*.gz=01;31:*.lrz=01;31:*.lz=01;31:*.lzo=01;31:*.xz=01;31:*.zst=01;31:*.tzst=01;31:*.bz2=01;31:*.bz=01;31:*.tbz=01;31:*.tbz2=01;31:*.tz=01;31:*.deb=01;31:*.rpm=01;31:*.jar=01;31:*.war=01;31:*.ear=01;31:*.sar=01;31:*.rar=01;31:*.alz=01;31:*.ace=01;31:*.zoo=01;31:*.cpio=01;31:*.7z=01;31:*.rz=01;31:*.cab=01;31:*.wim=01;31:*.swm=01;31:*.dwm=01;31:*.esd=01;31:*.avif=01;35:*.jpg=01;35:*.jpeg=01;35:*.mjpg=01;35:*.mjpeg=01;35:*.gif=01;35:*.bmp=01;35:*.pbm=01;35:*.pgm=01;35:*.ppm=01;35:*.tga=01;35:*.xbm=01;35:*.xpm=01;35:*.tif=01;35:*.tiff=01;35:*.png=01;35:*.svg=01;35:*.svgz=01;35:*.mng=01;35:*.pcx=01;35:*.mov=01;35:*.mpg=01;35:*.mpeg=01;35:*.m2v=01;35:*.mkv=01;35:*.webm=01;35:*.webp=01;35:*.ogm=01;35:*.mp4=01;35:*.m4v=01;35:*.mp4v=01;35:*.vob=01;35:*.qt=01;35:*.nuv=01;35:*.wmv=01;35:*.asf=01;35:*.rm=01;35:*.rmvb=01;35:*.flc=01;35:*.avi=01;35:*.fli=01;35:*.flv=01;35:*.gl=01;35:*.dl=01;35:*.xcf=01;35:*.xwd=01;35:*.yuv=01;35:*.cgm=01;35:*.emf=01;35:*.ogv=01;35:*.ogx=01;35:*.aac=00;36:*.au=00;36:*.flac=00;36:*.m4a=00;36:*.mid=00;36:*.midi=00;36:*.mka=00;36:*.mp3=00;36:*.mpc=00;36:*.ogg=00;36:*.ra=00;36:*.wav=00;36:*.oga=00;36:*.opus=00;36:*.spx=00;36:*.xspf=00;36:*~=00;90:*#=00;90:*.bak=00;90:*.crdownload=00;90:*.dpkg-dist=00;90:*.dpkg-new=00;90:*.dpkg-old=00;90:*.dpkg-tmp=00;90:*.old=00;90:*.orig=00;90:*.part=00;90:*.rej=00;90:*.rpmnew=00;90:*.rpmorig=00;90:*.rpmsave=00;90:*.swp=00;90:*.tmp=00;90:*.ucf-dist=00;90:*.ucf-new=00;90:*.ucf-old=00;90:', 'VSCODE_GIT_IPC_HANDLE': '/run/user/1000/vscode-git-466a10eeed.sock', 'GNOME_TERMINAL_SERVICE': ':1.153', 'TERM_PROGRAM': 'vscode', 'SSH_AUTH_SOCK': '/run/user/1000/keyring/ssh', 'AMENT_PREFIX_PATH': '/home/upo/turtlebot3_ws/install/userCommunication:/home/upo/turtlebot3_ws/install/turtlebot3:/home/upo/turtlebot3_ws/install/turtlebot3_teleop:/home/upo/turtlebot3_ws/install/turtlebot3_simulations:/home/upo/turtlebot3_ws/install/turtlebot3_bringup:/home/upo/turtlebot3_ws/install/turtlebot3_node:/home/upo/turtlebot3_ws/install/turtlebot3_navigation2:/home/upo/turtlebot3_ws/install/turtlebot3_gazebo:/home/upo/turtlebot3_ws/install/turtlebot3_fake_node:/home/upo/turtlebot3_ws/install/turtlebot3_example:/home/upo/turtlebot3_ws/install/turtlebot3_description:/home/upo/turtlebot3_ws/install/turtlebot3_cartographer:/home/upo/turtlebot3_ws/install/robotMovement:/home/upo/turtlebot3_ws/install/robotCommunication:/home/upo/turtlebot3_ws/install/VLMProcessing:/home/upo/turtlebot3_ws/install/interfaces:/opt/ros/jazzy', 'SHELL': '/bin/bash', 'QT_ACCESSIBILITY': '1', 'GDMSESSION': 'ubuntu', 'LESSCLOSE': '/usr/bin/lesspipe %s %s', 'GPG_AGENT_INFO': '/run/user/1000/gnupg/S.gpg-agent:0:1', 'ROS_AUTOMATIC_DISCOVERY_RANGE': 'SUBNET', 'VSCODE_GIT_ASKPASS_EXTRA_ARGS': '', 'QT_IM_MODULE': 'ibus', 'PWD': '/home/upo/TFG/ros2_ws/build/interfaces', 'TURTLEBOT3_MODEL': 'waffle', 'LC_ALL': 'en_US.UTF-8', 'XDG_CONFIG_DIRS': '/etc/xdg/xdg-ubuntu:/etc/xdg', 'COPILOT_DEBUG_NONCE': 'b1d28ae3d882b8fabe7a3762c8804e8c', 'DBUS_STARTER_ADDRESS': 'unix:path=/run/user/1000/bus,guid=363d1e468aca3fabeca0c6d56a4df74b', 'XDG_DATA_DIRS': '/usr/share/ubuntu:/usr/share/gnome:/home/upo/.local/share/flatpak/exports/share:/var/lib/flatpak/exports/share:/usr/local/share/:/usr/share/:/var/lib/snapd/desktop', 'PYTHONPATH': '/home/upo/turtlebot3_ws/install/userCommunication/lib/python3.12/site-packages:/home/upo/turtlebot3_ws/build/turtlebot3_teleop:/home/upo/turtlebot3_ws/install/turtlebot3_teleop/lib/python3.12/site-packages:/home/upo/turtlebot3_ws/build/turtlebot3_example:/home/upo/turtlebot3_ws/install/turtlebot3_example/lib/python3.12/site-packages:/home/upo/turtlebot3_ws/install/robotMovement/lib/python3.12/site-packages:/home/upo/turtlebot3_ws/install/robotCommunication/lib/python3.12/site-packages:/home/upo/turtlebot3_ws/install/VLMProcessing/lib/python3.12/site-packages:/home/upo/turtlebot3_ws/install/interfaces/lib/python3.12/site-packages:/opt/ros/jazzy/lib/python3.12/site-packages', 'COLCON': '1', 'MEMORY_PRESSURE_WRITE': 'c29tZSAyMDAwMDAgMjAwMDAwMAA=', 'VTE_VERSION': '7600', 'CMAKE_PREFIX_PATH': '/home/upo/turtlebot3_ws/install/turtlebot3:/home/upo/turtlebot3_ws/install/turtlebot3_simulations:/home/upo/turtlebot3_ws/install/turtlebot3_bringup:/home/upo/turtlebot3_ws/install/turtlebot3_node:/home/upo/turtlebot3_ws/install/turtlebot3_navigation2:/home/upo/turtlebot3_ws/install/turtlebot3_gazebo:/home/upo/turtlebot3_ws/install/turtlebot3_fake_node:/home/upo/turtlebot3_ws/install/turtlebot3_description:/home/upo/turtlebot3_ws/install/turtlebot3_cartographer:/home/upo/turtlebot3_ws/install/interfaces:/opt/ros/jazzy/opt/gz_sim_vendor:/opt/ros/jazzy/opt/gz_sensors_vendor:/opt/ros/jazzy/opt/gz_physics_vendor:/opt/ros/jazzy/opt/sdformat_vendor:/opt/ros/jazzy/opt/gz_gui_vendor:/opt/ros/jazzy/opt/gz_transport_vendor:/opt/ros/jazzy/opt/gz_rendering_vendor:/opt/ros/jazzy/opt/gz_plugin_vendor:/opt/ros/jazzy/opt/gz_fuel_tools_vendor:/opt/ros/jazzy/opt/gz_msgs_vendor:/opt/ros/jazzy/opt/gz_common_vendor:/opt/ros/jazzy/opt/gz_math_vendor:/opt/ros/jazzy/opt/gz_utils_vendor:/opt/ros/jazzy/opt/gz_tools_vendor:/opt/ros/jazzy/opt/gz_ogre_next_vendor:/opt/ros/jazzy/opt/gz_dartsim_vendor:/opt/ros/jazzy/opt/gz_cmake_vendor:/home/upo/turtlebot3_ws/install/userCommunication:/home/upo/turtlebot3_ws/install/turtlebot3_teleop:/home/upo/turtlebot3_ws/install/turtlebot3_example:/home/upo/turtlebot3_ws/install/robotMovement:/home/upo/turtlebot3_ws/install/robotCommunication:/home/upo/turtlebot3_ws/install/VLMProcessing:/opt/ros/jazzy'}), 'shell': False}
[0.097131] (interfaces) StdoutLine: {'line': b'[  2%] Built target interfaces__rosidl_generator_type_description\n'}
[0.097550] (interfaces) StdoutLine: {'line': b'[  2%] Built target interfaces__rs\n'}
[0.099805] (-) TimerEvent: {}
[0.110034] (interfaces) StdoutLine: {'line': b'[  2%] Built target ament_cmake_python_symlink_interfaces\n'}
[0.129233] (interfaces) StdoutLine: {'line': b'[  4%] Built target interfaces__cpp\n'}
[0.130674] (interfaces) StdoutLine: {'line': b'[ 26%] Built target interfaces__rosidl_generator_c\n'}
[0.167104] (interfaces) StdoutLine: {'line': b'[ 54%] Built target interfaces__rosidl_typesupport_introspection_cpp\n'}
[0.167358] (interfaces) StdoutLine: {'line': b'[ 54%] Built target interfaces__rosidl_typesupport_introspection_c\n'}
[0.167563] (interfaces) StdoutLine: {'line': b'[ 54%] Built target interfaces__rosidl_typesupport_fastrtps_c\n'}
[0.168017] (interfaces) StdoutLine: {'line': b'[ 64%] Built target interfaces__rosidl_typesupport_c\n'}
[0.168866] (interfaces) StdoutLine: {'line': b'[ 73%] Built target interfaces__rosidl_typesupport_cpp\n'}
[0.169257] (interfaces) StdoutLine: {'line': b'[ 82%] Built target interfaces__rosidl_typesupport_fastrtps_cpp\n'}
[0.197476] (interfaces) StdoutLine: {'line': b'[ 82%] Built target interfaces\n'}
[0.199888] (-) TimerEvent: {}
[0.234044] (interfaces) StdoutLine: {'line': b'[ 84%] Built target interfaces__py\n'}
[0.266860] (interfaces) StdoutLine: {'line': b'[ 92%] Built target interfaces__rosidl_generator_py\n'}
[0.299282] (interfaces) StdoutLine: {'line': b'[ 94%] Built target interfaces_s__rosidl_typesupport_fastrtps_c\n'}
[0.299966] (-) TimerEvent: {}
[0.300822] (interfaces) StdoutLine: {'line': b'[100%] Built target interfaces_s__rosidl_typesupport_c\n'}
[0.301028] (interfaces) StdoutLine: {'line': b'[100%] Built target interfaces_s__rosidl_typesupport_introspection_c\n'}
[0.386984] (interfaces) StdoutLine: {'line': b'running egg_info\n'}
[0.400077] (-) TimerEvent: {}
[0.412158] (interfaces) StdoutLine: {'line': b'writing interfaces.egg-info/PKG-INFO\n'}
[0.412413] (interfaces) StdoutLine: {'line': b'writing dependency_links to interfaces.egg-info/dependency_links.txt\n'}
[0.412664] (interfaces) StdoutLine: {'line': b'writing top-level names to interfaces.egg-info/top_level.txt\n'}
[0.484511] (interfaces) StdoutLine: {'line': b"reading manifest file 'interfaces.egg-info/SOURCES.txt'\n"}
[0.484932] (interfaces) StdoutLine: {'line': b"writing manifest file 'interfaces.egg-info/SOURCES.txt'\n"}
[0.500254] (-) TimerEvent: {}
[0.548857] (interfaces) StdoutLine: {'line': b'[100%] Built target ament_cmake_python_build_interfaces_egg\n'}
[0.566646] (interfaces) CommandEnded: {'returncode': 0}
[0.567715] (interfaces) JobProgress: {'identifier': 'interfaces', 'progress': 'install'}
[0.580274] (interfaces) Command: {'cmd': ['/usr/bin/cmake', '--install', '/home/upo/TFG/ros2_ws/build/interfaces'], 'cwd': '/home/upo/TFG/ros2_ws/build/interfaces', 'env': OrderedDict({'LESSOPEN': '| /usr/bin/lesspipe %s', 'GZ_SIM_RESOURCE_PATH': '/opt/ros/jazzy/share', 'USER': 'upo', 'GZ_CONFIG_PATH': '/opt/ros/jazzy/opt/gz_sim_vendor/share/gz:/opt/ros/jazzy/opt/sdformat_vendor/share/gz:/opt/ros/jazzy/opt/gz_gui_vendor/share/gz:/opt/ros/jazzy/opt/gz_transport_vendor/share/gz:/opt/ros/jazzy/opt/gz_rendering_vendor/share/gz:/opt/ros/jazzy/opt/gz_plugin_vendor/share/gz:/opt/ros/jazzy/opt/gz_fuel_tools_vendor/share/gz:/opt/ros/jazzy/opt/gz_msgs_vendor/share/gz:/opt/ros/jazzy/opt/gz_common_vendor/share/gz', 'XDG_SESSION_TYPE': 'x11', 'GIT_ASKPASS': '/usr/share/code/resources/app/extensions/git/dist/askpass.sh', 'SHLVL': '3', 'LD_LIBRARY_PATH': '/home/upo/turtlebot3_ws/install/interfaces/lib:/opt/ros/jazzy/opt/gz_sim_vendor/lib:/opt/ros/jazzy/opt/gz_sensors_vendor/lib:/opt/ros/jazzy/opt/gz_physics_vendor/lib:/opt/ros/jazzy/opt/sdformat_vendor/lib:/opt/ros/jazzy/opt/rviz_ogre_vendor/lib:/opt/ros/jazzy/lib/x86_64-linux-gnu:/opt/ros/jazzy/opt/gz_gui_vendor/lib:/opt/ros/jazzy/opt/gz_transport_vendor/lib:/opt/ros/jazzy/opt/gz_rendering_vendor/lib:/opt/ros/jazzy/opt/gz_plugin_vendor/lib:/opt/ros/jazzy/opt/gz_fuel_tools_vendor/lib:/opt/ros/jazzy/opt/gz_msgs_vendor/lib:/opt/ros/jazzy/opt/gz_common_vendor/lib:/opt/ros/jazzy/opt/gz_math_vendor/lib:/opt/ros/jazzy/opt/gz_utils_vendor/lib:/opt/ros/jazzy/opt/gz_tools_vendor/lib:/opt/ros/jazzy/opt/gz_ogre_next_vendor/lib:/opt/ros/jazzy/opt/gz_dartsim_vendor/lib:/opt/ros/jazzy/opt/gz_cmake_vendor/lib:/opt/ros/jazzy/lib', 'HOME': '/home/upo', 'CHROME_DESKTOP': 'code.desktop', 'OLDPWD': '/home/upo/TFG', 'TERM_PROGRAM_VERSION': '1.126.0', 'DESKTOP_SESSION': 'ubuntu', 'ROS_PYTHON_VERSION': '3', 'GNOME_SHELL_SESSION_MODE': 'ubuntu', 'GTK_MODULES': 'gail:atk-bridge', 'VSCODE_GIT_ASKPASS_MAIN': '/usr/share/code/resources/app/extensions/git/dist/askpass-main.js', 'VSCODE_GIT_ASKPASS_NODE': '/usr/share/code/code', 'DBUS_STARTER_BUS_TYPE': 'session', 'SYSTEMD_EXEC_PID': '2495', 'VSCODE_PYTHON_AUTOACTIVATE_GUARD': '1', 'GSM_SKIP_SSH_AGENT_WORKAROUND': 'true', 'DBUS_SESSION_BUS_ADDRESS': 'unix:path=/run/user/1000/bus,guid=363d1e468aca3fabeca0c6d56a4df74b', 'COLORTERM': 'truecolor', 'DEBUGINFOD_URLS': 'https://debuginfod.ubuntu.com', 'COLCON_PREFIX_PATH': '/home/upo/turtlebot3_ws/install', 'ROS_DISTRO': 'jazzy', 'LOGNAME': 'upo', '_': '/usr/bin/colcon', 'ROS_VERSION': '2', 'MEMORY_PRESSURE_WATCH': '/sys/fs/cgroup/user.slice/user-1000.slice/user@1000.service/app.slice/app-gnome\\x2dsession\\x2dmanager.slice/gnome-session-manager@ubuntu.service/memory.pressure', 'CLAUDE_CODE_SSE_PORT': '55408', 'XDG_SESSION_CLASS': 'user', 'USERNAME': 'upo', 'TERM': 'xterm-256color', 'GNOME_DESKTOP_SESSION_ID': 'this-is-deprecated', 'FC_FONTATIONS': '1', 'WINDOWPATH': '2', 'PATH': '/home/upo/platform-tools:/home/upo/.npm-global/bin:/home/upo/.config/Code/User/globalStorage/github.copilot-chat/debugCommand:/home/upo/.config/Code/User/globalStorage/github.copilot-chat/copilotCli:/opt/ros/jazzy/opt/gz_msgs_vendor/bin:/opt/ros/jazzy/opt/gz_tools_vendor/bin:/opt/ros/jazzy/opt/gz_ogre_next_vendor/bin:/opt/ros/jazzy/bin:/home/upo/platform-tools:/home/upo/.npm-global/bin:/home/upo/.local/bin:/usr/local/sbin:/usr/local/bin:/usr/sbin:/usr/bin:/sbin:/bin:/usr/games:/usr/local/games:/snap/bin:/snap/bin', 'SESSION_MANAGER': 'local/upo-ASUS-TUF-Gaming-A15-FA507RR-TUF507RR:@/tmp/.ICE-unix/2495,unix/upo-ASUS-TUF-Gaming-A15-FA507RR-TUF507RR:/tmp/.ICE-unix/2495', 'XDG_MENU_PREFIX': 'gnome-', 'GNOME_TERMINAL_SCREEN': '/org/gnome/Terminal/screen/2478bdcd_4a6f_4f09_acc2_ea0ad9e073f2', 'XDG_RUNTIME_DIR': '/run/user/1000', 'GDK_BACKEND': 'x11', 'DISPLAY': ':0', 'LANG': 'en_US.UTF-8', 'XDG_CURRENT_DESKTOP': 'ubuntu:GNOME', 'XMODIFIERS': '@im=ibus', 'XDG_SESSION_DESKTOP': 'ubuntu', 'XAUTHORITY': '/run/user/1000/gdm/Xauthority', 'LS_COLORS': 'rs=0:di=01;34:ln=01;36:mh=00:pi=40;33:so=01;35:do=01;35:bd=40;33;01:cd=40;33;01:or=40;31;01:mi=00:su=37;41:sg=30;43:ca=00:tw=30;42:ow=34;42:st=37;44:ex=01;32:*.tar=01;31:*.tgz=01;31:*.arc=01;31:*.arj=01;31:*.taz=01;31:*.lha=01;31:*.lz4=01;31:*.lzh=01;31:*.lzma=01;31:*.tlz=01;31:*.txz=01;31:*.tzo=01;31:*.t7z=01;31:*.zip=01;31:*.z=01;31:*.dz=01;31:*.gz=01;31:*.lrz=01;31:*.lz=01;31:*.lzo=01;31:*.xz=01;31:*.zst=01;31:*.tzst=01;31:*.bz2=01;31:*.bz=01;31:*.tbz=01;31:*.tbz2=01;31:*.tz=01;31:*.deb=01;31:*.rpm=01;31:*.jar=01;31:*.war=01;31:*.ear=01;31:*.sar=01;31:*.rar=01;31:*.alz=01;31:*.ace=01;31:*.zoo=01;31:*.cpio=01;31:*.7z=01;31:*.rz=01;31:*.cab=01;31:*.wim=01;31:*.swm=01;31:*.dwm=01;31:*.esd=01;31:*.avif=01;35:*.jpg=01;35:*.jpeg=01;35:*.mjpg=01;35:*.mjpeg=01;35:*.gif=01;35:*.bmp=01;35:*.pbm=01;35:*.pgm=01;35:*.ppm=01;35:*.tga=01;35:*.xbm=01;35:*.xpm=01;35:*.tif=01;35:*.tiff=01;35:*.png=01;35:*.svg=01;35:*.svgz=01;35:*.mng=01;35:*.pcx=01;35:*.mov=01;35:*.mpg=01;35:*.mpeg=01;35:*.m2v=01;35:*.mkv=01;35:*.webm=01;35:*.webp=01;35:*.ogm=01;35:*.mp4=01;35:*.m4v=01;35:*.mp4v=01;35:*.vob=01;35:*.qt=01;35:*.nuv=01;35:*.wmv=01;35:*.asf=01;35:*.rm=01;35:*.rmvb=01;35:*.flc=01;35:*.avi=01;35:*.fli=01;35:*.flv=01;35:*.gl=01;35:*.dl=01;35:*.xcf=01;35:*.xwd=01;35:*.yuv=01;35:*.cgm=01;35:*.emf=01;35:*.ogv=01;35:*.ogx=01;35:*.aac=00;36:*.au=00;36:*.flac=00;36:*.m4a=00;36:*.mid=00;36:*.midi=00;36:*.mka=00;36:*.mp3=00;36:*.mpc=00;36:*.ogg=00;36:*.ra=00;36:*.wav=00;36:*.oga=00;36:*.opus=00;36:*.spx=00;36:*.xspf=00;36:*~=00;90:*#=00;90:*.bak=00;90:*.crdownload=00;90:*.dpkg-dist=00;90:*.dpkg-new=00;90:*.dpkg-old=00;90:*.dpkg-tmp=00;90:*.old=00;90:*.orig=00;90:*.part=00;90:*.rej=00;90:*.rpmnew=00;90:*.rpmorig=00;90:*.rpmsave=00;90:*.swp=00;90:*.tmp=00;90:*.ucf-dist=00;90:*.ucf-new=00;90:*.ucf-old=00;90:', 'VSCODE_GIT_IPC_HANDLE': '/run/user/1000/vscode-git-466a10eeed.sock', 'GNOME_TERMINAL_SERVICE': ':1.153', 'TERM_PROGRAM': 'vscode', 'SSH_AUTH_SOCK': '/run/user/1000/keyring/ssh', 'AMENT_PREFIX_PATH': '/home/upo/turtlebot3_ws/install/userCommunication:/home/upo/turtlebot3_ws/install/turtlebot3:/home/upo/turtlebot3_ws/install/turtlebot3_teleop:/home/upo/turtlebot3_ws/install/turtlebot3_simulations:/home/upo/turtlebot3_ws/install/turtlebot3_bringup:/home/upo/turtlebot3_ws/install/turtlebot3_node:/home/upo/turtlebot3_ws/install/turtlebot3_navigation2:/home/upo/turtlebot3_ws/install/turtlebot3_gazebo:/home/upo/turtlebot3_ws/install/turtlebot3_fake_node:/home/upo/turtlebot3_ws/install/turtlebot3_example:/home/upo/turtlebot3_ws/install/turtlebot3_description:/home/upo/turtlebot3_ws/install/turtlebot3_cartographer:/home/upo/turtlebot3_ws/install/robotMovement:/home/upo/turtlebot3_ws/install/robotCommunication:/home/upo/turtlebot3_ws/install/VLMProcessing:/home/upo/turtlebot3_ws/install/interfaces:/opt/ros/jazzy', 'SHELL': '/bin/bash', 'QT_ACCESSIBILITY': '1', 'GDMSESSION': 'ubuntu', 'LESSCLOSE': '/usr/bin/lesspipe %s %s', 'GPG_AGENT_INFO': '/run/user/1000/gnupg/S.gpg-agent:0:1', 'ROS_AUTOMATIC_DISCOVERY_RANGE': 'SUBNET', 'VSCODE_GIT_ASKPASS_EXTRA_ARGS': '', 'QT_IM_MODULE': 'ibus', 'PWD': '/home/upo/TFG/ros2_ws/build/interfaces', 'TURTLEBOT3_MODEL': 'waffle', 'LC_ALL': 'en_US.UTF-8', 'XDG_CONFIG_DIRS': '/etc/xdg/xdg-ubuntu:/etc/xdg', 'COPILOT_DEBUG_NONCE': 'b1d28ae3d882b8fabe7a3762c8804e8c', 'DBUS_STARTER_ADDRESS': 'unix:path=/run/user/1000/bus,guid=363d1e468aca3fabeca0c6d56a4df74b', 'XDG_DATA_DIRS': '/usr/share/ubuntu:/usr/share/gnome:/home/upo/.local/share/flatpak/exports/share:/var/lib/flatpak/exports/share:/usr/local/share/:/usr/share/:/var/lib/snapd/desktop', 'PYTHONPATH': '/home/upo/turtlebot3_ws/install/userCommunication/lib/python3.12/site-packages:/home/upo/turtlebot3_ws/build/turtlebot3_teleop:/home/upo/turtlebot3_ws/install/turtlebot3_teleop/lib/python3.12/site-packages:/home/upo/turtlebot3_ws/build/turtlebot3_example:/home/upo/turtlebot3_ws/install/turtlebot3_example/lib/python3.12/site-packages:/home/upo/turtlebot3_ws/install/robotMovement/lib/python3.12/site-packages:/home/upo/turtlebot3_ws/install/robotCommunication/lib/python3.12/site-packages:/home/upo/turtlebot3_ws/install/VLMProcessing/lib/python3.12/site-packages:/home/upo/turtlebot3_ws/install/interfaces/lib/python3.12/site-packages:/opt/ros/jazzy/lib/python3.12/site-packages', 'COLCON': '1', 'MEMORY_PRESSURE_WRITE': 'c29tZSAyMDAwMDAgMjAwMDAwMAA=', 'VTE_VERSION': '7600', 'CMAKE_PREFIX_PATH': '/home/upo/turtlebot3_ws/install/turtlebot3:/home/upo/turtlebot3_ws/install/turtlebot3_simulations:/home/upo/turtlebot3_ws/install/turtlebot3_bringup:/home/upo/turtlebot3_ws/install/turtlebot3_node:/home/upo/turtlebot3_ws/install/turtlebot3_navigation2:/home/upo/turtlebot3_ws/install/turtlebot3_gazebo:/home/upo/turtlebot3_ws/install/turtlebot3_fake_node:/home/upo/turtlebot3_ws/install/turtlebot3_description:/home/upo/turtlebot3_ws/install/turtlebot3_cartographer:/home/upo/turtlebot3_ws/install/interfaces:/opt/ros/jazzy/opt/gz_sim_vendor:/opt/ros/jazzy/opt/gz_sensors_vendor:/opt/ros/jazzy/opt/gz_physics_vendor:/opt/ros/jazzy/opt/sdformat_vendor:/opt/ros/jazzy/opt/gz_gui_vendor:/opt/ros/jazzy/opt/gz_transport_vendor:/opt/ros/jazzy/opt/gz_rendering_vendor:/opt/ros/jazzy/opt/gz_plugin_vendor:/opt/ros/jazzy/opt/gz_fuel_tools_vendor:/opt/ros/jazzy/opt/gz_msgs_vendor:/opt/ros/jazzy/opt/gz_common_vendor:/opt/ros/jazzy/opt/gz_math_vendor:/opt/ros/jazzy/opt/gz_utils_vendor:/opt/ros/jazzy/opt/gz_tools_vendor:/opt/ros/jazzy/opt/gz_ogre_next_vendor:/opt/ros/jazzy/opt/gz_dartsim_vendor:/opt/ros/jazzy/opt/gz_cmake_vendor:/home/upo/turtlebot3_ws/install/userCommunication:/home/upo/turtlebot3_ws/install/turtlebot3_teleop:/home/upo/turtlebot3_ws/install/turtlebot3_example:/home/upo/turtlebot3_ws/install/robotMovement:/home/upo/turtlebot3_ws/install/robotCommunication:/home/upo/turtlebot3_ws/install/VLMProcessing:/opt/ros/jazzy'}), 'shell': False}
[0.592539] (interfaces) StdoutLine: {'line': b'-- Install configuration: ""\n'}
[0.593111] (interfaces) StdoutLine: {'line': b'-- Execute custom install script\n'}
[0.593384] (interfaces) StdoutLine: {'line': b'-- Up-to-date symlink: /home/upo/TFG/ros2_ws/install/interfaces/share/ament_index/resource_index/rosidl_interfaces/interfaces\n'}
[0.593628] (interfaces) StdoutLine: {'line': b'-- Up-to-date symlink: /home/upo/TFG/ros2_ws/install/interfaces/share/interfaces/msg/Goal.json\n'}
[0.593806] (interfaces) StdoutLine: {'line': b'-- Up-to-date symlink: /home/upo/TFG/ros2_ws/install/interfaces/share/interfaces/msg/ComboImage.json\n'}
[0.593991] (interfaces) StdoutLine: {'line': b'-- Up-to-date symlink: /home/upo/TFG/ros2_ws/install/interfaces/share/interfaces/msg/Request.json\n'}
[0.594183] (interfaces) StdoutLine: {'line': b'-- Up-to-date symlink: /home/upo/TFG/ros2_ws/install/interfaces/share/interfaces/msg/Response.json\n'}
[0.594345] (interfaces) StdoutLine: {'line': b'-- Up-to-date symlink: /home/upo/TFG/ros2_ws/install/interfaces/share/interfaces/action/Move.json\n'}
[0.594938] (interfaces) StdoutLine: {'line': b'-- Up-to-date symlink: /home/upo/TFG/ros2_ws/install/interfaces/include/interfaces/interfaces/action/detail/move__functions.h\n'}
[0.595044] (interfaces) StdoutLine: {'line': b'-- Up-to-date symlink: /home/upo/TFG/ros2_ws/install/interfaces/include/interfaces/interfaces/action/detail/move__struct.h\n'}
[0.595175] (interfaces) StdoutLine: {'line': b'-- Up-to-date symlink: /home/upo/TFG/ros2_ws/install/interfaces/include/interfaces/interfaces/action/detail/move__type_support.h\n'}
[0.595333] (interfaces) StdoutLine: {'line': b'-- Up-to-date symlink: /home/upo/TFG/ros2_ws/install/interfaces/include/interfaces/interfaces/action/move.h\n'}
[0.595517] (interfaces) StdoutLine: {'line': b'-- Up-to-date symlink: /home/upo/TFG/ros2_ws/install/interfaces/include/interfaces/interfaces/msg/combo_image.h\n'}
[0.595641] (interfaces) StdoutLine: {'line': b'-- Up-to-date symlink: /home/upo/TFG/ros2_ws/install/interfaces/include/interfaces/interfaces/msg/detail/combo_image__functions.h\n'}
[0.595763] (interfaces) StdoutLine: {'line': b'-- Up-to-date symlink: /home/upo/TFG/ros2_ws/install/interfaces/include/interfaces/interfaces/msg/detail/combo_image__struct.h\n'}
[0.595884] (interfaces) StdoutLine: {'line': b'-- Up-to-date symlink: /home/upo/TFG/ros2_ws/install/interfaces/include/interfaces/interfaces/msg/detail/combo_image__type_support.h\n'}
[0.595990] (interfaces) StdoutLine: {'line': b'-- Up-to-date symlink: /home/upo/TFG/ros2_ws/install/interfaces/include/interfaces/interfaces/msg/detail/goal__functions.h\n'}
[0.596096] (interfaces) StdoutLine: {'line': b'-- Up-to-date symlink: /home/upo/TFG/ros2_ws/install/interfaces/include/interfaces/interfaces/msg/detail/goal__struct.h\n'}
[0.596199] (interfaces) StdoutLine: {'line': b'-- Up-to-date symlink: /home/upo/TFG/ros2_ws/install/interfaces/include/interfaces/interfaces/msg/detail/goal__type_support.h\n'}
[0.596315] (interfaces) StdoutLine: {'line': b'-- Up-to-date symlink: /home/upo/TFG/ros2_ws/install/interfaces/include/interfaces/interfaces/msg/detail/request__functions.h\n'}
[0.596465] (interfaces) StdoutLine: {'line': b'-- Up-to-date symlink: /home/upo/TFG/ros2_ws/install/interfaces/include/interfaces/interfaces/msg/detail/request__struct.h\n'}
[0.596614] (interfaces) StdoutLine: {'line': b'-- Up-to-date symlink: /home/upo/TFG/ros2_ws/install/interfaces/include/interfaces/interfaces/msg/detail/request__type_support.h\n'}
[0.596775] (interfaces) StdoutLine: {'line': b'-- Up-to-date symlink: /home/upo/TFG/ros2_ws/install/interfaces/include/interfaces/interfaces/msg/detail/response__functions.h\n'}
[0.596993] (interfaces) StdoutLine: {'line': b'-- Up-to-date symlink: /home/upo/TFG/ros2_ws/install/interfaces/include/interfaces/interfaces/msg/detail/response__struct.h\n'}
[0.597236] (interfaces) StdoutLine: {'line': b'-- Up-to-date symlink: /home/upo/TFG/ros2_ws/install/interfaces/include/interfaces/interfaces/msg/detail/response__type_support.h\n'}
[0.597502] (interfaces) StdoutLine: {'line': b'-- Up-to-date symlink: /home/upo/TFG/ros2_ws/install/interfaces/include/interfaces/interfaces/msg/goal.h\n'}
[0.597780] (interfaces) StdoutLine: {'line': b'-- Up-to-date symlink: /home/upo/TFG/ros2_ws/install/interfaces/include/interfaces/interfaces/msg/request.h\n'}
[0.597930] (interfaces) StdoutLine: {'line': b'-- Up-to-date symlink: /home/upo/TFG/ros2_ws/install/interfaces/include/interfaces/interfaces/msg/response.h\n'}
[0.598055] (interfaces) StdoutLine: {'line': b'-- Up-to-date symlink: /home/upo/TFG/ros2_ws/install/interfaces/include/interfaces/interfaces/msg/rosidl_generator_c__visibility_control.h\n'}
[0.598154] (interfaces) StdoutLine: {'line': b'-- Up-to-date symlink: /home/upo/TFG/ros2_ws/install/interfaces/share/interfaces/environment/library_path.sh\n'}
[0.598258] (interfaces) StdoutLine: {'line': b'-- Up-to-date symlink: /home/upo/TFG/ros2_ws/install/interfaces/share/interfaces/environment/library_path.dsv\n'}
[0.598684] (interfaces) StdoutLine: {'line': b'-- Up-to-date symlink: /home/upo/TFG/ros2_ws/install/interfaces/include/interfaces/interfaces/action/detail/move__rosidl_typesupport_fastrtps_c.h\n'}
[0.598856] (interfaces) StdoutLine: {'line': b'-- Up-to-date symlink: /home/upo/TFG/ros2_ws/install/interfaces/include/interfaces/interfaces/msg/detail/combo_image__rosidl_typesupport_fastrtps_c.h\n'}
[0.599025] (interfaces) StdoutLine: {'line': b'-- Up-to-date symlink: /home/upo/TFG/ros2_ws/install/interfaces/include/interfaces/interfaces/msg/detail/goal__rosidl_typesupport_fastrtps_c.h\n'}
[0.599156] (interfaces) StdoutLine: {'line': b'-- Up-to-date symlink: /home/upo/TFG/ros2_ws/install/interfaces/include/interfaces/interfaces/msg/detail/request__rosidl_typesupport_fastrtps_c.h\n'}
[0.599326] (interfaces) StdoutLine: {'line': b'-- Up-to-date symlink: /home/upo/TFG/ros2_ws/install/interfaces/include/interfaces/interfaces/msg/detail/response__rosidl_typesupport_fastrtps_c.h\n'}
[0.599527] (interfaces) StdoutLine: {'line': b'-- Up-to-date symlink: /home/upo/TFG/ros2_ws/install/interfaces/include/interfaces/interfaces/msg/rosidl_typesupport_fastrtps_c__visibility_control.h\n'}
[0.600196] (interfaces) StdoutLine: {'line': b'-- Up-to-date symlink: /home/upo/TFG/ros2_ws/install/interfaces/include/interfaces/interfaces/action/detail/move__builder.hpp\n'}
[0.600312] (-) TimerEvent: {}
[0.600468] (interfaces) StdoutLine: {'line': b'-- Up-to-date symlink: /home/upo/TFG/ros2_ws/install/interfaces/include/interfaces/interfaces/action/detail/move__struct.hpp\n'}
[0.600587] (interfaces) StdoutLine: {'line': b'-- Up-to-date symlink: /home/upo/TFG/ros2_ws/install/interfaces/include/interfaces/interfaces/action/detail/move__traits.hpp\n'}
[0.600692] (interfaces) StdoutLine: {'line': b'-- Up-to-date symlink: /home/upo/TFG/ros2_ws/install/interfaces/include/interfaces/interfaces/action/detail/move__type_support.hpp\n'}
[0.600812] (interfaces) StdoutLine: {'line': b'-- Up-to-date symlink: /home/upo/TFG/ros2_ws/install/interfaces/include/interfaces/interfaces/action/move.hpp\n'}
[0.600930] (interfaces) StdoutLine: {'line': b'-- Up-to-date symlink: /home/upo/TFG/ros2_ws/install/interfaces/include/interfaces/interfaces/msg/combo_image.hpp\n'}
[0.601072] (interfaces) StdoutLine: {'line': b'-- Up-to-date symlink: /home/upo/TFG/ros2_ws/install/interfaces/include/interfaces/interfaces/msg/detail/combo_image__builder.hpp\n'}
[0.601236] (interfaces) StdoutLine: {'line': b'-- Up-to-date symlink: /home/upo/TFG/ros2_ws/install/interfaces/include/interfaces/interfaces/msg/detail/combo_image__struct.hpp\n'}
[0.601399] (interfaces) StdoutLine: {'line': b'-- Up-to-date symlink: /home/upo/TFG/ros2_ws/install/interfaces/include/interfaces/interfaces/msg/detail/combo_image__traits.hpp\n'}
[0.601549] (interfaces) StdoutLine: {'line': b'-- Up-to-date symlink: /home/upo/TFG/ros2_ws/install/interfaces/include/interfaces/interfaces/msg/detail/combo_image__type_support.hpp\n'}
[0.601663] (interfaces) StdoutLine: {'line': b'-- Up-to-date symlink: /home/upo/TFG/ros2_ws/install/interfaces/include/interfaces/interfaces/msg/detail/goal__builder.hpp\n'}
[0.601911] (interfaces) StdoutLine: {'line': b'-- Up-to-date symlink: /home/upo/TFG/ros2_ws/install/interfaces/include/interfaces/interfaces/msg/detail/goal__struct.hpp\n'}
[0.602036] (interfaces) StdoutLine: {'line': b'-- Up-to-date symlink: /home/upo/TFG/ros2_ws/install/interfaces/include/interfaces/interfaces/msg/detail/goal__traits.hpp\n'}
[0.602187] (interfaces) StdoutLine: {'line': b'-- Up-to-date symlink: /home/upo/TFG/ros2_ws/install/interfaces/include/interfaces/interfaces/msg/detail/goal__type_support.hpp\n'}
[0.602330] (interfaces) StdoutLine: {'line': b'-- Up-to-date symlink: /home/upo/TFG/ros2_ws/install/interfaces/include/interfaces/interfaces/msg/detail/request__builder.hpp\n'}
[0.602481] (interfaces) StdoutLine: {'line': b'-- Up-to-date symlink: /home/upo/TFG/ros2_ws/install/interfaces/include/interfaces/interfaces/msg/detail/request__struct.hpp\n'}
[0.602792] (interfaces) StdoutLine: {'line': b'-- Up-to-date symlink: /home/upo/TFG/ros2_ws/install/interfaces/include/interfaces/interfaces/msg/detail/request__traits.hpp\n'}
[0.602937] (interfaces) StdoutLine: {'line': b'-- Up-to-date symlink: /home/upo/TFG/ros2_ws/install/interfaces/include/interfaces/interfaces/msg/detail/request__type_support.hpp\n'}
[0.603041] (interfaces) StdoutLine: {'line': b'-- Up-to-date symlink: /home/upo/TFG/ros2_ws/install/interfaces/include/interfaces/interfaces/msg/detail/response__builder.hpp\n'}
[0.603177] (interfaces) StdoutLine: {'line': b'-- Up-to-date symlink: /home/upo/TFG/ros2_ws/install/interfaces/include/interfaces/interfaces/msg/detail/response__struct.hpp\n'}
[0.603384] (interfaces) StdoutLine: {'line': b'-- Up-to-date symlink: /home/upo/TFG/ros2_ws/install/interfaces/include/interfaces/interfaces/msg/detail/response__traits.hpp\n'}
[0.603706] (interfaces) StdoutLine: {'line': b'-- Up-to-date symlink: /home/upo/TFG/ros2_ws/install/interfaces/include/interfaces/interfaces/msg/detail/response__type_support.hpp\n'}
[0.603903] (interfaces) StdoutLine: {'line': b'-- Up-to-date symlink: /home/upo/TFG/ros2_ws/install/interfaces/include/interfaces/interfaces/msg/goal.hpp\n'}
[0.604034] (interfaces) StdoutLine: {'line': b'-- Up-to-date symlink: /home/upo/TFG/ros2_ws/install/interfaces/include/interfaces/interfaces/msg/request.hpp\n'}
[0.604120] (interfaces) StdoutLine: {'line': b'-- Up-to-date symlink: /home/upo/TFG/ros2_ws/install/interfaces/include/interfaces/interfaces/msg/response.hpp\n'}
[0.604198] (interfaces) StdoutLine: {'line': b'-- Up-to-date symlink: /home/upo/TFG/ros2_ws/install/interfaces/include/interfaces/interfaces/msg/rosidl_generator_cpp__visibility_control.hpp\n'}
[0.604819] (interfaces) StdoutLine: {'line': b'-- Up-to-date symlink: /home/upo/TFG/ros2_ws/install/interfaces/include/interfaces/interfaces/action/detail/move__rosidl_typesupport_fastrtps_cpp.hpp\n'}
[0.604965] (interfaces) StdoutLine: {'line': b'-- Up-to-date symlink: /home/upo/TFG/ros2_ws/install/interfaces/include/interfaces/interfaces/msg/detail/combo_image__rosidl_typesupport_fastrtps_cpp.hpp\n'}
[0.605099] (interfaces) StdoutLine: {'line': b'-- Up-to-date symlink: /home/upo/TFG/ros2_ws/install/interfaces/include/interfaces/interfaces/msg/detail/goal__rosidl_typesupport_fastrtps_cpp.hpp\n'}
[0.605289] (interfaces) StdoutLine: {'line': b'-- Up-to-date symlink: /home/upo/TFG/ros2_ws/install/interfaces/include/interfaces/interfaces/msg/detail/request__rosidl_typesupport_fastrtps_cpp.hpp\n'}
[0.605763] (interfaces) StdoutLine: {'line': b'-- Up-to-date symlink: /home/upo/TFG/ros2_ws/install/interfaces/include/interfaces/interfaces/msg/detail/response__rosidl_typesupport_fastrtps_cpp.hpp\n'}
[0.605877] (interfaces) StdoutLine: {'line': b'-- Up-to-date symlink: /home/upo/TFG/ros2_ws/install/interfaces/include/interfaces/interfaces/msg/rosidl_typesupport_fastrtps_cpp__visibility_control.h\n'}
[0.606149] (interfaces) StdoutLine: {'line': b'-- Up-to-date symlink: /home/upo/TFG/ros2_ws/install/interfaces/include/interfaces/interfaces/action/detail/move__rosidl_typesupport_introspection_c.h\n'}
[0.606340] (interfaces) StdoutLine: {'line': b'-- Up-to-date symlink: /home/upo/TFG/ros2_ws/install/interfaces/include/interfaces/interfaces/msg/detail/combo_image__rosidl_typesupport_introspection_c.h\n'}
[0.606560] (interfaces) StdoutLine: {'line': b'-- Up-to-date symlink: /home/upo/TFG/ros2_ws/install/interfaces/include/interfaces/interfaces/msg/detail/goal__rosidl_typesupport_introspection_c.h\n'}
[0.606708] (interfaces) StdoutLine: {'line': b'-- Up-to-date symlink: /home/upo/TFG/ros2_ws/install/interfaces/include/interfaces/interfaces/msg/detail/request__rosidl_typesupport_introspection_c.h\n'}
[0.606835] (interfaces) StdoutLine: {'line': b'-- Up-to-date symlink: /home/upo/TFG/ros2_ws/install/interfaces/include/interfaces/interfaces/msg/detail/response__rosidl_typesupport_introspection_c.h\n'}
[0.606950] (interfaces) StdoutLine: {'line': b'-- Up-to-date symlink: /home/upo/TFG/ros2_ws/install/interfaces/include/interfaces/interfaces/msg/rosidl_typesupport_introspection_c__visibility_control.h\n'}
[0.607357] (interfaces) StdoutLine: {'line': b'-- Up-to-date symlink: /home/upo/TFG/ros2_ws/install/interfaces/include/interfaces/interfaces/action/detail/move__rosidl_typesupport_introspection_cpp.hpp\n'}
[0.607543] (interfaces) StdoutLine: {'line': b'-- Up-to-date symlink: /home/upo/TFG/ros2_ws/install/interfaces/include/interfaces/interfaces/msg/detail/combo_image__rosidl_typesupport_introspection_cpp.hpp\n'}
[0.607751] (interfaces) StdoutLine: {'line': b'-- Up-to-date symlink: /home/upo/TFG/ros2_ws/install/interfaces/include/interfaces/interfaces/msg/detail/goal__rosidl_typesupport_introspection_cpp.hpp\n'}
[0.607928] (interfaces) StdoutLine: {'line': b'-- Up-to-date symlink: /home/upo/TFG/ros2_ws/install/interfaces/include/interfaces/interfaces/msg/detail/request__rosidl_typesupport_introspection_cpp.hpp\n'}
[0.608101] (interfaces) StdoutLine: {'line': b'-- Up-to-date symlink: /home/upo/TFG/ros2_ws/install/interfaces/include/interfaces/interfaces/msg/detail/response__rosidl_typesupport_introspection_cpp.hpp\n'}
[0.608345] (interfaces) StdoutLine: {'line': b'-- Up-to-date symlink: /home/upo/TFG/ros2_ws/install/interfaces/share/interfaces/environment/pythonpath.sh\n'}
[0.608578] (interfaces) StdoutLine: {'line': b'-- Up-to-date symlink: /home/upo/TFG/ros2_ws/install/interfaces/share/interfaces/environment/pythonpath.dsv\n'}
[0.608992] (interfaces) StdoutLine: {'line': b'-- Up-to-date symlink: /home/upo/TFG/ros2_ws/install/interfaces/lib/python3.12/site-packages/interfaces-0.0.0-py3.12.egg-info/PKG-INFO\n'}
[0.609144] (interfaces) StdoutLine: {'line': b'-- Up-to-date symlink: /home/upo/TFG/ros2_ws/install/interfaces/lib/python3.12/site-packages/interfaces-0.0.0-py3.12.egg-info/SOURCES.txt\n'}
[0.609300] (interfaces) StdoutLine: {'line': b'-- Up-to-date symlink: /home/upo/TFG/ros2_ws/install/interfaces/lib/python3.12/site-packages/interfaces-0.0.0-py3.12.egg-info/dependency_links.txt\n'}
[0.609444] (interfaces) StdoutLine: {'line': b'-- Up-to-date symlink: /home/upo/TFG/ros2_ws/install/interfaces/lib/python3.12/site-packages/interfaces-0.0.0-py3.12.egg-info/top_level.txt\n'}
[0.610216] (interfaces) StdoutLine: {'line': b'-- Up-to-date symlink: /home/upo/TFG/ros2_ws/install/interfaces/lib/python3.12/site-packages/interfaces/__init__.py\n'}
[0.610370] (interfaces) StdoutLine: {'line': b'-- Up-to-date symlink: /home/upo/TFG/ros2_ws/install/interfaces/lib/python3.12/site-packages/interfaces/_interfaces_s.ep.rosidl_typesupport_c.c\n'}
[0.610554] (interfaces) StdoutLine: {'line': b'-- Up-to-date symlink: /home/upo/TFG/ros2_ws/install/interfaces/lib/python3.12/site-packages/interfaces/_interfaces_s.ep.rosidl_typesupport_fastrtps_c.c\n'}
[0.610782] (interfaces) StdoutLine: {'line': b'-- Up-to-date symlink: /home/upo/TFG/ros2_ws/install/interfaces/lib/python3.12/site-packages/interfaces/_interfaces_s.ep.rosidl_typesupport_introspection_c.c\n'}
[0.610886] (interfaces) StdoutLine: {'line': b'-- Up-to-date symlink: /home/upo/TFG/ros2_ws/install/interfaces/lib/python3.12/site-packages/interfaces/action/__init__.py\n'}
[0.610977] (interfaces) StdoutLine: {'line': b'-- Up-to-date symlink: /home/upo/TFG/ros2_ws/install/interfaces/lib/python3.12/site-packages/interfaces/action/_move.py\n'}
[0.611084] (interfaces) StdoutLine: {'line': b'-- Up-to-date symlink: /home/upo/TFG/ros2_ws/install/interfaces/lib/python3.12/site-packages/interfaces/action/_move_s.c\n'}
[0.611244] (interfaces) StdoutLine: {'line': b'-- Up-to-date symlink: /home/upo/TFG/ros2_ws/install/interfaces/lib/python3.12/site-packages/interfaces/interfaces_s__rosidl_typesupport_c.so\n'}
[0.611393] (interfaces) StdoutLine: {'line': b'-- Up-to-date symlink: /home/upo/TFG/ros2_ws/install/interfaces/lib/python3.12/site-packages/interfaces/interfaces_s__rosidl_typesupport_fastrtps_c.so\n'}
[0.611534] (interfaces) StdoutLine: {'line': b'-- Up-to-date symlink: /home/upo/TFG/ros2_ws/install/interfaces/lib/python3.12/site-packages/interfaces/interfaces_s__rosidl_typesupport_introspection_c.so\n'}
[0.611624] (interfaces) StdoutLine: {'line': b'-- Up-to-date symlink: /home/upo/TFG/ros2_ws/install/interfaces/lib/python3.12/site-packages/interfaces/msg/__init__.py\n'}
[0.611749] (interfaces) StdoutLine: {'line': b'-- Up-to-date symlink: /home/upo/TFG/ros2_ws/install/interfaces/lib/python3.12/site-packages/interfaces/msg/_combo_image.py\n'}
[0.611882] (interfaces) StdoutLine: {'line': b'-- Up-to-date symlink: /home/upo/TFG/ros2_ws/install/interfaces/lib/python3.12/site-packages/interfaces/msg/_combo_image_s.c\n'}
[0.612044] (interfaces) StdoutLine: {'line': b'-- Up-to-date symlink: /home/upo/TFG/ros2_ws/install/interfaces/lib/python3.12/site-packages/interfaces/msg/_goal.py\n'}
[0.612168] (interfaces) StdoutLine: {'line': b'-- Up-to-date symlink: /home/upo/TFG/ros2_ws/install/interfaces/lib/python3.12/site-packages/interfaces/msg/_goal_s.c\n'}
[0.612318] (interfaces) StdoutLine: {'line': b'-- Up-to-date symlink: /home/upo/TFG/ros2_ws/install/interfaces/lib/python3.12/site-packages/interfaces/msg/_request.py\n'}
[0.612453] (interfaces) StdoutLine: {'line': b'-- Up-to-date symlink: /home/upo/TFG/ros2_ws/install/interfaces/lib/python3.12/site-packages/interfaces/msg/_request_s.c\n'}
[0.612578] (interfaces) StdoutLine: {'line': b'-- Up-to-date symlink: /home/upo/TFG/ros2_ws/install/interfaces/lib/python3.12/site-packages/interfaces/msg/_response.py\n'}
[0.612716] (interfaces) StdoutLine: {'line': b'-- Up-to-date symlink: /home/upo/TFG/ros2_ws/install/interfaces/lib/python3.12/site-packages/interfaces/msg/_response_s.c\n'}
[0.612963] (interfaces) StdoutLine: {'line': b'-- Up-to-date symlink: /home/upo/TFG/ros2_ws/install/interfaces/lib/python3.12/site-packages/interfaces/interfaces_s__rosidl_typesupport_fastrtps_c.so\n'}
[0.613205] (interfaces) StdoutLine: {'line': b'-- Up-to-date symlink: /home/upo/TFG/ros2_ws/install/interfaces/lib/python3.12/site-packages/interfaces/interfaces_s__rosidl_typesupport_introspection_c.so\n'}
[0.613442] (interfaces) StdoutLine: {'line': b'-- Up-to-date symlink: /home/upo/TFG/ros2_ws/install/interfaces/lib/python3.12/site-packages/interfaces/interfaces_s__rosidl_typesupport_c.so\n'}
[0.613628] (interfaces) StdoutLine: {'line': b'-- Up-to-date symlink: /home/upo/TFG/ros2_ws/install/interfaces/share/ament_index/resource_index/rust_packages/interfaces\n'}
[0.614044] (interfaces) StdoutLine: {'line': b'-- Up-to-date symlink: /home/upo/TFG/ros2_ws/install/interfaces/share/interfaces/rust/Cargo.toml\n'}
[0.614153] (interfaces) StdoutLine: {'line': b'-- Up-to-date symlink: /home/upo/TFG/ros2_ws/install/interfaces/share/interfaces/rust/build.rs\n'}
[0.614333] (interfaces) StdoutLine: {'line': b'-- Up-to-date symlink: /home/upo/TFG/ros2_ws/install/interfaces/share/interfaces/rust/src/action.rs\n'}
[0.614503] (interfaces) StdoutLine: {'line': b'-- Up-to-date symlink: /home/upo/TFG/ros2_ws/install/interfaces/share/interfaces/rust/src/action/rmw.rs\n'}
[0.614620] (interfaces) StdoutLine: {'line': b'-- Up-to-date symlink: /home/upo/TFG/ros2_ws/install/interfaces/share/interfaces/rust/src/lib.rs\n'}
[0.614713] (interfaces) StdoutLine: {'line': b'-- Up-to-date symlink: /home/upo/TFG/ros2_ws/install/interfaces/share/interfaces/rust/src/msg.rs\n'}
[0.614842] (interfaces) StdoutLine: {'line': b'-- Up-to-date symlink: /home/upo/TFG/ros2_ws/install/interfaces/share/interfaces/rust/src/msg/rmw.rs\n'}
[0.615035] (interfaces) StdoutLine: {'line': b'-- Up-to-date symlink: /home/upo/TFG/ros2_ws/install/interfaces/share/interfaces/msg/Goal.idl\n'}
[0.615251] (interfaces) StdoutLine: {'line': b'-- Up-to-date symlink: /home/upo/TFG/ros2_ws/install/interfaces/share/interfaces/msg/ComboImage.idl\n'}
[0.615403] (interfaces) StdoutLine: {'line': b'-- Up-to-date symlink: /home/upo/TFG/ros2_ws/install/interfaces/share/interfaces/msg/Request.idl\n'}
[0.615578] (interfaces) StdoutLine: {'line': b'-- Up-to-date symlink: /home/upo/TFG/ros2_ws/install/interfaces/share/interfaces/msg/Response.idl\n'}
[0.615720] (interfaces) StdoutLine: {'line': b'-- Up-to-date symlink: /home/upo/TFG/ros2_ws/install/interfaces/share/interfaces/action/Move.idl\n'}
[0.615882] (interfaces) StdoutLine: {'line': b'-- Up-to-date symlink: /home/upo/TFG/ros2_ws/install/interfaces/share/interfaces/msg/Goal.msg\n'}
[0.616022] (interfaces) StdoutLine: {'line': b'-- Up-to-date symlink: /home/upo/TFG/ros2_ws/install/interfaces/share/interfaces/msg/ComboImage.msg\n'}
[0.616160] (interfaces) StdoutLine: {'line': b'-- Up-to-date symlink: /home/upo/TFG/ros2_ws/install/interfaces/share/interfaces/msg/Request.msg\n'}
[0.616277] (interfaces) StdoutLine: {'line': b'-- Up-to-date symlink: /home/upo/TFG/ros2_ws/install/interfaces/share/interfaces/msg/Response.msg\n'}
[0.616401] (interfaces) StdoutLine: {'line': b'-- Up-to-date symlink: /home/upo/TFG/ros2_ws/install/interfaces/share/interfaces/action/Move.action\n'}
[0.616568] (interfaces) StdoutLine: {'line': b'-- Up-to-date symlink: /home/upo/TFG/ros2_ws/install/interfaces/share/ament_index/resource_index/package_run_dependencies/interfaces\n'}
[0.616714] (interfaces) StdoutLine: {'line': b'-- Up-to-date symlink: /home/upo/TFG/ros2_ws/install/interfaces/share/ament_index/resource_index/parent_prefix_path/interfaces\n'}
[0.616850] (interfaces) StdoutLine: {'line': b'-- Up-to-date symlink: /home/upo/TFG/ros2_ws/install/interfaces/share/interfaces/environment/ament_prefix_path.sh\n'}
[0.616991] (interfaces) StdoutLine: {'line': b'-- Up-to-date symlink: /home/upo/TFG/ros2_ws/install/interfaces/share/interfaces/environment/ament_prefix_path.dsv\n'}
[0.617120] (interfaces) StdoutLine: {'line': b'-- Up-to-date symlink: /home/upo/TFG/ros2_ws/install/interfaces/share/interfaces/environment/path.sh\n'}
[0.617246] (interfaces) StdoutLine: {'line': b'-- Up-to-date symlink: /home/upo/TFG/ros2_ws/install/interfaces/share/interfaces/environment/path.dsv\n'}
[0.617379] (interfaces) StdoutLine: {'line': b'-- Up-to-date symlink: /home/upo/TFG/ros2_ws/install/interfaces/share/interfaces/local_setup.bash\n'}
[0.617553] (interfaces) StdoutLine: {'line': b'-- Up-to-date symlink: /home/upo/TFG/ros2_ws/install/interfaces/share/interfaces/local_setup.sh\n'}
[0.617756] (interfaces) StdoutLine: {'line': b'-- Up-to-date symlink: /home/upo/TFG/ros2_ws/install/interfaces/share/interfaces/local_setup.zsh\n'}
[0.617932] (interfaces) StdoutLine: {'line': b'-- Up-to-date symlink: /home/upo/TFG/ros2_ws/install/interfaces/share/interfaces/local_setup.dsv\n'}
[0.618098] (interfaces) StdoutLine: {'line': b'-- Symlinking: /home/upo/TFG/ros2_ws/install/interfaces/share/interfaces/package.dsv\n'}
[0.630661] (interfaces) StdoutLine: {'line': b'-- Up-to-date symlink: /home/upo/TFG/ros2_ws/install/interfaces/share/ament_index/resource_index/packages/interfaces\n'}
[0.630888] (interfaces) StdoutLine: {'line': b'-- Up-to-date symlink: /home/upo/TFG/ros2_ws/install/interfaces/share/interfaces/cmake/rosidl_cmake-extras.cmake\n'}
[0.631078] (interfaces) StdoutLine: {'line': b'-- Up-to-date symlink: /home/upo/TFG/ros2_ws/install/interfaces/share/interfaces/cmake/ament_cmake_export_dependencies-extras.cmake\n'}
[0.631228] (interfaces) StdoutLine: {'line': b'-- Up-to-date symlink: /home/upo/TFG/ros2_ws/install/interfaces/share/interfaces/cmake/ament_cmake_export_include_directories-extras.cmake\n'}
[0.631382] (interfaces) StdoutLine: {'line': b'-- Up-to-date symlink: /home/upo/TFG/ros2_ws/install/interfaces/share/interfaces/cmake/ament_cmake_export_libraries-extras.cmake\n'}
[0.631556] (interfaces) StdoutLine: {'line': b'-- Up-to-date symlink: /home/upo/TFG/ros2_ws/install/interfaces/share/interfaces/cmake/ament_cmake_export_targets-extras.cmake\n'}
[0.631698] (interfaces) StdoutLine: {'line': b'-- Up-to-date symlink: /home/upo/TFG/ros2_ws/install/interfaces/share/interfaces/cmake/rosidl_cmake_export_typesupport_targets-extras.cmake\n'}
[0.631833] (interfaces) StdoutLine: {'line': b'-- Up-to-date symlink: /home/upo/TFG/ros2_ws/install/interfaces/share/interfaces/cmake/rosidl_cmake_export_typesupport_libraries-extras.cmake\n'}
[0.631974] (interfaces) StdoutLine: {'line': b'-- Up-to-date symlink: /home/upo/TFG/ros2_ws/install/interfaces/share/interfaces/cmake/rosidl_cmake_aggregate_target-extras.cmake\n'}
[0.632111] (interfaces) StdoutLine: {'line': b'-- Up-to-date symlink: /home/upo/TFG/ros2_ws/install/interfaces/share/interfaces/cmake/interfacesConfig.cmake\n'}
[0.632214] (interfaces) StdoutLine: {'line': b'-- Up-to-date symlink: /home/upo/TFG/ros2_ws/install/interfaces/share/interfaces/cmake/interfacesConfig-version.cmake\n'}
[0.632343] (interfaces) StdoutLine: {'line': b'-- Up-to-date symlink: /home/upo/TFG/ros2_ws/install/interfaces/share/interfaces/package.xml\n'}
[0.632659] (interfaces) StdoutLine: {'line': b'-- Up-to-date: /home/upo/TFG/ros2_ws/install/interfaces/lib/libinterfaces__rosidl_generator_c.so\n'}
[0.633074] (interfaces) StdoutLine: {'line': b'-- Up-to-date: /home/upo/TFG/ros2_ws/install/interfaces/lib/libinterfaces__rosidl_typesupport_fastrtps_c.so\n'}
[0.633542] (interfaces) StdoutLine: {'line': b'-- Up-to-date: /home/upo/TFG/ros2_ws/install/interfaces/lib/libinterfaces__rosidl_typesupport_fastrtps_cpp.so\n'}
[0.633877] (interfaces) StdoutLine: {'line': b'-- Up-to-date: /home/upo/TFG/ros2_ws/install/interfaces/lib/libinterfaces__rosidl_typesupport_introspection_c.so\n'}
[0.634257] (interfaces) StdoutLine: {'line': b'-- Up-to-date: /home/upo/TFG/ros2_ws/install/interfaces/lib/libinterfaces__rosidl_typesupport_c.so\n'}
[0.634647] (interfaces) StdoutLine: {'line': b'-- Up-to-date: /home/upo/TFG/ros2_ws/install/interfaces/lib/libinterfaces__rosidl_typesupport_introspection_cpp.so\n'}
[0.635066] (interfaces) StdoutLine: {'line': b'-- Up-to-date: /home/upo/TFG/ros2_ws/install/interfaces/lib/libinterfaces__rosidl_typesupport_cpp.so\n'}
[0.675637] (interfaces) StdoutLine: {'line': b"Listing '/home/upo/TFG/ros2_ws/install/interfaces/lib/python3.12/site-packages/interfaces'...\n"}
[0.675964] (interfaces) StdoutLine: {'line': b"Listing '/home/upo/TFG/ros2_ws/install/interfaces/lib/python3.12/site-packages/interfaces/action'...\n"}
[0.676095] (interfaces) StdoutLine: {'line': b"Listing '/home/upo/TFG/ros2_ws/install/interfaces/lib/python3.12/site-packages/interfaces/msg'...\n"}
[0.685001] (interfaces) StdoutLine: {'line': b'-- Up-to-date: /home/upo/TFG/ros2_ws/install/interfaces/lib/libinterfaces__rosidl_generator_py.so\n'}
[0.685354] (interfaces) StdoutLine: {'line': b'-- Up-to-date: /home/upo/TFG/ros2_ws/install/interfaces/share/interfaces/cmake/export_interfaces__rosidl_generator_cExport.cmake\n'}
[0.685526] (interfaces) StdoutLine: {'line': b'-- Up-to-date: /home/upo/TFG/ros2_ws/install/interfaces/share/interfaces/cmake/export_interfaces__rosidl_generator_cExport-noconfig.cmake\n'}
[0.685645] (interfaces) StdoutLine: {'line': b'-- Up-to-date: /home/upo/TFG/ros2_ws/install/interfaces/share/interfaces/cmake/export_interfaces__rosidl_typesupport_fastrtps_cExport.cmake\n'}
[0.685728] (interfaces) StdoutLine: {'line': b'-- Up-to-date: /home/upo/TFG/ros2_ws/install/interfaces/share/interfaces/cmake/export_interfaces__rosidl_typesupport_fastrtps_cExport-noconfig.cmake\n'}
[0.685843] (interfaces) StdoutLine: {'line': b'-- Up-to-date: /home/upo/TFG/ros2_ws/install/interfaces/share/interfaces/cmake/export_interfaces__rosidl_generator_cppExport.cmake\n'}
[0.686119] (interfaces) StdoutLine: {'line': b'-- Up-to-date: /home/upo/TFG/ros2_ws/install/interfaces/share/interfaces/cmake/export_interfaces__rosidl_typesupport_fastrtps_cppExport.cmake\n'}
[0.686242] (interfaces) StdoutLine: {'line': b'-- Up-to-date: /home/upo/TFG/ros2_ws/install/interfaces/share/interfaces/cmake/export_interfaces__rosidl_typesupport_fastrtps_cppExport-noconfig.cmake\n'}
[0.686340] (interfaces) StdoutLine: {'line': b'-- Up-to-date: /home/upo/TFG/ros2_ws/install/interfaces/share/interfaces/cmake/interfaces__rosidl_typesupport_introspection_cExport.cmake\n'}
[0.686459] (interfaces) StdoutLine: {'line': b'-- Up-to-date: /home/upo/TFG/ros2_ws/install/interfaces/share/interfaces/cmake/interfaces__rosidl_typesupport_introspection_cExport-noconfig.cmake\n'}
[0.686575] (interfaces) StdoutLine: {'line': b'-- Up-to-date: /home/upo/TFG/ros2_ws/install/interfaces/share/interfaces/cmake/interfaces__rosidl_typesupport_cExport.cmake\n'}
[0.686896] (interfaces) StdoutLine: {'line': b'-- Up-to-date: /home/upo/TFG/ros2_ws/install/interfaces/share/interfaces/cmake/interfaces__rosidl_typesupport_cExport-noconfig.cmake\n'}
[0.687011] (interfaces) StdoutLine: {'line': b'-- Up-to-date: /home/upo/TFG/ros2_ws/install/interfaces/share/interfaces/cmake/interfaces__rosidl_typesupport_introspection_cppExport.cmake\n'}
[0.687109] (interfaces) StdoutLine: {'line': b'-- Up-to-date: /home/upo/TFG/ros2_ws/install/interfaces/share/interfaces/cmake/interfaces__rosidl_typesupport_introspection_cppExport-noconfig.cmake\n'}
[0.687201] (interfaces) StdoutLine: {'line': b'-- Up-to-date: /home/upo/TFG/ros2_ws/install/interfaces/share/interfaces/cmake/interfaces__rosidl_typesupport_cppExport.cmake\n'}
[0.687294] (interfaces) StdoutLine: {'line': b'-- Up-to-date: /home/upo/TFG/ros2_ws/install/interfaces/share/interfaces/cmake/interfaces__rosidl_typesupport_cppExport-noconfig.cmake\n'}
[0.687358] (interfaces) StdoutLine: {'line': b'-- Up-to-date: /home/upo/TFG/ros2_ws/install/interfaces/share/interfaces/cmake/export_interfaces__rosidl_generator_pyExport.cmake\n'}
[0.687420] (interfaces) StdoutLine: {'line': b'-- Up-to-date: /home/upo/TFG/ros2_ws/install/interfaces/share/interfaces/cmake/export_interfaces__rosidl_generator_pyExport-noconfig.cmake\n'}
[0.690192] (interfaces) CommandEnded: {'returncode': 0}
[0.700477] (-) TimerEvent: {}
[0.712604] (interfaces) JobEnded: {'identifier': 'interfaces', 'rc': 0}
[0.713530] (VLMProcessing) JobStarted: {'identifier': 'VLMProcessing'}
[0.719164] (robotCommunication) JobStarted: {'identifier': 'robotCommunication'}
[0.727764] (robotMovement) JobStarted: {'identifier': 'robotMovement'}
[0.800584] (-) TimerEvent: {}
[0.900875] (-) TimerEvent: {}
[1.001214] (-) TimerEvent: {}
[1.101694] (-) TimerEvent: {}
[1.201993] (-) TimerEvent: {}
[1.302328] (-) TimerEvent: {}
[1.402648] (-) TimerEvent: {}
[1.502944] (-) TimerEvent: {}
[1.603249] (-) TimerEvent: {}
[1.703705] (-) TimerEvent: {}
[1.804020] (-) TimerEvent: {}
[1.904396] (-) TimerEvent: {}
[1.973412] (userCommunication) Command: {'cmd': ['/usr/bin/python3', '-W', 'ignore:setup.py install is deprecated', '-W', 'ignore:easy_install command is deprecated', 'setup.py', 'develop', '--editable', '--build-directory', '/home/upo/TFG/ros2_ws/build/userCommunication/build', '--no-deps', 'symlink_data'], 'cwd': '/home/upo/TFG/ros2_ws/build/userCommunication', 'env': {'LESSOPEN': '| /usr/bin/lesspipe %s', 'GZ_SIM_RESOURCE_PATH': '/opt/ros/jazzy/share', 'USER': 'upo', 'GZ_CONFIG_PATH': '/opt/ros/jazzy/opt/gz_sim_vendor/share/gz:/opt/ros/jazzy/opt/sdformat_vendor/share/gz:/opt/ros/jazzy/opt/gz_gui_vendor/share/gz:/opt/ros/jazzy/opt/gz_transport_vendor/share/gz:/opt/ros/jazzy/opt/gz_rendering_vendor/share/gz:/opt/ros/jazzy/opt/gz_plugin_vendor/share/gz:/opt/ros/jazzy/opt/gz_fuel_tools_vendor/share/gz:/opt/ros/jazzy/opt/gz_msgs_vendor/share/gz:/opt/ros/jazzy/opt/gz_common_vendor/share/gz', 'XDG_SESSION_TYPE': 'x11', 'GIT_ASKPASS': '/usr/share/code/resources/app/extensions/git/dist/askpass.sh', 'SHLVL': '3', 'LD_LIBRARY_PATH': '/home/upo/turtlebot3_ws/install/interfaces/lib:/opt/ros/jazzy/opt/gz_sim_vendor/lib:/opt/ros/jazzy/opt/gz_sensors_vendor/lib:/opt/ros/jazzy/opt/gz_physics_vendor/lib:/opt/ros/jazzy/opt/sdformat_vendor/lib:/opt/ros/jazzy/opt/rviz_ogre_vendor/lib:/opt/ros/jazzy/lib/x86_64-linux-gnu:/opt/ros/jazzy/opt/gz_gui_vendor/lib:/opt/ros/jazzy/opt/gz_transport_vendor/lib:/opt/ros/jazzy/opt/gz_rendering_vendor/lib:/opt/ros/jazzy/opt/gz_plugin_vendor/lib:/opt/ros/jazzy/opt/gz_fuel_tools_vendor/lib:/opt/ros/jazzy/opt/gz_msgs_vendor/lib:/opt/ros/jazzy/opt/gz_common_vendor/lib:/opt/ros/jazzy/opt/gz_math_vendor/lib:/opt/ros/jazzy/opt/gz_utils_vendor/lib:/opt/ros/jazzy/opt/gz_tools_vendor/lib:/opt/ros/jazzy/opt/gz_ogre_next_vendor/lib:/opt/ros/jazzy/opt/gz_dartsim_vendor/lib:/opt/ros/jazzy/opt/gz_cmake_vendor/lib:/opt/ros/jazzy/lib', 'HOME': '/home/upo', 'CHROME_DESKTOP': 'code.desktop', 'OLDPWD': '/home/upo/TFG', 'TERM_PROGRAM_VERSION': '1.126.0', 'DESKTOP_SESSION': 'ubuntu', 'ROS_PYTHON_VERSION': '3', 'GNOME_SHELL_SESSION_MODE': 'ubuntu', 'GTK_MODULES': 'gail:atk-bridge', 'VSCODE_GIT_ASKPASS_MAIN': '/usr/share/code/resources/app/extensions/git/dist/askpass-main.js', 'VSCODE_GIT_ASKPASS_NODE': '/usr/share/code/code', 'DBUS_STARTER_BUS_TYPE': 'session', 'SYSTEMD_EXEC_PID': '2495', 'VSCODE_PYTHON_AUTOACTIVATE_GUARD': '1', 'GSM_SKIP_SSH_AGENT_WORKAROUND': 'true', 'DBUS_SESSION_BUS_ADDRESS': 'unix:path=/run/user/1000/bus,guid=363d1e468aca3fabeca0c6d56a4df74b', 'COLORTERM': 'truecolor', 'DEBUGINFOD_URLS': 'https://debuginfod.ubuntu.com', 'COLCON_PREFIX_PATH': '/home/upo/turtlebot3_ws/install', 'ROS_DISTRO': 'jazzy', 'LOGNAME': 'upo', '_': '/usr/bin/colcon', 'ROS_VERSION': '2', 'MEMORY_PRESSURE_WATCH': '/sys/fs/cgroup/user.slice/user-1000.slice/user@1000.service/app.slice/app-gnome\\x2dsession\\x2dmanager.slice/gnome-session-manager@ubuntu.service/memory.pressure', 'CLAUDE_CODE_SSE_PORT': '55408', 'XDG_SESSION_CLASS': 'user', 'USERNAME': 'upo', 'TERM': 'xterm-256color', 'GNOME_DESKTOP_SESSION_ID': 'this-is-deprecated', 'FC_FONTATIONS': '1', 'WINDOWPATH': '2', 'PATH': '/home/upo/platform-tools:/home/upo/.npm-global/bin:/home/upo/.config/Code/User/globalStorage/github.copilot-chat/debugCommand:/home/upo/.config/Code/User/globalStorage/github.copilot-chat/copilotCli:/opt/ros/jazzy/opt/gz_msgs_vendor/bin:/opt/ros/jazzy/opt/gz_tools_vendor/bin:/opt/ros/jazzy/opt/gz_ogre_next_vendor/bin:/opt/ros/jazzy/bin:/home/upo/platform-tools:/home/upo/.npm-global/bin:/home/upo/.local/bin:/usr/local/sbin:/usr/local/bin:/usr/sbin:/usr/bin:/sbin:/bin:/usr/games:/usr/local/games:/snap/bin:/snap/bin', 'SESSION_MANAGER': 'local/upo-ASUS-TUF-Gaming-A15-FA507RR-TUF507RR:@/tmp/.ICE-unix/2495,unix/upo-ASUS-TUF-Gaming-A15-FA507RR-TUF507RR:/tmp/.ICE-unix/2495', 'XDG_MENU_PREFIX': 'gnome-', 'GNOME_TERMINAL_SCREEN': '/org/gnome/Terminal/screen/2478bdcd_4a6f_4f09_acc2_ea0ad9e073f2', 'XDG_RUNTIME_DIR': '/run/user/1000', 'GDK_BACKEND': 'x11', 'DISPLAY': ':0', 'LANG': 'en_US.UTF-8', 'XDG_CURRENT_DESKTOP': 'ubuntu:GNOME', 'XMODIFIERS': '@im=ibus', 'XDG_SESSION_DESKTOP': 'ubuntu', 'XAUTHORITY': '/run/user/1000/gdm/Xauthority', 'LS_COLORS': 'rs=0:di=01;34:ln=01;36:mh=00:pi=40;33:so=01;35:do=01;35:bd=40;33;01:cd=40;33;01:or=40;31;01:mi=00:su=37;41:sg=30;43:ca=00:tw=30;42:ow=34;42:st=37;44:ex=01;32:*.tar=01;31:*.tgz=01;31:*.arc=01;31:*.arj=01;31:*.taz=01;31:*.lha=01;31:*.lz4=01;31:*.lzh=01;31:*.lzma=01;31:*.tlz=01;31:*.txz=01;31:*.tzo=01;31:*.t7z=01;31:*.zip=01;31:*.z=01;31:*.dz=01;31:*.gz=01;31:*.lrz=01;31:*.lz=01;31:*.lzo=01;31:*.xz=01;31:*.zst=01;31:*.tzst=01;31:*.bz2=01;31:*.bz=01;31:*.tbz=01;31:*.tbz2=01;31:*.tz=01;31:*.deb=01;31:*.rpm=01;31:*.jar=01;31:*.war=01;31:*.ear=01;31:*.sar=01;31:*.rar=01;31:*.alz=01;31:*.ace=01;31:*.zoo=01;31:*.cpio=01;31:*.7z=01;31:*.rz=01;31:*.cab=01;31:*.wim=01;31:*.swm=01;31:*.dwm=01;31:*.esd=01;31:*.avif=01;35:*.jpg=01;35:*.jpeg=01;35:*.mjpg=01;35:*.mjpeg=01;35:*.gif=01;35:*.bmp=01;35:*.pbm=01;35:*.pgm=01;35:*.ppm=01;35:*.tga=01;35:*.xbm=01;35:*.xpm=01;35:*.tif=01;35:*.tiff=01;35:*.png=01;35:*.svg=01;35:*.svgz=01;35:*.mng=01;35:*.pcx=01;35:*.mov=01;35:*.mpg=01;35:*.mpeg=01;35:*.m2v=01;35:*.mkv=01;35:*.webm=01;35:*.webp=01;35:*.ogm=01;35:*.mp4=01;35:*.m4v=01;35:*.mp4v=01;35:*.vob=01;35:*.qt=01;35:*.nuv=01;35:*.wmv=01;35:*.asf=01;35:*.rm=01;35:*.rmvb=01;35:*.flc=01;35:*.avi=01;35:*.fli=01;35:*.flv=01;35:*.gl=01;35:*.dl=01;35:*.xcf=01;35:*.xwd=01;35:*.yuv=01;35:*.cgm=01;35:*.emf=01;35:*.ogv=01;35:*.ogx=01;35:*.aac=00;36:*.au=00;36:*.flac=00;36:*.m4a=00;36:*.mid=00;36:*.midi=00;36:*.mka=00;36:*.mp3=00;36:*.mpc=00;36:*.ogg=00;36:*.ra=00;36:*.wav=00;36:*.oga=00;36:*.opus=00;36:*.spx=00;36:*.xspf=00;36:*~=00;90:*#=00;90:*.bak=00;90:*.crdownload=00;90:*.dpkg-dist=00;90:*.dpkg-new=00;90:*.dpkg-old=00;90:*.dpkg-tmp=00;90:*.old=00;90:*.orig=00;90:*.part=00;90:*.rej=00;90:*.rpmnew=00;90:*.rpmorig=00;90:*.rpmsave=00;90:*.swp=00;90:*.tmp=00;90:*.ucf-dist=00;90:*.ucf-new=00;90:*.ucf-old=00;90:', 'VSCODE_GIT_IPC_HANDLE': '/run/user/1000/vscode-git-466a10eeed.sock', 'GNOME_TERMINAL_SERVICE': ':1.153', 'TERM_PROGRAM': 'vscode', 'SSH_AUTH_SOCK': '/run/user/1000/keyring/ssh', 'AMENT_PREFIX_PATH': '/home/upo/turtlebot3_ws/install/userCommunication:/home/upo/turtlebot3_ws/install/turtlebot3:/home/upo/turtlebot3_ws/install/turtlebot3_teleop:/home/upo/turtlebot3_ws/install/turtlebot3_simulations:/home/upo/turtlebot3_ws/install/turtlebot3_bringup:/home/upo/turtlebot3_ws/install/turtlebot3_node:/home/upo/turtlebot3_ws/install/turtlebot3_navigation2:/home/upo/turtlebot3_ws/install/turtlebot3_gazebo:/home/upo/turtlebot3_ws/install/turtlebot3_fake_node:/home/upo/turtlebot3_ws/install/turtlebot3_example:/home/upo/turtlebot3_ws/install/turtlebot3_description:/home/upo/turtlebot3_ws/install/turtlebot3_cartographer:/home/upo/turtlebot3_ws/install/robotMovement:/home/upo/turtlebot3_ws/install/robotCommunication:/home/upo/turtlebot3_ws/install/VLMProcessing:/home/upo/turtlebot3_ws/install/interfaces:/opt/ros/jazzy', 'SHELL': '/bin/bash', 'QT_ACCESSIBILITY': '1', 'GDMSESSION': 'ubuntu', 'LESSCLOSE': '/usr/bin/lesspipe %s %s', 'GPG_AGENT_INFO': '/run/user/1000/gnupg/S.gpg-agent:0:1', 'ROS_AUTOMATIC_DISCOVERY_RANGE': 'SUBNET', 'VSCODE_GIT_ASKPASS_EXTRA_ARGS': '', 'QT_IM_MODULE': 'ibus', 'PWD': '/home/upo/TFG/ros2_ws/build/userCommunication', 'TURTLEBOT3_MODEL': 'waffle', 'LC_ALL': 'en_US.UTF-8', 'XDG_CONFIG_DIRS': '/etc/xdg/xdg-ubuntu:/etc/xdg', 'COPILOT_DEBUG_NONCE': 'b1d28ae3d882b8fabe7a3762c8804e8c', 'DBUS_STARTER_ADDRESS': 'unix:path=/run/user/1000/bus,guid=363d1e468aca3fabeca0c6d56a4df74b', 'XDG_DATA_DIRS': '/usr/share/ubuntu:/usr/share/gnome:/home/upo/.local/share/flatpak/exports/share:/var/lib/flatpak/exports/share:/usr/local/share/:/usr/share/:/var/lib/snapd/desktop', 'PYTHONPATH': '/home/upo/TFG/ros2_ws/build/userCommunication/prefix_override:/usr/lib/python3/dist-packages/colcon_core/task/python/colcon_distutils_commands:/home/upo/TFG/ros2_ws/install/userCommunication/lib/python3.12/site-packages:/home/upo/turtlebot3_ws/install/userCommunication/lib/python3.12/site-packages:/home/upo/turtlebot3_ws/build/turtlebot3_teleop:/home/upo/turtlebot3_ws/install/turtlebot3_teleop/lib/python3.12/site-packages:/home/upo/turtlebot3_ws/build/turtlebot3_example:/home/upo/turtlebot3_ws/install/turtlebot3_example/lib/python3.12/site-packages:/home/upo/turtlebot3_ws/install/robotMovement/lib/python3.12/site-packages:/home/upo/turtlebot3_ws/install/robotCommunication/lib/python3.12/site-packages:/home/upo/turtlebot3_ws/install/VLMProcessing/lib/python3.12/site-packages:/home/upo/turtlebot3_ws/install/interfaces/lib/python3.12/site-packages:/opt/ros/jazzy/lib/python3.12/site-packages', 'COLCON': '1', 'MEMORY_PRESSURE_WRITE': 'c29tZSAyMDAwMDAgMjAwMDAwMAA=', 'VTE_VERSION': '7600', 'CMAKE_PREFIX_PATH': '/home/upo/turtlebot3_ws/install/turtlebot3:/home/upo/turtlebot3_ws/install/turtlebot3_simulations:/home/upo/turtlebot3_ws/install/turtlebot3_bringup:/home/upo/turtlebot3_ws/install/turtlebot3_node:/home/upo/turtlebot3_ws/install/turtlebot3_navigation2:/home/upo/turtlebot3_ws/install/turtlebot3_gazebo:/home/upo/turtlebot3_ws/install/turtlebot3_fake_node:/home/upo/turtlebot3_ws/install/turtlebot3_description:/home/upo/turtlebot3_ws/install/turtlebot3_cartographer:/home/upo/turtlebot3_ws/install/interfaces:/opt/ros/jazzy/opt/gz_sim_vendor:/opt/ros/jazzy/opt/gz_sensors_vendor:/opt/ros/jazzy/opt/gz_physics_vendor:/opt/ros/jazzy/opt/sdformat_vendor:/opt/ros/jazzy/opt/gz_gui_vendor:/opt/ros/jazzy/opt/gz_transport_vendor:/opt/ros/jazzy/opt/gz_rendering_vendor:/opt/ros/jazzy/opt/gz_plugin_vendor:/opt/ros/jazzy/opt/gz_fuel_tools_vendor:/opt/ros/jazzy/opt/gz_msgs_vendor:/opt/ros/jazzy/opt/gz_common_vendor:/opt/ros/jazzy/opt/gz_math_vendor:/opt/ros/jazzy/opt/gz_utils_vendor:/opt/ros/jazzy/opt/gz_tools_vendor:/opt/ros/jazzy/opt/gz_ogre_next_vendor:/opt/ros/jazzy/opt/gz_dartsim_vendor:/opt/ros/jazzy/opt/gz_cmake_vendor'}, 'shell': False}
[2.004577] (-) TimerEvent: {}
[2.105060] (-) TimerEvent: {}
[2.205498] (-) TimerEvent: {}
[2.305867] (-) TimerEvent: {}
[2.369365] (userCommunication) StdoutLine: {'line': b'running develop\n'}
[2.405951] (-) TimerEvent: {}
[2.506267] (-) TimerEvent: {}
[2.606809] (-) TimerEvent: {}
[2.625483] (userCommunication) StdoutLine: {'line': b'running egg_info\n'}
[2.649013] (userCommunication) StdoutLine: {'line': b'writing userCommunication.egg-info/PKG-INFO\n'}
[2.649225] (userCommunication) StdoutLine: {'line': b'writing dependency_links to userCommunication.egg-info/dependency_links.txt\n'}
[2.649389] (userCommunication) StdoutLine: {'line': b'writing entry points to userCommunication.egg-info/entry_points.txt\n'}
[2.649555] (userCommunication) StdoutLine: {'line': b'writing requirements to userCommunication.egg-info/requires.txt\n'}
[2.649687] (userCommunication) StdoutLine: {'line': b'writing top-level names to userCommunication.egg-info/top_level.txt\n'}
[2.697211] (userCommunication) StdoutLine: {'line': b"reading manifest file 'userCommunication.egg-info/SOURCES.txt'\n"}
[2.697994] (userCommunication) StdoutLine: {'line': b"writing manifest file 'userCommunication.egg-info/SOURCES.txt'\n"}
[2.706933] (-) TimerEvent: {}
[2.725138] (userCommunication) StdoutLine: {'line': b'running build_ext\n'}
[2.725545] (userCommunication) StdoutLine: {'line': b'Creating /home/upo/TFG/ros2_ws/install/userCommunication/lib/python3.12/site-packages/userCommunication.egg-link (link to .)\n'}
[2.726315] (userCommunication) StdoutLine: {'line': b'Installing userCommunication script to /home/upo/TFG/ros2_ws/install/userCommunication/lib/userCommunication\n'}
[2.726700] (userCommunication) StdoutLine: {'line': b'\n'}
[2.726816] (userCommunication) StdoutLine: {'line': b'Installed /home/upo/TFG/ros2_ws/build/userCommunication\n'}
[2.726892] (userCommunication) StdoutLine: {'line': b'running symlink_data\n'}
[2.738200] (VLMProcessing) Command: {'cmd': ['/usr/bin/python3', '-W', 'ignore:setup.py install is deprecated', '-W', 'ignore:easy_install command is deprecated', 'setup.py', 'develop', '--editable', '--build-directory', '/home/upo/TFG/ros2_ws/build/VLMProcessing/build', '--no-deps', 'symlink_data'], 'cwd': '/home/upo/TFG/ros2_ws/build/VLMProcessing', 'env': {'LESSOPEN': '| /usr/bin/lesspipe %s', 'GZ_SIM_RESOURCE_PATH': '/opt/ros/jazzy/share', 'USER': 'upo', 'GZ_CONFIG_PATH': '/opt/ros/jazzy/opt/gz_sim_vendor/share/gz:/opt/ros/jazzy/opt/sdformat_vendor/share/gz:/opt/ros/jazzy/opt/gz_gui_vendor/share/gz:/opt/ros/jazzy/opt/gz_transport_vendor/share/gz:/opt/ros/jazzy/opt/gz_rendering_vendor/share/gz:/opt/ros/jazzy/opt/gz_plugin_vendor/share/gz:/opt/ros/jazzy/opt/gz_fuel_tools_vendor/share/gz:/opt/ros/jazzy/opt/gz_msgs_vendor/share/gz:/opt/ros/jazzy/opt/gz_common_vendor/share/gz', 'XDG_SESSION_TYPE': 'x11', 'GIT_ASKPASS': '/usr/share/code/resources/app/extensions/git/dist/askpass.sh', 'SHLVL': '3', 'LD_LIBRARY_PATH': '/home/upo/TFG/ros2_ws/install/interfaces/lib:/home/upo/turtlebot3_ws/install/interfaces/lib:/opt/ros/jazzy/opt/gz_sim_vendor/lib:/opt/ros/jazzy/opt/gz_sensors_vendor/lib:/opt/ros/jazzy/opt/gz_physics_vendor/lib:/opt/ros/jazzy/opt/sdformat_vendor/lib:/opt/ros/jazzy/opt/rviz_ogre_vendor/lib:/opt/ros/jazzy/lib/x86_64-linux-gnu:/opt/ros/jazzy/opt/gz_gui_vendor/lib:/opt/ros/jazzy/opt/gz_transport_vendor/lib:/opt/ros/jazzy/opt/gz_rendering_vendor/lib:/opt/ros/jazzy/opt/gz_plugin_vendor/lib:/opt/ros/jazzy/opt/gz_fuel_tools_vendor/lib:/opt/ros/jazzy/opt/gz_msgs_vendor/lib:/opt/ros/jazzy/opt/gz_common_vendor/lib:/opt/ros/jazzy/opt/gz_math_vendor/lib:/opt/ros/jazzy/opt/gz_utils_vendor/lib:/opt/ros/jazzy/opt/gz_tools_vendor/lib:/opt/ros/jazzy/opt/gz_ogre_next_vendor/lib:/opt/ros/jazzy/opt/gz_dartsim_vendor/lib:/opt/ros/jazzy/opt/gz_cmake_vendor/lib:/opt/ros/jazzy/lib', 'HOME': '/home/upo', 'CHROME_DESKTOP': 'code.desktop', 'OLDPWD': '/home/upo/TFG', 'TERM_PROGRAM_VERSION': '1.126.0', 'DESKTOP_SESSION': 'ubuntu', 'ROS_PYTHON_VERSION': '3', 'GNOME_SHELL_SESSION_MODE': 'ubuntu', 'GTK_MODULES': 'gail:atk-bridge', 'VSCODE_GIT_ASKPASS_MAIN': '/usr/share/code/resources/app/extensions/git/dist/askpass-main.js', 'VSCODE_GIT_ASKPASS_NODE': '/usr/share/code/code', 'DBUS_STARTER_BUS_TYPE': 'session', 'SYSTEMD_EXEC_PID': '2495', 'VSCODE_PYTHON_AUTOACTIVATE_GUARD': '1', 'GSM_SKIP_SSH_AGENT_WORKAROUND': 'true', 'DBUS_SESSION_BUS_ADDRESS': 'unix:path=/run/user/1000/bus,guid=363d1e468aca3fabeca0c6d56a4df74b', 'COLORTERM': 'truecolor', 'DEBUGINFOD_URLS': 'https://debuginfod.ubuntu.com', 'COLCON_PREFIX_PATH': '/home/upo/turtlebot3_ws/install', 'ROS_DISTRO': 'jazzy', 'LOGNAME': 'upo', '_': '/usr/bin/colcon', 'ROS_VERSION': '2', 'MEMORY_PRESSURE_WATCH': '/sys/fs/cgroup/user.slice/user-1000.slice/user@1000.service/app.slice/app-gnome\\x2dsession\\x2dmanager.slice/gnome-session-manager@ubuntu.service/memory.pressure', 'CLAUDE_CODE_SSE_PORT': '55408', 'XDG_SESSION_CLASS': 'user', 'USERNAME': 'upo', 'TERM': 'xterm-256color', 'GNOME_DESKTOP_SESSION_ID': 'this-is-deprecated', 'FC_FONTATIONS': '1', 'WINDOWPATH': '2', 'PATH': '/home/upo/platform-tools:/home/upo/.npm-global/bin:/home/upo/.config/Code/User/globalStorage/github.copilot-chat/debugCommand:/home/upo/.config/Code/User/globalStorage/github.copilot-chat/copilotCli:/opt/ros/jazzy/opt/gz_msgs_vendor/bin:/opt/ros/jazzy/opt/gz_tools_vendor/bin:/opt/ros/jazzy/opt/gz_ogre_next_vendor/bin:/opt/ros/jazzy/bin:/home/upo/platform-tools:/home/upo/.npm-global/bin:/home/upo/.local/bin:/usr/local/sbin:/usr/local/bin:/usr/sbin:/usr/bin:/sbin:/bin:/usr/games:/usr/local/games:/snap/bin:/snap/bin', 'SESSION_MANAGER': 'local/upo-ASUS-TUF-Gaming-A15-FA507RR-TUF507RR:@/tmp/.ICE-unix/2495,unix/upo-ASUS-TUF-Gaming-A15-FA507RR-TUF507RR:/tmp/.ICE-unix/2495', 'XDG_MENU_PREFIX': 'gnome-', 'GNOME_TERMINAL_SCREEN': '/org/gnome/Terminal/screen/2478bdcd_4a6f_4f09_acc2_ea0ad9e073f2', 'XDG_RUNTIME_DIR': '/run/user/1000', 'GDK_BACKEND': 'x11', 'DISPLAY': ':0', 'LANG': 'en_US.UTF-8', 'XDG_CURRENT_DESKTOP': 'ubuntu:GNOME', 'XMODIFIERS': '@im=ibus', 'XDG_SESSION_DESKTOP': 'ubuntu', 'XAUTHORITY': '/run/user/1000/gdm/Xauthority', 'LS_COLORS': 'rs=0:di=01;34:ln=01;36:mh=00:pi=40;33:so=01;35:do=01;35:bd=40;33;01:cd=40;33;01:or=40;31;01:mi=00:su=37;41:sg=30;43:ca=00:tw=30;42:ow=34;42:st=37;44:ex=01;32:*.tar=01;31:*.tgz=01;31:*.arc=01;31:*.arj=01;31:*.taz=01;31:*.lha=01;31:*.lz4=01;31:*.lzh=01;31:*.lzma=01;31:*.tlz=01;31:*.txz=01;31:*.tzo=01;31:*.t7z=01;31:*.zip=01;31:*.z=01;31:*.dz=01;31:*.gz=01;31:*.lrz=01;31:*.lz=01;31:*.lzo=01;31:*.xz=01;31:*.zst=01;31:*.tzst=01;31:*.bz2=01;31:*.bz=01;31:*.tbz=01;31:*.tbz2=01;31:*.tz=01;31:*.deb=01;31:*.rpm=01;31:*.jar=01;31:*.war=01;31:*.ear=01;31:*.sar=01;31:*.rar=01;31:*.alz=01;31:*.ace=01;31:*.zoo=01;31:*.cpio=01;31:*.7z=01;31:*.rz=01;31:*.cab=01;31:*.wim=01;31:*.swm=01;31:*.dwm=01;31:*.esd=01;31:*.avif=01;35:*.jpg=01;35:*.jpeg=01;35:*.mjpg=01;35:*.mjpeg=01;35:*.gif=01;35:*.bmp=01;35:*.pbm=01;35:*.pgm=01;35:*.ppm=01;35:*.tga=01;35:*.xbm=01;35:*.xpm=01;35:*.tif=01;35:*.tiff=01;35:*.png=01;35:*.svg=01;35:*.svgz=01;35:*.mng=01;35:*.pcx=01;35:*.mov=01;35:*.mpg=01;35:*.mpeg=01;35:*.m2v=01;35:*.mkv=01;35:*.webm=01;35:*.webp=01;35:*.ogm=01;35:*.mp4=01;35:*.m4v=01;35:*.mp4v=01;35:*.vob=01;35:*.qt=01;35:*.nuv=01;35:*.wmv=01;35:*.asf=01;35:*.rm=01;35:*.rmvb=01;35:*.flc=01;35:*.avi=01;35:*.fli=01;35:*.flv=01;35:*.gl=01;35:*.dl=01;35:*.xcf=01;35:*.xwd=01;35:*.yuv=01;35:*.cgm=01;35:*.emf=01;35:*.ogv=01;35:*.ogx=01;35:*.aac=00;36:*.au=00;36:*.flac=00;36:*.m4a=00;36:*.mid=00;36:*.midi=00;36:*.mka=00;36:*.mp3=00;36:*.mpc=00;36:*.ogg=00;36:*.ra=00;36:*.wav=00;36:*.oga=00;36:*.opus=00;36:*.spx=00;36:*.xspf=00;36:*~=00;90:*#=00;90:*.bak=00;90:*.crdownload=00;90:*.dpkg-dist=00;90:*.dpkg-new=00;90:*.dpkg-old=00;90:*.dpkg-tmp=00;90:*.old=00;90:*.orig=00;90:*.part=00;90:*.rej=00;90:*.rpmnew=00;90:*.rpmorig=00;90:*.rpmsave=00;90:*.swp=00;90:*.tmp=00;90:*.ucf-dist=00;90:*.ucf-new=00;90:*.ucf-old=00;90:', 'VSCODE_GIT_IPC_HANDLE': '/run/user/1000/vscode-git-466a10eeed.sock', 'GNOME_TERMINAL_SERVICE': ':1.153', 'TERM_PROGRAM': 'vscode', 'SSH_AUTH_SOCK': '/run/user/1000/keyring/ssh', 'AMENT_PREFIX_PATH': '/home/upo/TFG/ros2_ws/install/interfaces:/home/upo/turtlebot3_ws/install/userCommunication:/home/upo/turtlebot3_ws/install/turtlebot3:/home/upo/turtlebot3_ws/install/turtlebot3_teleop:/home/upo/turtlebot3_ws/install/turtlebot3_simulations:/home/upo/turtlebot3_ws/install/turtlebot3_bringup:/home/upo/turtlebot3_ws/install/turtlebot3_node:/home/upo/turtlebot3_ws/install/turtlebot3_navigation2:/home/upo/turtlebot3_ws/install/turtlebot3_gazebo:/home/upo/turtlebot3_ws/install/turtlebot3_fake_node:/home/upo/turtlebot3_ws/install/turtlebot3_example:/home/upo/turtlebot3_ws/install/turtlebot3_description:/home/upo/turtlebot3_ws/install/turtlebot3_cartographer:/home/upo/turtlebot3_ws/install/robotMovement:/home/upo/turtlebot3_ws/install/robotCommunication:/home/upo/turtlebot3_ws/install/VLMProcessing:/home/upo/turtlebot3_ws/install/interfaces:/opt/ros/jazzy', 'SHELL': '/bin/bash', 'QT_ACCESSIBILITY': '1', 'GDMSESSION': 'ubuntu', 'LESSCLOSE': '/usr/bin/lesspipe %s %s', 'GPG_AGENT_INFO': '/run/user/1000/gnupg/S.gpg-agent:0:1', 'ROS_AUTOMATIC_DISCOVERY_RANGE': 'SUBNET', 'VSCODE_GIT_ASKPASS_EXTRA_ARGS': '', 'QT_IM_MODULE': 'ibus', 'PWD': '/home/upo/TFG/ros2_ws/build/VLMProcessing', 'TURTLEBOT3_MODEL': 'waffle', 'LC_ALL': 'en_US.UTF-8', 'XDG_CONFIG_DIRS': '/etc/xdg/xdg-ubuntu:/etc/xdg', 'COPILOT_DEBUG_NONCE': 'b1d28ae3d882b8fabe7a3762c8804e8c', 'DBUS_STARTER_ADDRESS': 'unix:path=/run/user/1000/bus,guid=363d1e468aca3fabeca0c6d56a4df74b', 'XDG_DATA_DIRS': '/usr/share/ubuntu:/usr/share/gnome:/home/upo/.local/share/flatpak/exports/share:/var/lib/flatpak/exports/share:/usr/local/share/:/usr/share/:/var/lib/snapd/desktop', 'PYTHONPATH': '/home/upo/TFG/ros2_ws/build/VLMProcessing/prefix_override:/usr/lib/python3/dist-packages/colcon_core/task/python/colcon_distutils_commands:/home/upo/TFG/ros2_ws/install/VLMProcessing/lib/python3.12/site-packages:/home/upo/TFG/ros2_ws/install/interfaces/lib/python3.12/site-packages:/home/upo/turtlebot3_ws/install/userCommunication/lib/python3.12/site-packages:/home/upo/turtlebot3_ws/build/turtlebot3_teleop:/home/upo/turtlebot3_ws/install/turtlebot3_teleop/lib/python3.12/site-packages:/home/upo/turtlebot3_ws/build/turtlebot3_example:/home/upo/turtlebot3_ws/install/turtlebot3_example/lib/python3.12/site-packages:/home/upo/turtlebot3_ws/install/robotMovement/lib/python3.12/site-packages:/home/upo/turtlebot3_ws/install/robotCommunication/lib/python3.12/site-packages:/home/upo/turtlebot3_ws/install/VLMProcessing/lib/python3.12/site-packages:/home/upo/turtlebot3_ws/install/interfaces/lib/python3.12/site-packages:/opt/ros/jazzy/lib/python3.12/site-packages', 'COLCON': '1', 'MEMORY_PRESSURE_WRITE': 'c29tZSAyMDAwMDAgMjAwMDAwMAA=', 'VTE_VERSION': '7600', 'CMAKE_PREFIX_PATH': '/home/upo/TFG/ros2_ws/install/interfaces:/home/upo/turtlebot3_ws/install/turtlebot3:/home/upo/turtlebot3_ws/install/turtlebot3_simulations:/home/upo/turtlebot3_ws/install/turtlebot3_bringup:/home/upo/turtlebot3_ws/install/turtlebot3_node:/home/upo/turtlebot3_ws/install/turtlebot3_navigation2:/home/upo/turtlebot3_ws/install/turtlebot3_gazebo:/home/upo/turtlebot3_ws/install/turtlebot3_fake_node:/home/upo/turtlebot3_ws/install/turtlebot3_description:/home/upo/turtlebot3_ws/install/turtlebot3_cartographer:/home/upo/turtlebot3_ws/install/interfaces:/opt/ros/jazzy/opt/gz_sim_vendor:/opt/ros/jazzy/opt/gz_sensors_vendor:/opt/ros/jazzy/opt/gz_physics_vendor:/opt/ros/jazzy/opt/sdformat_vendor:/opt/ros/jazzy/opt/gz_gui_vendor:/opt/ros/jazzy/opt/gz_transport_vendor:/opt/ros/jazzy/opt/gz_rendering_vendor:/opt/ros/jazzy/opt/gz_plugin_vendor:/opt/ros/jazzy/opt/gz_fuel_tools_vendor:/opt/ros/jazzy/opt/gz_msgs_vendor:/opt/ros/jazzy/opt/gz_common_vendor:/opt/ros/jazzy/opt/gz_math_vendor:/opt/ros/jazzy/opt/gz_utils_vendor:/opt/ros/jazzy/opt/gz_tools_vendor:/opt/ros/jazzy/opt/gz_ogre_next_vendor:/opt/ros/jazzy/opt/gz_dartsim_vendor:/opt/ros/jazzy/opt/gz_cmake_vendor'}, 'shell': False}
[2.755511] (robotMovement) Command: {'cmd': ['/usr/bin/python3', '-W', 'ignore:setup.py install is deprecated', '-W', 'ignore:easy_install command is deprecated', 'setup.py', 'develop', '--editable', '--build-directory', '/home/upo/TFG/ros2_ws/build/robotMovement/build', '--no-deps', 'symlink_data'], 'cwd': '/home/upo/TFG/ros2_ws/build/robotMovement', 'env': {'LESSOPEN': '| /usr/bin/lesspipe %s', 'GZ_SIM_RESOURCE_PATH': '/opt/ros/jazzy/share', 'USER': 'upo', 'GZ_CONFIG_PATH': '/opt/ros/jazzy/opt/gz_sim_vendor/share/gz:/opt/ros/jazzy/opt/sdformat_vendor/share/gz:/opt/ros/jazzy/opt/gz_gui_vendor/share/gz:/opt/ros/jazzy/opt/gz_transport_vendor/share/gz:/opt/ros/jazzy/opt/gz_rendering_vendor/share/gz:/opt/ros/jazzy/opt/gz_plugin_vendor/share/gz:/opt/ros/jazzy/opt/gz_fuel_tools_vendor/share/gz:/opt/ros/jazzy/opt/gz_msgs_vendor/share/gz:/opt/ros/jazzy/opt/gz_common_vendor/share/gz', 'XDG_SESSION_TYPE': 'x11', 'GIT_ASKPASS': '/usr/share/code/resources/app/extensions/git/dist/askpass.sh', 'SHLVL': '3', 'LD_LIBRARY_PATH': '/home/upo/TFG/ros2_ws/install/interfaces/lib:/home/upo/turtlebot3_ws/install/interfaces/lib:/opt/ros/jazzy/opt/gz_sim_vendor/lib:/opt/ros/jazzy/opt/gz_sensors_vendor/lib:/opt/ros/jazzy/opt/gz_physics_vendor/lib:/opt/ros/jazzy/opt/sdformat_vendor/lib:/opt/ros/jazzy/opt/rviz_ogre_vendor/lib:/opt/ros/jazzy/lib/x86_64-linux-gnu:/opt/ros/jazzy/opt/gz_gui_vendor/lib:/opt/ros/jazzy/opt/gz_transport_vendor/lib:/opt/ros/jazzy/opt/gz_rendering_vendor/lib:/opt/ros/jazzy/opt/gz_plugin_vendor/lib:/opt/ros/jazzy/opt/gz_fuel_tools_vendor/lib:/opt/ros/jazzy/opt/gz_msgs_vendor/lib:/opt/ros/jazzy/opt/gz_common_vendor/lib:/opt/ros/jazzy/opt/gz_math_vendor/lib:/opt/ros/jazzy/opt/gz_utils_vendor/lib:/opt/ros/jazzy/opt/gz_tools_vendor/lib:/opt/ros/jazzy/opt/gz_ogre_next_vendor/lib:/opt/ros/jazzy/opt/gz_dartsim_vendor/lib:/opt/ros/jazzy/opt/gz_cmake_vendor/lib:/opt/ros/jazzy/lib', 'HOME': '/home/upo', 'CHROME_DESKTOP': 'code.desktop', 'OLDPWD': '/home/upo/TFG', 'TERM_PROGRAM_VERSION': '1.126.0', 'DESKTOP_SESSION': 'ubuntu', 'ROS_PYTHON_VERSION': '3', 'GNOME_SHELL_SESSION_MODE': 'ubuntu', 'GTK_MODULES': 'gail:atk-bridge', 'VSCODE_GIT_ASKPASS_MAIN': '/usr/share/code/resources/app/extensions/git/dist/askpass-main.js', 'VSCODE_GIT_ASKPASS_NODE': '/usr/share/code/code', 'DBUS_STARTER_BUS_TYPE': 'session', 'SYSTEMD_EXEC_PID': '2495', 'VSCODE_PYTHON_AUTOACTIVATE_GUARD': '1', 'GSM_SKIP_SSH_AGENT_WORKAROUND': 'true', 'DBUS_SESSION_BUS_ADDRESS': 'unix:path=/run/user/1000/bus,guid=363d1e468aca3fabeca0c6d56a4df74b', 'COLORTERM': 'truecolor', 'DEBUGINFOD_URLS': 'https://debuginfod.ubuntu.com', 'COLCON_PREFIX_PATH': '/home/upo/turtlebot3_ws/install', 'ROS_DISTRO': 'jazzy', 'LOGNAME': 'upo', '_': '/usr/bin/colcon', 'ROS_VERSION': '2', 'MEMORY_PRESSURE_WATCH': '/sys/fs/cgroup/user.slice/user-1000.slice/user@1000.service/app.slice/app-gnome\\x2dsession\\x2dmanager.slice/gnome-session-manager@ubuntu.service/memory.pressure', 'CLAUDE_CODE_SSE_PORT': '55408', 'XDG_SESSION_CLASS': 'user', 'USERNAME': 'upo', 'TERM': 'xterm-256color', 'GNOME_DESKTOP_SESSION_ID': 'this-is-deprecated', 'FC_FONTATIONS': '1', 'WINDOWPATH': '2', 'PATH': '/home/upo/platform-tools:/home/upo/.npm-global/bin:/home/upo/.config/Code/User/globalStorage/github.copilot-chat/debugCommand:/home/upo/.config/Code/User/globalStorage/github.copilot-chat/copilotCli:/opt/ros/jazzy/opt/gz_msgs_vendor/bin:/opt/ros/jazzy/opt/gz_tools_vendor/bin:/opt/ros/jazzy/opt/gz_ogre_next_vendor/bin:/opt/ros/jazzy/bin:/home/upo/platform-tools:/home/upo/.npm-global/bin:/home/upo/.local/bin:/usr/local/sbin:/usr/local/bin:/usr/sbin:/usr/bin:/sbin:/bin:/usr/games:/usr/local/games:/snap/bin:/snap/bin', 'SESSION_MANAGER': 'local/upo-ASUS-TUF-Gaming-A15-FA507RR-TUF507RR:@/tmp/.ICE-unix/2495,unix/upo-ASUS-TUF-Gaming-A15-FA507RR-TUF507RR:/tmp/.ICE-unix/2495', 'XDG_MENU_PREFIX': 'gnome-', 'GNOME_TERMINAL_SCREEN': '/org/gnome/Terminal/screen/2478bdcd_4a6f_4f09_acc2_ea0ad9e073f2', 'XDG_RUNTIME_DIR': '/run/user/1000', 'GDK_BACKEND': 'x11', 'DISPLAY': ':0', 'LANG': 'en_US.UTF-8', 'XDG_CURRENT_DESKTOP': 'ubuntu:GNOME', 'XMODIFIERS': '@im=ibus', 'XDG_SESSION_DESKTOP': 'ubuntu', 'XAUTHORITY': '/run/user/1000/gdm/Xauthority', 'LS_COLORS': 'rs=0:di=01;34:ln=01;36:mh=00:pi=40;33:so=01;35:do=01;35:bd=40;33;01:cd=40;33;01:or=40;31;01:mi=00:su=37;41:sg=30;43:ca=00:tw=30;42:ow=34;42:st=37;44:ex=01;32:*.tar=01;31:*.tgz=01;31:*.arc=01;31:*.arj=01;31:*.taz=01;31:*.lha=01;31:*.lz4=01;31:*.lzh=01;31:*.lzma=01;31:*.tlz=01;31:*.txz=01;31:*.tzo=01;31:*.t7z=01;31:*.zip=01;31:*.z=01;31:*.dz=01;31:*.gz=01;31:*.lrz=01;31:*.lz=01;31:*.lzo=01;31:*.xz=01;31:*.zst=01;31:*.tzst=01;31:*.bz2=01;31:*.bz=01;31:*.tbz=01;31:*.tbz2=01;31:*.tz=01;31:*.deb=01;31:*.rpm=01;31:*.jar=01;31:*.war=01;31:*.ear=01;31:*.sar=01;31:*.rar=01;31:*.alz=01;31:*.ace=01;31:*.zoo=01;31:*.cpio=01;31:*.7z=01;31:*.rz=01;31:*.cab=01;31:*.wim=01;31:*.swm=01;31:*.dwm=01;31:*.esd=01;31:*.avif=01;35:*.jpg=01;35:*.jpeg=01;35:*.mjpg=01;35:*.mjpeg=01;35:*.gif=01;35:*.bmp=01;35:*.pbm=01;35:*.pgm=01;35:*.ppm=01;35:*.tga=01;35:*.xbm=01;35:*.xpm=01;35:*.tif=01;35:*.tiff=01;35:*.png=01;35:*.svg=01;35:*.svgz=01;35:*.mng=01;35:*.pcx=01;35:*.mov=01;35:*.mpg=01;35:*.mpeg=01;35:*.m2v=01;35:*.mkv=01;35:*.webm=01;35:*.webp=01;35:*.ogm=01;35:*.mp4=01;35:*.m4v=01;35:*.mp4v=01;35:*.vob=01;35:*.qt=01;35:*.nuv=01;35:*.wmv=01;35:*.asf=01;35:*.rm=01;35:*.rmvb=01;35:*.flc=01;35:*.avi=01;35:*.fli=01;35:*.flv=01;35:*.gl=01;35:*.dl=01;35:*.xcf=01;35:*.xwd=01;35:*.yuv=01;35:*.cgm=01;35:*.emf=01;35:*.ogv=01;35:*.ogx=01;35:*.aac=00;36:*.au=00;36:*.flac=00;36:*.m4a=00;36:*.mid=00;36:*.midi=00;36:*.mka=00;36:*.mp3=00;36:*.mpc=00;36:*.ogg=00;36:*.ra=00;36:*.wav=00;36:*.oga=00;36:*.opus=00;36:*.spx=00;36:*.xspf=00;36:*~=00;90:*#=00;90:*.bak=00;90:*.crdownload=00;90:*.dpkg-dist=00;90:*.dpkg-new=00;90:*.dpkg-old=00;90:*.dpkg-tmp=00;90:*.old=00;90:*.orig=00;90:*.part=00;90:*.rej=00;90:*.rpmnew=00;90:*.rpmorig=00;90:*.rpmsave=00;90:*.swp=00;90:*.tmp=00;90:*.ucf-dist=00;90:*.ucf-new=00;90:*.ucf-old=00;90:', 'VSCODE_GIT_IPC_HANDLE': '/run/user/1000/vscode-git-466a10eeed.sock', 'GNOME_TERMINAL_SERVICE': ':1.153', 'TERM_PROGRAM': 'vscode', 'SSH_AUTH_SOCK': '/run/user/1000/keyring/ssh', 'AMENT_PREFIX_PATH': '/home/upo/TFG/ros2_ws/install/interfaces:/home/upo/turtlebot3_ws/install/userCommunication:/home/upo/turtlebot3_ws/install/turtlebot3:/home/upo/turtlebot3_ws/install/turtlebot3_teleop:/home/upo/turtlebot3_ws/install/turtlebot3_simulations:/home/upo/turtlebot3_ws/install/turtlebot3_bringup:/home/upo/turtlebot3_ws/install/turtlebot3_node:/home/upo/turtlebot3_ws/install/turtlebot3_navigation2:/home/upo/turtlebot3_ws/install/turtlebot3_gazebo:/home/upo/turtlebot3_ws/install/turtlebot3_fake_node:/home/upo/turtlebot3_ws/install/turtlebot3_example:/home/upo/turtlebot3_ws/install/turtlebot3_description:/home/upo/turtlebot3_ws/install/turtlebot3_cartographer:/home/upo/turtlebot3_ws/install/robotMovement:/home/upo/turtlebot3_ws/install/robotCommunication:/home/upo/turtlebot3_ws/install/VLMProcessing:/home/upo/turtlebot3_ws/install/interfaces:/opt/ros/jazzy', 'SHELL': '/bin/bash', 'QT_ACCESSIBILITY': '1', 'GDMSESSION': 'ubuntu', 'LESSCLOSE': '/usr/bin/lesspipe %s %s', 'GPG_AGENT_INFO': '/run/user/1000/gnupg/S.gpg-agent:0:1', 'ROS_AUTOMATIC_DISCOVERY_RANGE': 'SUBNET', 'VSCODE_GIT_ASKPASS_EXTRA_ARGS': '', 'QT_IM_MODULE': 'ibus', 'PWD': '/home/upo/TFG/ros2_ws/build/robotMovement', 'TURTLEBOT3_MODEL': 'waffle', 'LC_ALL': 'en_US.UTF-8', 'XDG_CONFIG_DIRS': '/etc/xdg/xdg-ubuntu:/etc/xdg', 'COPILOT_DEBUG_NONCE': 'b1d28ae3d882b8fabe7a3762c8804e8c', 'DBUS_STARTER_ADDRESS': 'unix:path=/run/user/1000/bus,guid=363d1e468aca3fabeca0c6d56a4df74b', 'XDG_DATA_DIRS': '/usr/share/ubuntu:/usr/share/gnome:/home/upo/.local/share/flatpak/exports/share:/var/lib/flatpak/exports/share:/usr/local/share/:/usr/share/:/var/lib/snapd/desktop', 'PYTHONPATH': '/home/upo/TFG/ros2_ws/build/robotMovement/prefix_override:/usr/lib/python3/dist-packages/colcon_core/task/python/colcon_distutils_commands:/home/upo/TFG/ros2_ws/install/robotMovement/lib/python3.12/site-packages:/home/upo/TFG/ros2_ws/install/interfaces/lib/python3.12/site-packages:/home/upo/turtlebot3_ws/install/userCommunication/lib/python3.12/site-packages:/home/upo/turtlebot3_ws/build/turtlebot3_teleop:/home/upo/turtlebot3_ws/install/turtlebot3_teleop/lib/python3.12/site-packages:/home/upo/turtlebot3_ws/build/turtlebot3_example:/home/upo/turtlebot3_ws/install/turtlebot3_example/lib/python3.12/site-packages:/home/upo/turtlebot3_ws/install/robotMovement/lib/python3.12/site-packages:/home/upo/turtlebot3_ws/install/robotCommunication/lib/python3.12/site-packages:/home/upo/turtlebot3_ws/install/VLMProcessing/lib/python3.12/site-packages:/home/upo/turtlebot3_ws/install/interfaces/lib/python3.12/site-packages:/opt/ros/jazzy/lib/python3.12/site-packages', 'COLCON': '1', 'MEMORY_PRESSURE_WRITE': 'c29tZSAyMDAwMDAgMjAwMDAwMAA=', 'VTE_VERSION': '7600', 'CMAKE_PREFIX_PATH': '/home/upo/TFG/ros2_ws/install/interfaces:/home/upo/turtlebot3_ws/install/turtlebot3:/home/upo/turtlebot3_ws/install/turtlebot3_simulations:/home/upo/turtlebot3_ws/install/turtlebot3_bringup:/home/upo/turtlebot3_ws/install/turtlebot3_node:/home/upo/turtlebot3_ws/install/turtlebot3_navigation2:/home/upo/turtlebot3_ws/install/turtlebot3_gazebo:/home/upo/turtlebot3_ws/install/turtlebot3_fake_node:/home/upo/turtlebot3_ws/install/turtlebot3_description:/home/upo/turtlebot3_ws/install/turtlebot3_cartographer:/home/upo/turtlebot3_ws/install/interfaces:/opt/ros/jazzy/opt/gz_sim_vendor:/opt/ros/jazzy/opt/gz_sensors_vendor:/opt/ros/jazzy/opt/gz_physics_vendor:/opt/ros/jazzy/opt/sdformat_vendor:/opt/ros/jazzy/opt/gz_gui_vendor:/opt/ros/jazzy/opt/gz_transport_vendor:/opt/ros/jazzy/opt/gz_rendering_vendor:/opt/ros/jazzy/opt/gz_plugin_vendor:/opt/ros/jazzy/opt/gz_fuel_tools_vendor:/opt/ros/jazzy/opt/gz_msgs_vendor:/opt/ros/jazzy/opt/gz_common_vendor:/opt/ros/jazzy/opt/gz_math_vendor:/opt/ros/jazzy/opt/gz_utils_vendor:/opt/ros/jazzy/opt/gz_tools_vendor:/opt/ros/jazzy/opt/gz_ogre_next_vendor:/opt/ros/jazzy/opt/gz_dartsim_vendor:/opt/ros/jazzy/opt/gz_cmake_vendor'}, 'shell': False}
[2.765038] (robotCommunication) Command: {'cmd': ['/usr/bin/python3', '-W', 'ignore:setup.py install is deprecated', '-W', 'ignore:easy_install command is deprecated', 'setup.py', 'develop', '--editable', '--build-directory', '/home/upo/TFG/ros2_ws/build/robotCommunication/build', '--no-deps', 'symlink_data'], 'cwd': '/home/upo/TFG/ros2_ws/build/robotCommunication', 'env': {'LESSOPEN': '| /usr/bin/lesspipe %s', 'GZ_SIM_RESOURCE_PATH': '/opt/ros/jazzy/share', 'USER': 'upo', 'GZ_CONFIG_PATH': '/opt/ros/jazzy/opt/gz_sim_vendor/share/gz:/opt/ros/jazzy/opt/sdformat_vendor/share/gz:/opt/ros/jazzy/opt/gz_gui_vendor/share/gz:/opt/ros/jazzy/opt/gz_transport_vendor/share/gz:/opt/ros/jazzy/opt/gz_rendering_vendor/share/gz:/opt/ros/jazzy/opt/gz_plugin_vendor/share/gz:/opt/ros/jazzy/opt/gz_fuel_tools_vendor/share/gz:/opt/ros/jazzy/opt/gz_msgs_vendor/share/gz:/opt/ros/jazzy/opt/gz_common_vendor/share/gz', 'XDG_SESSION_TYPE': 'x11', 'GIT_ASKPASS': '/usr/share/code/resources/app/extensions/git/dist/askpass.sh', 'SHLVL': '3', 'LD_LIBRARY_PATH': '/home/upo/TFG/ros2_ws/install/interfaces/lib:/home/upo/turtlebot3_ws/install/interfaces/lib:/opt/ros/jazzy/opt/gz_sim_vendor/lib:/opt/ros/jazzy/opt/gz_sensors_vendor/lib:/opt/ros/jazzy/opt/gz_physics_vendor/lib:/opt/ros/jazzy/opt/sdformat_vendor/lib:/opt/ros/jazzy/opt/rviz_ogre_vendor/lib:/opt/ros/jazzy/lib/x86_64-linux-gnu:/opt/ros/jazzy/opt/gz_gui_vendor/lib:/opt/ros/jazzy/opt/gz_transport_vendor/lib:/opt/ros/jazzy/opt/gz_rendering_vendor/lib:/opt/ros/jazzy/opt/gz_plugin_vendor/lib:/opt/ros/jazzy/opt/gz_fuel_tools_vendor/lib:/opt/ros/jazzy/opt/gz_msgs_vendor/lib:/opt/ros/jazzy/opt/gz_common_vendor/lib:/opt/ros/jazzy/opt/gz_math_vendor/lib:/opt/ros/jazzy/opt/gz_utils_vendor/lib:/opt/ros/jazzy/opt/gz_tools_vendor/lib:/opt/ros/jazzy/opt/gz_ogre_next_vendor/lib:/opt/ros/jazzy/opt/gz_dartsim_vendor/lib:/opt/ros/jazzy/opt/gz_cmake_vendor/lib:/opt/ros/jazzy/lib', 'HOME': '/home/upo', 'CHROME_DESKTOP': 'code.desktop', 'OLDPWD': '/home/upo/TFG', 'TERM_PROGRAM_VERSION': '1.126.0', 'DESKTOP_SESSION': 'ubuntu', 'ROS_PYTHON_VERSION': '3', 'GNOME_SHELL_SESSION_MODE': 'ubuntu', 'GTK_MODULES': 'gail:atk-bridge', 'VSCODE_GIT_ASKPASS_MAIN': '/usr/share/code/resources/app/extensions/git/dist/askpass-main.js', 'VSCODE_GIT_ASKPASS_NODE': '/usr/share/code/code', 'DBUS_STARTER_BUS_TYPE': 'session', 'SYSTEMD_EXEC_PID': '2495', 'VSCODE_PYTHON_AUTOACTIVATE_GUARD': '1', 'GSM_SKIP_SSH_AGENT_WORKAROUND': 'true', 'DBUS_SESSION_BUS_ADDRESS': 'unix:path=/run/user/1000/bus,guid=363d1e468aca3fabeca0c6d56a4df74b', 'COLORTERM': 'truecolor', 'DEBUGINFOD_URLS': 'https://debuginfod.ubuntu.com', 'COLCON_PREFIX_PATH': '/home/upo/turtlebot3_ws/install', 'ROS_DISTRO': 'jazzy', 'LOGNAME': 'upo', '_': '/usr/bin/colcon', 'ROS_VERSION': '2', 'MEMORY_PRESSURE_WATCH': '/sys/fs/cgroup/user.slice/user-1000.slice/user@1000.service/app.slice/app-gnome\\x2dsession\\x2dmanager.slice/gnome-session-manager@ubuntu.service/memory.pressure', 'CLAUDE_CODE_SSE_PORT': '55408', 'XDG_SESSION_CLASS': 'user', 'USERNAME': 'upo', 'TERM': 'xterm-256color', 'GNOME_DESKTOP_SESSION_ID': 'this-is-deprecated', 'FC_FONTATIONS': '1', 'WINDOWPATH': '2', 'PATH': '/home/upo/platform-tools:/home/upo/.npm-global/bin:/home/upo/.config/Code/User/globalStorage/github.copilot-chat/debugCommand:/home/upo/.config/Code/User/globalStorage/github.copilot-chat/copilotCli:/opt/ros/jazzy/opt/gz_msgs_vendor/bin:/opt/ros/jazzy/opt/gz_tools_vendor/bin:/opt/ros/jazzy/opt/gz_ogre_next_vendor/bin:/opt/ros/jazzy/bin:/home/upo/platform-tools:/home/upo/.npm-global/bin:/home/upo/.local/bin:/usr/local/sbin:/usr/local/bin:/usr/sbin:/usr/bin:/sbin:/bin:/usr/games:/usr/local/games:/snap/bin:/snap/bin', 'SESSION_MANAGER': 'local/upo-ASUS-TUF-Gaming-A15-FA507RR-TUF507RR:@/tmp/.ICE-unix/2495,unix/upo-ASUS-TUF-Gaming-A15-FA507RR-TUF507RR:/tmp/.ICE-unix/2495', 'XDG_MENU_PREFIX': 'gnome-', 'GNOME_TERMINAL_SCREEN': '/org/gnome/Terminal/screen/2478bdcd_4a6f_4f09_acc2_ea0ad9e073f2', 'XDG_RUNTIME_DIR': '/run/user/1000', 'GDK_BACKEND': 'x11', 'DISPLAY': ':0', 'LANG': 'en_US.UTF-8', 'XDG_CURRENT_DESKTOP': 'ubuntu:GNOME', 'XMODIFIERS': '@im=ibus', 'XDG_SESSION_DESKTOP': 'ubuntu', 'XAUTHORITY': '/run/user/1000/gdm/Xauthority', 'LS_COLORS': 'rs=0:di=01;34:ln=01;36:mh=00:pi=40;33:so=01;35:do=01;35:bd=40;33;01:cd=40;33;01:or=40;31;01:mi=00:su=37;41:sg=30;43:ca=00:tw=30;42:ow=34;42:st=37;44:ex=01;32:*.tar=01;31:*.tgz=01;31:*.arc=01;31:*.arj=01;31:*.taz=01;31:*.lha=01;31:*.lz4=01;31:*.lzh=01;31:*.lzma=01;31:*.tlz=01;31:*.txz=01;31:*.tzo=01;31:*.t7z=01;31:*.zip=01;31:*.z=01;31:*.dz=01;31:*.gz=01;31:*.lrz=01;31:*.lz=01;31:*.lzo=01;31:*.xz=01;31:*.zst=01;31:*.tzst=01;31:*.bz2=01;31:*.bz=01;31:*.tbz=01;31:*.tbz2=01;31:*.tz=01;31:*.deb=01;31:*.rpm=01;31:*.jar=01;31:*.war=01;31:*.ear=01;31:*.sar=01;31:*.rar=01;31:*.alz=01;31:*.ace=01;31:*.zoo=01;31:*.cpio=01;31:*.7z=01;31:*.rz=01;31:*.cab=01;31:*.wim=01;31:*.swm=01;31:*.dwm=01;31:*.esd=01;31:*.avif=01;35:*.jpg=01;35:*.jpeg=01;35:*.mjpg=01;35:*.mjpeg=01;35:*.gif=01;35:*.bmp=01;35:*.pbm=01;35:*.pgm=01;35:*.ppm=01;35:*.tga=01;35:*.xbm=01;35:*.xpm=01;35:*.tif=01;35:*.tiff=01;35:*.png=01;35:*.svg=01;35:*.svgz=01;35:*.mng=01;35:*.pcx=01;35:*.mov=01;35:*.mpg=01;35:*.mpeg=01;35:*.m2v=01;35:*.mkv=01;35:*.webm=01;35:*.webp=01;35:*.ogm=01;35:*.mp4=01;35:*.m4v=01;35:*.mp4v=01;35:*.vob=01;35:*.qt=01;35:*.nuv=01;35:*.wmv=01;35:*.asf=01;35:*.rm=01;35:*.rmvb=01;35:*.flc=01;35:*.avi=01;35:*.fli=01;35:*.flv=01;35:*.gl=01;35:*.dl=01;35:*.xcf=01;35:*.xwd=01;35:*.yuv=01;35:*.cgm=01;35:*.emf=01;35:*.ogv=01;35:*.ogx=01;35:*.aac=00;36:*.au=00;36:*.flac=00;36:*.m4a=00;36:*.mid=00;36:*.midi=00;36:*.mka=00;36:*.mp3=00;36:*.mpc=00;36:*.ogg=00;36:*.ra=00;36:*.wav=00;36:*.oga=00;36:*.opus=00;36:*.spx=00;36:*.xspf=00;36:*~=00;90:*#=00;90:*.bak=00;90:*.crdownload=00;90:*.dpkg-dist=00;90:*.dpkg-new=00;90:*.dpkg-old=00;90:*.dpkg-tmp=00;90:*.old=00;90:*.orig=00;90:*.part=00;90:*.rej=00;90:*.rpmnew=00;90:*.rpmorig=00;90:*.rpmsave=00;90:*.swp=00;90:*.tmp=00;90:*.ucf-dist=00;90:*.ucf-new=00;90:*.ucf-old=00;90:', 'VSCODE_GIT_IPC_HANDLE': '/run/user/1000/vscode-git-466a10eeed.sock', 'GNOME_TERMINAL_SERVICE': ':1.153', 'TERM_PROGRAM': 'vscode', 'SSH_AUTH_SOCK': '/run/user/1000/keyring/ssh', 'AMENT_PREFIX_PATH': '/home/upo/TFG/ros2_ws/install/interfaces:/home/upo/turtlebot3_ws/install/userCommunication:/home/upo/turtlebot3_ws/install/turtlebot3:/home/upo/turtlebot3_ws/install/turtlebot3_teleop:/home/upo/turtlebot3_ws/install/turtlebot3_simulations:/home/upo/turtlebot3_ws/install/turtlebot3_bringup:/home/upo/turtlebot3_ws/install/turtlebot3_node:/home/upo/turtlebot3_ws/install/turtlebot3_navigation2:/home/upo/turtlebot3_ws/install/turtlebot3_gazebo:/home/upo/turtlebot3_ws/install/turtlebot3_fake_node:/home/upo/turtlebot3_ws/install/turtlebot3_example:/home/upo/turtlebot3_ws/install/turtlebot3_description:/home/upo/turtlebot3_ws/install/turtlebot3_cartographer:/home/upo/turtlebot3_ws/install/robotMovement:/home/upo/turtlebot3_ws/install/robotCommunication:/home/upo/turtlebot3_ws/install/VLMProcessing:/home/upo/turtlebot3_ws/install/interfaces:/opt/ros/jazzy', 'SHELL': '/bin/bash', 'QT_ACCESSIBILITY': '1', 'GDMSESSION': 'ubuntu', 'LESSCLOSE': '/usr/bin/lesspipe %s %s', 'GPG_AGENT_INFO': '/run/user/1000/gnupg/S.gpg-agent:0:1', 'ROS_AUTOMATIC_DISCOVERY_RANGE': 'SUBNET', 'VSCODE_GIT_ASKPASS_EXTRA_ARGS': '', 'QT_IM_MODULE': 'ibus', 'PWD': '/home/upo/TFG/ros2_ws/build/robotCommunication', 'TURTLEBOT3_MODEL': 'waffle', 'LC_ALL': 'en_US.UTF-8', 'XDG_CONFIG_DIRS': '/etc/xdg/xdg-ubuntu:/etc/xdg', 'COPILOT_DEBUG_NONCE': 'b1d28ae3d882b8fabe7a3762c8804e8c', 'DBUS_STARTER_ADDRESS': 'unix:path=/run/user/1000/bus,guid=363d1e468aca3fabeca0c6d56a4df74b', 'XDG_DATA_DIRS': '/usr/share/ubuntu:/usr/share/gnome:/home/upo/.local/share/flatpak/exports/share:/var/lib/flatpak/exports/share:/usr/local/share/:/usr/share/:/var/lib/snapd/desktop', 'PYTHONPATH': '/home/upo/TFG/ros2_ws/build/robotCommunication/prefix_override:/usr/lib/python3/dist-packages/colcon_core/task/python/colcon_distutils_commands:/home/upo/TFG/ros2_ws/install/robotCommunication/lib/python3.12/site-packages:/home/upo/TFG/ros2_ws/install/interfaces/lib/python3.12/site-packages:/home/upo/turtlebot3_ws/install/userCommunication/lib/python3.12/site-packages:/home/upo/turtlebot3_ws/build/turtlebot3_teleop:/home/upo/turtlebot3_ws/install/turtlebot3_teleop/lib/python3.12/site-packages:/home/upo/turtlebot3_ws/build/turtlebot3_example:/home/upo/turtlebot3_ws/install/turtlebot3_example/lib/python3.12/site-packages:/home/upo/turtlebot3_ws/install/robotMovement/lib/python3.12/site-packages:/home/upo/turtlebot3_ws/install/robotCommunication/lib/python3.12/site-packages:/home/upo/turtlebot3_ws/install/VLMProcessing/lib/python3.12/site-packages:/home/upo/turtlebot3_ws/install/interfaces/lib/python3.12/site-packages:/opt/ros/jazzy/lib/python3.12/site-packages', 'COLCON': '1', 'MEMORY_PRESSURE_WRITE': 'c29tZSAyMDAwMDAgMjAwMDAwMAA=', 'VTE_VERSION': '7600', 'CMAKE_PREFIX_PATH': '/home/upo/TFG/ros2_ws/install/interfaces:/home/upo/turtlebot3_ws/install/turtlebot3:/home/upo/turtlebot3_ws/install/turtlebot3_simulations:/home/upo/turtlebot3_ws/install/turtlebot3_bringup:/home/upo/turtlebot3_ws/install/turtlebot3_node:/home/upo/turtlebot3_ws/install/turtlebot3_navigation2:/home/upo/turtlebot3_ws/install/turtlebot3_gazebo:/home/upo/turtlebot3_ws/install/turtlebot3_fake_node:/home/upo/turtlebot3_ws/install/turtlebot3_description:/home/upo/turtlebot3_ws/install/turtlebot3_cartographer:/home/upo/turtlebot3_ws/install/interfaces:/opt/ros/jazzy/opt/gz_sim_vendor:/opt/ros/jazzy/opt/gz_sensors_vendor:/opt/ros/jazzy/opt/gz_physics_vendor:/opt/ros/jazzy/opt/sdformat_vendor:/opt/ros/jazzy/opt/gz_gui_vendor:/opt/ros/jazzy/opt/gz_transport_vendor:/opt/ros/jazzy/opt/gz_rendering_vendor:/opt/ros/jazzy/opt/gz_plugin_vendor:/opt/ros/jazzy/opt/gz_fuel_tools_vendor:/opt/ros/jazzy/opt/gz_msgs_vendor:/opt/ros/jazzy/opt/gz_common_vendor:/opt/ros/jazzy/opt/gz_math_vendor:/opt/ros/jazzy/opt/gz_utils_vendor:/opt/ros/jazzy/opt/gz_tools_vendor:/opt/ros/jazzy/opt/gz_ogre_next_vendor:/opt/ros/jazzy/opt/gz_dartsim_vendor:/opt/ros/jazzy/opt/gz_cmake_vendor'}, 'shell': False}
[2.795288] (userCommunication) CommandEnded: {'returncode': 0}
[2.803039] (userCommunication) JobEnded: {'identifier': 'userCommunication', 'rc': 0}
[2.807030] (-) TimerEvent: {}
[2.907370] (-) TimerEvent: {}
[3.007781] (-) TimerEvent: {}
[3.108269] (-) TimerEvent: {}
[3.152254] (VLMProcessing) StdoutLine: {'line': b'running develop\n'}
[3.166729] (robotMovement) StdoutLine: {'line': b'running develop\n'}
[3.167496] (robotCommunication) StdoutLine: {'line': b'running develop\n'}
[3.208430] (-) TimerEvent: {}
[3.308958] (-) TimerEvent: {}
[3.409369] (-) TimerEvent: {}
[3.409602] (VLMProcessing) StdoutLine: {'line': b'running egg_info\n'}
[3.416716] (robotMovement) StdoutLine: {'line': b'running egg_info\n'}
[3.425641] (robotCommunication) StdoutLine: {'line': b'running egg_info\n'}
[3.433608] (VLMProcessing) StdoutLine: {'line': b'writing VLMProcessing.egg-info/PKG-INFO\n'}
[3.434061] (VLMProcessing) StdoutLine: {'line': b'writing dependency_links to VLMProcessing.egg-info/dependency_links.txt\n'}
[3.434361] (VLMProcessing) StdoutLine: {'line': b'writing entry points to VLMProcessing.egg-info/entry_points.txt\n'}
[3.434592] (VLMProcessing) StdoutLine: {'line': b'writing requirements to VLMProcessing.egg-info/requires.txt\n'}
[3.434755] (VLMProcessing) StdoutLine: {'line': b'writing top-level names to VLMProcessing.egg-info/top_level.txt\n'}
[3.440446] (robotMovement) StdoutLine: {'line': b'writing robotMovement.egg-info/PKG-INFO\n'}
[3.440710] (robotMovement) StdoutLine: {'line': b'writing dependency_links to robotMovement.egg-info/dependency_links.txt\n'}
[3.440888] (robotMovement) StdoutLine: {'line': b'writing entry points to robotMovement.egg-info/entry_points.txt\n'}
[3.441045] (robotMovement) StdoutLine: {'line': b'writing requirements to robotMovement.egg-info/requires.txt\n'}
[3.441163] (robotMovement) StdoutLine: {'line': b'writing top-level names to robotMovement.egg-info/top_level.txt\n'}
[3.449242] (robotCommunication) StdoutLine: {'line': b'writing robotCommunication.egg-info/PKG-INFO\n'}
[3.449474] (robotCommunication) StdoutLine: {'line': b'writing dependency_links to robotCommunication.egg-info/dependency_links.txt\n'}
[3.449665] (robotCommunication) StdoutLine: {'line': b'writing entry points to robotCommunication.egg-info/entry_points.txt\n'}
[3.449822] (robotCommunication) StdoutLine: {'line': b'writing requirements to robotCommunication.egg-info/requires.txt\n'}
[3.449938] (robotCommunication) StdoutLine: {'line': b'writing top-level names to robotCommunication.egg-info/top_level.txt\n'}
[3.482421] (VLMProcessing) StdoutLine: {'line': b"reading manifest file 'VLMProcessing.egg-info/SOURCES.txt'\n"}
[3.483171] (VLMProcessing) StdoutLine: {'line': b"writing manifest file 'VLMProcessing.egg-info/SOURCES.txt'\n"}
[3.486757] (robotMovement) StdoutLine: {'line': b"reading manifest file 'robotMovement.egg-info/SOURCES.txt'\n"}
[3.487588] (robotMovement) StdoutLine: {'line': b"writing manifest file 'robotMovement.egg-info/SOURCES.txt'\n"}
[3.498483] (robotCommunication) StdoutLine: {'line': b"reading manifest file 'robotCommunication.egg-info/SOURCES.txt'\n"}
[3.499236] (robotCommunication) StdoutLine: {'line': b"writing manifest file 'robotCommunication.egg-info/SOURCES.txt'\n"}
[3.509467] (-) TimerEvent: {}
[3.509768] (VLMProcessing) StdoutLine: {'line': b'running build_ext\n'}
[3.510232] (VLMProcessing) StdoutLine: {'line': b'Creating /home/upo/TFG/ros2_ws/install/VLMProcessing/lib/python3.12/site-packages/VLMProcessing.egg-link (link to .)\n'}
[3.510748] (VLMProcessing) StdoutLine: {'line': b'Installing VLMProcessing script to /home/upo/TFG/ros2_ws/install/VLMProcessing/lib/VLMProcessing\n'}
[3.511068] (VLMProcessing) StdoutLine: {'line': b'\n'}
[3.511170] (VLMProcessing) StdoutLine: {'line': b'Installed /home/upo/TFG/ros2_ws/build/VLMProcessing\n'}
[3.511282] (VLMProcessing) StdoutLine: {'line': b'running symlink_data\n'}
[3.513758] (robotMovement) StdoutLine: {'line': b'running build_ext\n'}
[3.513928] (robotMovement) StdoutLine: {'line': b'Creating /home/upo/TFG/ros2_ws/install/robotMovement/lib/python3.12/site-packages/robotMovement.egg-link (link to .)\n'}
[3.514793] (robotMovement) StdoutLine: {'line': b'Installing robotMovement script to /home/upo/TFG/ros2_ws/install/robotMovement/lib/robotMovement\n'}
[3.515157] (robotMovement) StdoutLine: {'line': b'\n'}
[3.515261] (robotMovement) StdoutLine: {'line': b'Installed /home/upo/TFG/ros2_ws/build/robotMovement\n'}
[3.515332] (robotMovement) StdoutLine: {'line': b'running symlink_data\n'}
[3.525738] (robotCommunication) StdoutLine: {'line': b'running build_ext\n'}
[3.526369] (robotCommunication) StdoutLine: {'line': b'Creating /home/upo/TFG/ros2_ws/install/robotCommunication/lib/python3.12/site-packages/robotCommunication.egg-link (link to .)\n'}
[3.527089] (robotCommunication) StdoutLine: {'line': b'Installing robotCommunication script to /home/upo/TFG/ros2_ws/install/robotCommunication/lib/robotCommunication\n'}
[3.527577] (robotCommunication) StdoutLine: {'line': b'\n'}
[3.527827] (robotCommunication) StdoutLine: {'line': b'Installed /home/upo/TFG/ros2_ws/build/robotCommunication\n'}
[3.527933] (robotCommunication) StdoutLine: {'line': b'running symlink_data\n'}
[3.581915] (VLMProcessing) CommandEnded: {'returncode': 0}
[3.590206] (VLMProcessing) JobEnded: {'identifier': 'VLMProcessing', 'rc': 0}
[3.592272] (robotMovement) CommandEnded: {'returncode': 0}
[3.601769] (robotMovement) JobEnded: {'identifier': 'robotMovement', 'rc': 0}
[3.603236] (robotCommunication) CommandEnded: {'returncode': 0}
[3.609778] (-) TimerEvent: {}
[3.611810] (robotCommunication) JobEnded: {'identifier': 'robotCommunication', 'rc': 0}
[3.612483] (-) EventReactorShutdown: {}
