[0.000000] (-) TimerEvent: {}
[0.000197] (interfaces) JobQueued: {'identifier': 'interfaces', 'dependencies': OrderedDict()}
[0.000253] (robotWebSocket) JobQueued: {'identifier': 'robotWebSocket', 'dependencies': OrderedDict()}
[0.000277] (userCommunication) JobQueued: {'identifier': 'userCommunication', 'dependencies': OrderedDict()}
[0.000292] (VLMProcessing) JobQueued: {'identifier': 'VLMProcessing', 'dependencies': OrderedDict({'interfaces': '/home/upo/Documents/TFG/TFG/ros2_ws/src/install/interfaces'})}
[0.000315] (robotCommunication) JobQueued: {'identifier': 'robotCommunication', 'dependencies': OrderedDict({'interfaces': '/home/upo/Documents/TFG/TFG/ros2_ws/src/install/interfaces'})}
[0.000336] (robotMovement) JobQueued: {'identifier': 'robotMovement', 'dependencies': OrderedDict({'interfaces': '/home/upo/Documents/TFG/TFG/ros2_ws/src/install/interfaces'})}
[0.001186] (interfaces) JobStarted: {'identifier': 'interfaces'}
[0.015942] (robotWebSocket) JobStarted: {'identifier': 'robotWebSocket'}
[0.025155] (userCommunication) JobStarted: {'identifier': 'userCommunication'}
[0.036966] (interfaces) JobProgress: {'identifier': 'interfaces', 'progress': 'cmake'}
[0.038405] (interfaces) JobProgress: {'identifier': 'interfaces', 'progress': 'build'}
[0.039098] (interfaces) Command: {'cmd': ['/usr/bin/cmake', '--build', '/home/upo/Documents/TFG/TFG/ros2_ws/src/build/interfaces', '--', '-j16', '-l16'], 'cwd': '/home/upo/Documents/TFG/TFG/ros2_ws/src/build/interfaces', 'env': OrderedDict({'GJS_DEBUG_TOPICS': 'JS ERROR;JS LOG', 'XDG_ACTIVATION_TOKEN': 'gnome-shell/Terminator/2487-1-upo-ASUS-TUF-Gaming-A15-FA507RR-TUF507RR_TIME241343', 'LESSOPEN': '| /usr/bin/lesspipe %s', 'GZ_SIM_RESOURCE_PATH': '/opt/ros/jazzy/share', 'USER': 'upo', 'GZ_CONFIG_PATH': '/opt/ros/jazzy/opt/gz_sim_vendor/share/gz:/opt/ros/jazzy/opt/sdformat_vendor/share/gz:/opt/ros/jazzy/opt/gz_gui_vendor/share/gz:/opt/ros/jazzy/opt/gz_transport_vendor/share/gz:/opt/ros/jazzy/opt/gz_rendering_vendor/share/gz:/opt/ros/jazzy/opt/gz_plugin_vendor/share/gz:/opt/ros/jazzy/opt/gz_fuel_tools_vendor/share/gz:/opt/ros/jazzy/opt/gz_msgs_vendor/share/gz:/opt/ros/jazzy/opt/gz_common_vendor/share/gz', 'XDG_SESSION_TYPE': 'x11', 'CLUTTER_DISABLE_MIPMAPPED_TEXT': '1', 'SHLVL': '1', 'LD_LIBRARY_PATH': '/home/upo/turtlebot3_ws/install/interfaces/lib:/opt/ros/jazzy/opt/gz_sim_vendor/lib:/opt/ros/jazzy/opt/gz_sensors_vendor/lib:/opt/ros/jazzy/opt/gz_physics_vendor/lib:/opt/ros/jazzy/opt/sdformat_vendor/lib:/opt/ros/jazzy/opt/rviz_ogre_vendor/lib:/opt/ros/jazzy/lib/x86_64-linux-gnu:/opt/ros/jazzy/opt/gz_gui_vendor/lib:/opt/ros/jazzy/opt/gz_transport_vendor/lib:/opt/ros/jazzy/opt/gz_rendering_vendor/lib:/opt/ros/jazzy/opt/gz_plugin_vendor/lib:/opt/ros/jazzy/opt/gz_fuel_tools_vendor/lib:/opt/ros/jazzy/opt/gz_msgs_vendor/lib:/opt/ros/jazzy/opt/gz_common_vendor/lib:/opt/ros/jazzy/opt/gz_math_vendor/lib:/opt/ros/jazzy/opt/gz_utils_vendor/lib:/opt/ros/jazzy/opt/gz_tools_vendor/lib:/opt/ros/jazzy/opt/gz_ogre_next_vendor/lib:/opt/ros/jazzy/opt/gz_dartsim_vendor/lib:/opt/ros/jazzy/opt/gz_cmake_vendor/lib:/opt/ros/jazzy/lib', 'HOME': '/home/upo', 'OLDPWD': '/home/upo/Documents/TFG/TFG/ros2_ws', 'DESKTOP_SESSION': 'ubuntu', 'GIO_LAUNCHED_DESKTOP_FILE': '/usr/share/applications/terminator.desktop', 'ROS_PYTHON_VERSION': '3', 'GNOME_SHELL_SESSION_MODE': 'ubuntu', 'GTK_MODULES': 'gail:atk-bridge', 'MANAGERPID': '1978', 'SYSTEMD_EXEC_PID': '2487', 'GSM_SKIP_SSH_AGENT_WORKAROUND': 'true', 'DBUS_SESSION_BUS_ADDRESS': 'unix:path=/run/user/1000/bus', 'COLORTERM': 'truecolor', 'TERMINATOR_DBUS_NAME': 'net.tenshu.Terminator21a9d5db22c73a993ff0b42f64b396873', 'GIO_LAUNCHED_DESKTOP_FILE_PID': '5958', 'DEBUGINFOD_URLS': 'https://debuginfod.ubuntu.com', 'COLCON_PREFIX_PATH': '/home/upo/turtlebot3_ws/install', 'ROS_DISTRO': 'jazzy', 'LOGNAME': 'upo', 'JOURNAL_STREAM': '10:28801', '_': '/usr/bin/colcon', 'ROS_VERSION': '2', 'MEMORY_PRESSURE_WATCH': '/sys/fs/cgroup/user.slice/user-1000.slice/user@1000.service/session.slice/org.gnome.Shell@x11.service/memory.pressure', 'XDG_SESSION_CLASS': 'user', 'USERNAME': 'upo', 'TERM': 'xterm-256color', 'GNOME_DESKTOP_SESSION_ID': 'this-is-deprecated', 'WINDOWPATH': '2', 'PATH': '/opt/ros/jazzy/opt/gz_msgs_vendor/bin:/opt/ros/jazzy/opt/gz_tools_vendor/bin:/opt/ros/jazzy/opt/gz_ogre_next_vendor/bin:/opt/ros/jazzy/bin:/home/upo/platform-tools:/home/upo/.npm-global/bin:/usr/lib/dotnet:/home/upo/.local/bin:/usr/local/sbin:/usr/local/bin:/usr/sbin:/usr/bin:/sbin:/bin:/usr/games:/usr/local/games:/snap/bin:/snap/bin:/home/upo/.dotnet/tools', 'SESSION_MANAGER': 'local/upo-ASUS-TUF-Gaming-A15-FA507RR-TUF507RR:@/tmp/.ICE-unix/2443,unix/upo-ASUS-TUF-Gaming-A15-FA507RR-TUF507RR:/tmp/.ICE-unix/2443', 'INVOCATION_ID': '8748581bbcf44621938ce790330cc305', 'XDG_MENU_PREFIX': 'gnome-', 'XDG_RUNTIME_DIR': '/run/user/1000', 'DISPLAY': ':0', 'TERMINATOR_DBUS_PATH': '/net/tenshu/Terminator2', 'LANG': 'en_US.UTF-8', 'XDG_CURRENT_DESKTOP': 'ubuntu:GNOME', 'DOTNET_BUNDLE_EXTRACT_BASE_DIR': '/home/upo/.cache/dotnet_bundle_extract', 'XMODIFIERS': '@im=ibus', 'XDG_SESSION_DESKTOP': 'ubuntu', 'XAUTHORITY': '/run/user/1000/gdm/Xauthority', 'LS_COLORS': 'rs=0:di=01;34:ln=01;36:mh=00:pi=40;33:so=01;35:do=01;35:bd=40;33;01:cd=40;33;01:or=40;31;01:mi=00:su=37;41:sg=30;43:ca=00:tw=30;42:ow=34;42:st=37;44:ex=01;32:*.tar=01;31:*.tgz=01;31:*.arc=01;31:*.arj=01;31:*.taz=01;31:*.lha=01;31:*.lz4=01;31:*.lzh=01;31:*.lzma=01;31:*.tlz=01;31:*.txz=01;31:*.tzo=01;31:*.t7z=01;31:*.zip=01;31:*.z=01;31:*.dz=01;31:*.gz=01;31:*.lrz=01;31:*.lz=01;31:*.lzo=01;31:*.xz=01;31:*.zst=01;31:*.tzst=01;31:*.bz2=01;31:*.bz=01;31:*.tbz=01;31:*.tbz2=01;31:*.tz=01;31:*.deb=01;31:*.rpm=01;31:*.jar=01;31:*.war=01;31:*.ear=01;31:*.sar=01;31:*.rar=01;31:*.alz=01;31:*.ace=01;31:*.zoo=01;31:*.cpio=01;31:*.7z=01;31:*.rz=01;31:*.cab=01;31:*.wim=01;31:*.swm=01;31:*.dwm=01;31:*.esd=01;31:*.avif=01;35:*.jpg=01;35:*.jpeg=01;35:*.mjpg=01;35:*.mjpeg=01;35:*.gif=01;35:*.bmp=01;35:*.pbm=01;35:*.pgm=01;35:*.ppm=01;35:*.tga=01;35:*.xbm=01;35:*.xpm=01;35:*.tif=01;35:*.tiff=01;35:*.png=01;35:*.svg=01;35:*.svgz=01;35:*.mng=01;35:*.pcx=01;35:*.mov=01;35:*.mpg=01;35:*.mpeg=01;35:*.m2v=01;35:*.mkv=01;35:*.webm=01;35:*.webp=01;35:*.ogm=01;35:*.mp4=01;35:*.m4v=01;35:*.mp4v=01;35:*.vob=01;35:*.qt=01;35:*.nuv=01;35:*.wmv=01;35:*.asf=01;35:*.rm=01;35:*.rmvb=01;35:*.flc=01;35:*.avi=01;35:*.fli=01;35:*.flv=01;35:*.gl=01;35:*.dl=01;35:*.xcf=01;35:*.xwd=01;35:*.yuv=01;35:*.cgm=01;35:*.emf=01;35:*.ogv=01;35:*.ogx=01;35:*.aac=00;36:*.au=00;36:*.flac=00;36:*.m4a=00;36:*.mid=00;36:*.midi=00;36:*.mka=00;36:*.mp3=00;36:*.mpc=00;36:*.ogg=00;36:*.ra=00;36:*.wav=00;36:*.oga=00;36:*.opus=00;36:*.spx=00;36:*.xspf=00;36:*~=00;90:*#=00;90:*.bak=00;90:*.crdownload=00;90:*.dpkg-dist=00;90:*.dpkg-new=00;90:*.dpkg-old=00;90:*.dpkg-tmp=00;90:*.old=00;90:*.orig=00;90:*.part=00;90:*.rej=00;90:*.rpmnew=00;90:*.rpmorig=00;90:*.rpmsave=00;90:*.swp=00;90:*.tmp=00;90:*.ucf-dist=00;90:*.ucf-new=00;90:*.ucf-old=00;90:', 'SSH_AUTH_SOCK': '/run/user/1000/keyring/ssh', 'AMENT_PREFIX_PATH': '/home/upo/turtlebot3_ws/install/userCommunication:/home/upo/turtlebot3_ws/install/turtlebot3:/home/upo/turtlebot3_ws/install/turtlebot3_teleop:/home/upo/turtlebot3_ws/install/turtlebot3_simulations:/home/upo/turtlebot3_ws/install/turtlebot3_bringup:/home/upo/turtlebot3_ws/install/turtlebot3_node:/home/upo/turtlebot3_ws/install/turtlebot3_navigation2:/home/upo/turtlebot3_ws/install/turtlebot3_gazebo:/home/upo/turtlebot3_ws/install/turtlebot3_fake_node:/home/upo/turtlebot3_ws/install/turtlebot3_example:/home/upo/turtlebot3_ws/install/turtlebot3_description:/home/upo/turtlebot3_ws/install/turtlebot3_cartographer:/home/upo/turtlebot3_ws/install/robotMovement:/home/upo/turtlebot3_ws/install/robotCommunication:/home/upo/turtlebot3_ws/install/VLMProcessing:/home/upo/turtlebot3_ws/install/interfaces:/opt/ros/jazzy', 'SHELL': '/bin/bash', 'TERMINATOR_UUID': 'urn:uuid:f0a92c7a-27de-4483-96af-ec3ae802a4f4', 'QT_ACCESSIBILITY': '1', 'GDMSESSION': 'ubuntu', 'LESSCLOSE': '/usr/bin/lesspipe %s %s', 'GPG_AGENT_INFO': '/run/user/1000/gnupg/S.gpg-agent:0:1', 'GJS_DEBUG_OUTPUT': 'stderr', 'ROS_AUTOMATIC_DISCOVERY_RANGE': 'SUBNET', 'QT_IM_MODULE': 'ibus', 'PWD': '/home/upo/Documents/TFG/TFG/ros2_ws/src/build/interfaces', 'TURTLEBOT3_MODEL': 'waffle', 'LC_ALL': 'en_US.UTF-8', 'XDG_CONFIG_DIRS': '/etc/xdg/xdg-ubuntu:/etc/xdg', 'XDG_DATA_DIRS': '/usr/share/ubuntu:/usr/share/gnome:/home/upo/.local/share/flatpak/exports/share:/var/lib/flatpak/exports/share:/usr/local/share/:/usr/share/:/var/lib/snapd/desktop', 'PYTHONPATH': '/home/upo/turtlebot3_ws/install/userCommunication/lib/python3.12/site-packages:/home/upo/turtlebot3_ws/build/turtlebot3_teleop:/home/upo/turtlebot3_ws/install/turtlebot3_teleop/lib/python3.12/site-packages:/home/upo/turtlebot3_ws/build/turtlebot3_example:/home/upo/turtlebot3_ws/install/turtlebot3_example/lib/python3.12/site-packages:/home/upo/turtlebot3_ws/install/robotMovement/lib/python3.12/site-packages:/home/upo/turtlebot3_ws/install/robotCommunication/lib/python3.12/site-packages:/home/upo/turtlebot3_ws/install/VLMProcessing/lib/python3.12/site-packages:/home/upo/turtlebot3_ws/install/interfaces/lib/python3.12/site-packages:/opt/ros/jazzy/lib/python3.12/site-packages', 'COLCON': '1', 'MEMORY_PRESSURE_WRITE': 'c29tZSAyMDAwMDAgMjAwMDAwMAA=', 'VTE_VERSION': '7600', 'CMAKE_PREFIX_PATH': '/home/upo/turtlebot3_ws/install/turtlebot3:/home/upo/turtlebot3_ws/install/turtlebot3_simulations:/home/upo/turtlebot3_ws/install/turtlebot3_bringup:/home/upo/turtlebot3_ws/install/turtlebot3_node:/home/upo/turtlebot3_ws/install/turtlebot3_navigation2:/home/upo/turtlebot3_ws/install/turtlebot3_gazebo:/home/upo/turtlebot3_ws/install/turtlebot3_fake_node:/home/upo/turtlebot3_ws/install/turtlebot3_description:/home/upo/turtlebot3_ws/install/turtlebot3_cartographer:/home/upo/turtlebot3_ws/install/interfaces:/opt/ros/jazzy/opt/gz_sim_vendor:/opt/ros/jazzy/opt/gz_sensors_vendor:/opt/ros/jazzy/opt/gz_physics_vendor:/opt/ros/jazzy/opt/sdformat_vendor:/opt/ros/jazzy/opt/gz_gui_vendor:/opt/ros/jazzy/opt/gz_transport_vendor:/opt/ros/jazzy/opt/gz_rendering_vendor:/opt/ros/jazzy/opt/gz_plugin_vendor:/opt/ros/jazzy/opt/gz_fuel_tools_vendor:/opt/ros/jazzy/opt/gz_msgs_vendor:/opt/ros/jazzy/opt/gz_common_vendor:/opt/ros/jazzy/opt/gz_math_vendor:/opt/ros/jazzy/opt/gz_utils_vendor:/opt/ros/jazzy/opt/gz_tools_vendor:/opt/ros/jazzy/opt/gz_ogre_next_vendor:/opt/ros/jazzy/opt/gz_dartsim_vendor:/opt/ros/jazzy/opt/gz_cmake_vendor:/home/upo/turtlebot3_ws/install/userCommunication:/home/upo/turtlebot3_ws/install/turtlebot3_teleop:/home/upo/turtlebot3_ws/install/turtlebot3_example:/home/upo/turtlebot3_ws/install/robotMovement:/home/upo/turtlebot3_ws/install/robotCommunication:/home/upo/turtlebot3_ws/install/VLMProcessing:/opt/ros/jazzy'}), 'shell': False}
[0.099680] (-) TimerEvent: {}
[0.200078] (-) TimerEvent: {}
[0.300407] (-) TimerEvent: {}
[0.400764] (-) TimerEvent: {}
[0.413800] (interfaces) StdoutLine: {'line': b'[  1%] Built target interfaces__rosidl_generator_type_description\n'}
[0.415406] (interfaces) StdoutLine: {'line': b'[  2%] Built target interfaces__rs\n'}
[0.415604] (interfaces) StdoutLine: {'line': b'[  2%] Built target ament_cmake_python_symlink_interfaces\n'}
[0.415745] (interfaces) StdoutLine: {'line': b'[  4%] Built target interfaces__cpp\n'}
[0.415867] (interfaces) StdoutLine: {'line': b'[ 26%] Built target interfaces__rosidl_generator_c\n'}
[0.415994] (interfaces) StdoutLine: {'line': b'[ 48%] Built target interfaces__rosidl_typesupport_introspection_c\n'}
[0.416104] (interfaces) StdoutLine: {'line': b'[ 48%] Built target interfaces__rosidl_typesupport_fastrtps_cpp\n'}
[0.416198] (interfaces) StdoutLine: {'line': b'[ 54%] Built target interfaces__rosidl_typesupport_fastrtps_c\n'}
[0.416301] (interfaces) StdoutLine: {'line': b'[ 72%] Built target interfaces__rosidl_typesupport_c\n'}
[0.416414] (interfaces) StdoutLine: {'line': b'[ 73%] Built target interfaces__rosidl_typesupport_introspection_cpp\n'}
[0.416493] (interfaces) StdoutLine: {'line': b'[ 82%] Built target interfaces__rosidl_typesupport_cpp\n'}
[0.416564] (interfaces) StdoutLine: {'line': b'[ 82%] Built target interfaces\n'}
[0.416646] (interfaces) StdoutLine: {'line': b'[ 84%] Built target interfaces__py\n'}
[0.416732] (interfaces) StdoutLine: {'line': b'[ 92%] Built target interfaces__rosidl_generator_py\n'}
[0.416810] (interfaces) StdoutLine: {'line': b'[ 97%] Built target interfaces_s__rosidl_typesupport_introspection_c\n'}
[0.416884] (interfaces) StdoutLine: {'line': b'[ 97%] Built target interfaces_s__rosidl_typesupport_fastrtps_c\n'}
[0.416960] (interfaces) StdoutLine: {'line': b'[100%] Built target interfaces_s__rosidl_typesupport_c\n'}
[0.474983] (interfaces) StdoutLine: {'line': b'running egg_info\n'}
[0.501329] (-) TimerEvent: {}
[0.503106] (interfaces) StdoutLine: {'line': b'writing interfaces.egg-info/PKG-INFO\n'}
[0.503558] (interfaces) StdoutLine: {'line': b'writing dependency_links to interfaces.egg-info/dependency_links.txt\n'}
[0.503918] (interfaces) StdoutLine: {'line': b'writing top-level names to interfaces.egg-info/top_level.txt\n'}
[0.584304] (interfaces) StdoutLine: {'line': b"reading manifest file 'interfaces.egg-info/SOURCES.txt'\n"}
[0.585741] (interfaces) StdoutLine: {'line': b"writing manifest file 'interfaces.egg-info/SOURCES.txt'\n"}
[0.601456] (-) TimerEvent: {}
[0.662941] (interfaces) StdoutLine: {'line': b'[100%] Built target ament_cmake_python_build_interfaces_egg\n'}
[0.701563] (-) TimerEvent: {}
[0.788239] (interfaces) CommandEnded: {'returncode': 0}
[0.789864] (interfaces) JobProgress: {'identifier': 'interfaces', 'progress': 'install'}
[0.801651] (-) TimerEvent: {}
[0.808146] (interfaces) Command: {'cmd': ['/usr/bin/cmake', '--install', '/home/upo/Documents/TFG/TFG/ros2_ws/src/build/interfaces'], 'cwd': '/home/upo/Documents/TFG/TFG/ros2_ws/src/build/interfaces', 'env': OrderedDict({'GJS_DEBUG_TOPICS': 'JS ERROR;JS LOG', 'XDG_ACTIVATION_TOKEN': 'gnome-shell/Terminator/2487-1-upo-ASUS-TUF-Gaming-A15-FA507RR-TUF507RR_TIME241343', 'LESSOPEN': '| /usr/bin/lesspipe %s', 'GZ_SIM_RESOURCE_PATH': '/opt/ros/jazzy/share', 'USER': 'upo', 'GZ_CONFIG_PATH': '/opt/ros/jazzy/opt/gz_sim_vendor/share/gz:/opt/ros/jazzy/opt/sdformat_vendor/share/gz:/opt/ros/jazzy/opt/gz_gui_vendor/share/gz:/opt/ros/jazzy/opt/gz_transport_vendor/share/gz:/opt/ros/jazzy/opt/gz_rendering_vendor/share/gz:/opt/ros/jazzy/opt/gz_plugin_vendor/share/gz:/opt/ros/jazzy/opt/gz_fuel_tools_vendor/share/gz:/opt/ros/jazzy/opt/gz_msgs_vendor/share/gz:/opt/ros/jazzy/opt/gz_common_vendor/share/gz', 'XDG_SESSION_TYPE': 'x11', 'CLUTTER_DISABLE_MIPMAPPED_TEXT': '1', 'SHLVL': '1', 'LD_LIBRARY_PATH': '/home/upo/turtlebot3_ws/install/interfaces/lib:/opt/ros/jazzy/opt/gz_sim_vendor/lib:/opt/ros/jazzy/opt/gz_sensors_vendor/lib:/opt/ros/jazzy/opt/gz_physics_vendor/lib:/opt/ros/jazzy/opt/sdformat_vendor/lib:/opt/ros/jazzy/opt/rviz_ogre_vendor/lib:/opt/ros/jazzy/lib/x86_64-linux-gnu:/opt/ros/jazzy/opt/gz_gui_vendor/lib:/opt/ros/jazzy/opt/gz_transport_vendor/lib:/opt/ros/jazzy/opt/gz_rendering_vendor/lib:/opt/ros/jazzy/opt/gz_plugin_vendor/lib:/opt/ros/jazzy/opt/gz_fuel_tools_vendor/lib:/opt/ros/jazzy/opt/gz_msgs_vendor/lib:/opt/ros/jazzy/opt/gz_common_vendor/lib:/opt/ros/jazzy/opt/gz_math_vendor/lib:/opt/ros/jazzy/opt/gz_utils_vendor/lib:/opt/ros/jazzy/opt/gz_tools_vendor/lib:/opt/ros/jazzy/opt/gz_ogre_next_vendor/lib:/opt/ros/jazzy/opt/gz_dartsim_vendor/lib:/opt/ros/jazzy/opt/gz_cmake_vendor/lib:/opt/ros/jazzy/lib', 'HOME': '/home/upo', 'OLDPWD': '/home/upo/Documents/TFG/TFG/ros2_ws', 'DESKTOP_SESSION': 'ubuntu', 'GIO_LAUNCHED_DESKTOP_FILE': '/usr/share/applications/terminator.desktop', 'ROS_PYTHON_VERSION': '3', 'GNOME_SHELL_SESSION_MODE': 'ubuntu', 'GTK_MODULES': 'gail:atk-bridge', 'MANAGERPID': '1978', 'SYSTEMD_EXEC_PID': '2487', 'GSM_SKIP_SSH_AGENT_WORKAROUND': 'true', 'DBUS_SESSION_BUS_ADDRESS': 'unix:path=/run/user/1000/bus', 'COLORTERM': 'truecolor', 'TERMINATOR_DBUS_NAME': 'net.tenshu.Terminator21a9d5db22c73a993ff0b42f64b396873', 'GIO_LAUNCHED_DESKTOP_FILE_PID': '5958', 'DEBUGINFOD_URLS': 'https://debuginfod.ubuntu.com', 'COLCON_PREFIX_PATH': '/home/upo/turtlebot3_ws/install', 'ROS_DISTRO': 'jazzy', 'LOGNAME': 'upo', 'JOURNAL_STREAM': '10:28801', '_': '/usr/bin/colcon', 'ROS_VERSION': '2', 'MEMORY_PRESSURE_WATCH': '/sys/fs/cgroup/user.slice/user-1000.slice/user@1000.service/session.slice/org.gnome.Shell@x11.service/memory.pressure', 'XDG_SESSION_CLASS': 'user', 'USERNAME': 'upo', 'TERM': 'xterm-256color', 'GNOME_DESKTOP_SESSION_ID': 'this-is-deprecated', 'WINDOWPATH': '2', 'PATH': '/opt/ros/jazzy/opt/gz_msgs_vendor/bin:/opt/ros/jazzy/opt/gz_tools_vendor/bin:/opt/ros/jazzy/opt/gz_ogre_next_vendor/bin:/opt/ros/jazzy/bin:/home/upo/platform-tools:/home/upo/.npm-global/bin:/usr/lib/dotnet:/home/upo/.local/bin:/usr/local/sbin:/usr/local/bin:/usr/sbin:/usr/bin:/sbin:/bin:/usr/games:/usr/local/games:/snap/bin:/snap/bin:/home/upo/.dotnet/tools', 'SESSION_MANAGER': 'local/upo-ASUS-TUF-Gaming-A15-FA507RR-TUF507RR:@/tmp/.ICE-unix/2443,unix/upo-ASUS-TUF-Gaming-A15-FA507RR-TUF507RR:/tmp/.ICE-unix/2443', 'INVOCATION_ID': '8748581bbcf44621938ce790330cc305', 'XDG_MENU_PREFIX': 'gnome-', 'XDG_RUNTIME_DIR': '/run/user/1000', 'DISPLAY': ':0', 'TERMINATOR_DBUS_PATH': '/net/tenshu/Terminator2', 'LANG': 'en_US.UTF-8', 'XDG_CURRENT_DESKTOP': 'ubuntu:GNOME', 'DOTNET_BUNDLE_EXTRACT_BASE_DIR': '/home/upo/.cache/dotnet_bundle_extract', 'XMODIFIERS': '@im=ibus', 'XDG_SESSION_DESKTOP': 'ubuntu', 'XAUTHORITY': '/run/user/1000/gdm/Xauthority', 'LS_COLORS': 'rs=0:di=01;34:ln=01;36:mh=00:pi=40;33:so=01;35:do=01;35:bd=40;33;01:cd=40;33;01:or=40;31;01:mi=00:su=37;41:sg=30;43:ca=00:tw=30;42:ow=34;42:st=37;44:ex=01;32:*.tar=01;31:*.tgz=01;31:*.arc=01;31:*.arj=01;31:*.taz=01;31:*.lha=01;31:*.lz4=01;31:*.lzh=01;31:*.lzma=01;31:*.tlz=01;31:*.txz=01;31:*.tzo=01;31:*.t7z=01;31:*.zip=01;31:*.z=01;31:*.dz=01;31:*.gz=01;31:*.lrz=01;31:*.lz=01;31:*.lzo=01;31:*.xz=01;31:*.zst=01;31:*.tzst=01;31:*.bz2=01;31:*.bz=01;31:*.tbz=01;31:*.tbz2=01;31:*.tz=01;31:*.deb=01;31:*.rpm=01;31:*.jar=01;31:*.war=01;31:*.ear=01;31:*.sar=01;31:*.rar=01;31:*.alz=01;31:*.ace=01;31:*.zoo=01;31:*.cpio=01;31:*.7z=01;31:*.rz=01;31:*.cab=01;31:*.wim=01;31:*.swm=01;31:*.dwm=01;31:*.esd=01;31:*.avif=01;35:*.jpg=01;35:*.jpeg=01;35:*.mjpg=01;35:*.mjpeg=01;35:*.gif=01;35:*.bmp=01;35:*.pbm=01;35:*.pgm=01;35:*.ppm=01;35:*.tga=01;35:*.xbm=01;35:*.xpm=01;35:*.tif=01;35:*.tiff=01;35:*.png=01;35:*.svg=01;35:*.svgz=01;35:*.mng=01;35:*.pcx=01;35:*.mov=01;35:*.mpg=01;35:*.mpeg=01;35:*.m2v=01;35:*.mkv=01;35:*.webm=01;35:*.webp=01;35:*.ogm=01;35:*.mp4=01;35:*.m4v=01;35:*.mp4v=01;35:*.vob=01;35:*.qt=01;35:*.nuv=01;35:*.wmv=01;35:*.asf=01;35:*.rm=01;35:*.rmvb=01;35:*.flc=01;35:*.avi=01;35:*.fli=01;35:*.flv=01;35:*.gl=01;35:*.dl=01;35:*.xcf=01;35:*.xwd=01;35:*.yuv=01;35:*.cgm=01;35:*.emf=01;35:*.ogv=01;35:*.ogx=01;35:*.aac=00;36:*.au=00;36:*.flac=00;36:*.m4a=00;36:*.mid=00;36:*.midi=00;36:*.mka=00;36:*.mp3=00;36:*.mpc=00;36:*.ogg=00;36:*.ra=00;36:*.wav=00;36:*.oga=00;36:*.opus=00;36:*.spx=00;36:*.xspf=00;36:*~=00;90:*#=00;90:*.bak=00;90:*.crdownload=00;90:*.dpkg-dist=00;90:*.dpkg-new=00;90:*.dpkg-old=00;90:*.dpkg-tmp=00;90:*.old=00;90:*.orig=00;90:*.part=00;90:*.rej=00;90:*.rpmnew=00;90:*.rpmorig=00;90:*.rpmsave=00;90:*.swp=00;90:*.tmp=00;90:*.ucf-dist=00;90:*.ucf-new=00;90:*.ucf-old=00;90:', 'SSH_AUTH_SOCK': '/run/user/1000/keyring/ssh', 'AMENT_PREFIX_PATH': '/home/upo/turtlebot3_ws/install/userCommunication:/home/upo/turtlebot3_ws/install/turtlebot3:/home/upo/turtlebot3_ws/install/turtlebot3_teleop:/home/upo/turtlebot3_ws/install/turtlebot3_simulations:/home/upo/turtlebot3_ws/install/turtlebot3_bringup:/home/upo/turtlebot3_ws/install/turtlebot3_node:/home/upo/turtlebot3_ws/install/turtlebot3_navigation2:/home/upo/turtlebot3_ws/install/turtlebot3_gazebo:/home/upo/turtlebot3_ws/install/turtlebot3_fake_node:/home/upo/turtlebot3_ws/install/turtlebot3_example:/home/upo/turtlebot3_ws/install/turtlebot3_description:/home/upo/turtlebot3_ws/install/turtlebot3_cartographer:/home/upo/turtlebot3_ws/install/robotMovement:/home/upo/turtlebot3_ws/install/robotCommunication:/home/upo/turtlebot3_ws/install/VLMProcessing:/home/upo/turtlebot3_ws/install/interfaces:/opt/ros/jazzy', 'SHELL': '/bin/bash', 'TERMINATOR_UUID': 'urn:uuid:f0a92c7a-27de-4483-96af-ec3ae802a4f4', 'QT_ACCESSIBILITY': '1', 'GDMSESSION': 'ubuntu', 'LESSCLOSE': '/usr/bin/lesspipe %s %s', 'GPG_AGENT_INFO': '/run/user/1000/gnupg/S.gpg-agent:0:1', 'GJS_DEBUG_OUTPUT': 'stderr', 'ROS_AUTOMATIC_DISCOVERY_RANGE': 'SUBNET', 'QT_IM_MODULE': 'ibus', 'PWD': '/home/upo/Documents/TFG/TFG/ros2_ws/src/build/interfaces', 'TURTLEBOT3_MODEL': 'waffle', 'LC_ALL': 'en_US.UTF-8', 'XDG_CONFIG_DIRS': '/etc/xdg/xdg-ubuntu:/etc/xdg', 'XDG_DATA_DIRS': '/usr/share/ubuntu:/usr/share/gnome:/home/upo/.local/share/flatpak/exports/share:/var/lib/flatpak/exports/share:/usr/local/share/:/usr/share/:/var/lib/snapd/desktop', 'PYTHONPATH': '/home/upo/turtlebot3_ws/install/userCommunication/lib/python3.12/site-packages:/home/upo/turtlebot3_ws/build/turtlebot3_teleop:/home/upo/turtlebot3_ws/install/turtlebot3_teleop/lib/python3.12/site-packages:/home/upo/turtlebot3_ws/build/turtlebot3_example:/home/upo/turtlebot3_ws/install/turtlebot3_example/lib/python3.12/site-packages:/home/upo/turtlebot3_ws/install/robotMovement/lib/python3.12/site-packages:/home/upo/turtlebot3_ws/install/robotCommunication/lib/python3.12/site-packages:/home/upo/turtlebot3_ws/install/VLMProcessing/lib/python3.12/site-packages:/home/upo/turtlebot3_ws/install/interfaces/lib/python3.12/site-packages:/opt/ros/jazzy/lib/python3.12/site-packages', 'COLCON': '1', 'MEMORY_PRESSURE_WRITE': 'c29tZSAyMDAwMDAgMjAwMDAwMAA=', 'VTE_VERSION': '7600', 'CMAKE_PREFIX_PATH': '/home/upo/turtlebot3_ws/install/turtlebot3:/home/upo/turtlebot3_ws/install/turtlebot3_simulations:/home/upo/turtlebot3_ws/install/turtlebot3_bringup:/home/upo/turtlebot3_ws/install/turtlebot3_node:/home/upo/turtlebot3_ws/install/turtlebot3_navigation2:/home/upo/turtlebot3_ws/install/turtlebot3_gazebo:/home/upo/turtlebot3_ws/install/turtlebot3_fake_node:/home/upo/turtlebot3_ws/install/turtlebot3_description:/home/upo/turtlebot3_ws/install/turtlebot3_cartographer:/home/upo/turtlebot3_ws/install/interfaces:/opt/ros/jazzy/opt/gz_sim_vendor:/opt/ros/jazzy/opt/gz_sensors_vendor:/opt/ros/jazzy/opt/gz_physics_vendor:/opt/ros/jazzy/opt/sdformat_vendor:/opt/ros/jazzy/opt/gz_gui_vendor:/opt/ros/jazzy/opt/gz_transport_vendor:/opt/ros/jazzy/opt/gz_rendering_vendor:/opt/ros/jazzy/opt/gz_plugin_vendor:/opt/ros/jazzy/opt/gz_fuel_tools_vendor:/opt/ros/jazzy/opt/gz_msgs_vendor:/opt/ros/jazzy/opt/gz_common_vendor:/opt/ros/jazzy/opt/gz_math_vendor:/opt/ros/jazzy/opt/gz_utils_vendor:/opt/ros/jazzy/opt/gz_tools_vendor:/opt/ros/jazzy/opt/gz_ogre_next_vendor:/opt/ros/jazzy/opt/gz_dartsim_vendor:/opt/ros/jazzy/opt/gz_cmake_vendor:/home/upo/turtlebot3_ws/install/userCommunication:/home/upo/turtlebot3_ws/install/turtlebot3_teleop:/home/upo/turtlebot3_ws/install/turtlebot3_example:/home/upo/turtlebot3_ws/install/robotMovement:/home/upo/turtlebot3_ws/install/robotCommunication:/home/upo/turtlebot3_ws/install/VLMProcessing:/opt/ros/jazzy'}), 'shell': False}
[0.827610] (interfaces) StdoutLine: {'line': b'-- Install configuration: ""\n'}
[0.828619] (interfaces) StdoutLine: {'line': b'-- Execute custom install script\n'}
[0.830124] (interfaces) StdoutLine: {'line': b'-- Up-to-date symlink: /home/upo/Documents/TFG/TFG/ros2_ws/src/install/interfaces/share/ament_index/resource_index/rosidl_interfaces/interfaces\n'}
[0.830664] (interfaces) StdoutLine: {'line': b'-- Up-to-date symlink: /home/upo/Documents/TFG/TFG/ros2_ws/src/install/interfaces/share/interfaces/msg/Goal.json\n'}
[0.831284] (interfaces) StdoutLine: {'line': b'-- Up-to-date symlink: /home/upo/Documents/TFG/TFG/ros2_ws/src/install/interfaces/share/interfaces/msg/ComboImage.json\n'}
[0.831463] (interfaces) StdoutLine: {'line': b'-- Up-to-date symlink: /home/upo/Documents/TFG/TFG/ros2_ws/src/install/interfaces/share/interfaces/msg/Request.json\n'}
[0.831671] (interfaces) StdoutLine: {'line': b'-- Up-to-date symlink: /home/upo/Documents/TFG/TFG/ros2_ws/src/install/interfaces/share/interfaces/msg/Response.json\n'}
[0.832078] (interfaces) StdoutLine: {'line': b'-- Up-to-date symlink: /home/upo/Documents/TFG/TFG/ros2_ws/src/install/interfaces/share/interfaces/action/Move.json\n'}
[0.833722] (interfaces) StdoutLine: {'line': b'-- Up-to-date symlink: /home/upo/Documents/TFG/TFG/ros2_ws/src/install/interfaces/include/interfaces/interfaces/action/detail/move__functions.h\n'}
[0.834097] (interfaces) StdoutLine: {'line': b'-- Up-to-date symlink: /home/upo/Documents/TFG/TFG/ros2_ws/src/install/interfaces/include/interfaces/interfaces/action/detail/move__struct.h\n'}
[0.834341] (interfaces) StdoutLine: {'line': b'-- Up-to-date symlink: /home/upo/Documents/TFG/TFG/ros2_ws/src/install/interfaces/include/interfaces/interfaces/action/detail/move__type_support.h\n'}
[0.834535] (interfaces) StdoutLine: {'line': b'-- Up-to-date symlink: /home/upo/Documents/TFG/TFG/ros2_ws/src/install/interfaces/include/interfaces/interfaces/action/move.h\n'}
[0.834711] (interfaces) StdoutLine: {'line': b'-- Up-to-date symlink: /home/upo/Documents/TFG/TFG/ros2_ws/src/install/interfaces/include/interfaces/interfaces/msg/combo_image.h\n'}
[0.834951] (interfaces) StdoutLine: {'line': b'-- Up-to-date symlink: /home/upo/Documents/TFG/TFG/ros2_ws/src/install/interfaces/include/interfaces/interfaces/msg/detail/combo_image__functions.h\n'}
[0.835240] (interfaces) StdoutLine: {'line': b'-- Up-to-date symlink: /home/upo/Documents/TFG/TFG/ros2_ws/src/install/interfaces/include/interfaces/interfaces/msg/detail/combo_image__struct.h\n'}
[0.835683] (interfaces) StdoutLine: {'line': b'-- Up-to-date symlink: /home/upo/Documents/TFG/TFG/ros2_ws/src/install/interfaces/include/interfaces/interfaces/msg/detail/combo_image__type_support.h\n'}
[0.836051] (interfaces) StdoutLine: {'line': b'-- Up-to-date symlink: /home/upo/Documents/TFG/TFG/ros2_ws/src/install/interfaces/include/interfaces/interfaces/msg/detail/goal__functions.h\n'}
[0.836274] (interfaces) StdoutLine: {'line': b'-- Up-to-date symlink: /home/upo/Documents/TFG/TFG/ros2_ws/src/install/interfaces/include/interfaces/interfaces/msg/detail/goal__struct.h\n'}
[0.836520] (interfaces) StdoutLine: {'line': b'-- Up-to-date symlink: /home/upo/Documents/TFG/TFG/ros2_ws/src/install/interfaces/include/interfaces/interfaces/msg/detail/goal__type_support.h\n'}
[0.836820] (interfaces) StdoutLine: {'line': b'-- Up-to-date symlink: /home/upo/Documents/TFG/TFG/ros2_ws/src/install/interfaces/include/interfaces/interfaces/msg/detail/request__functions.h\n'}
[0.837071] (interfaces) StdoutLine: {'line': b'-- Up-to-date symlink: /home/upo/Documents/TFG/TFG/ros2_ws/src/install/interfaces/include/interfaces/interfaces/msg/detail/request__struct.h\n'}
[0.837495] (interfaces) StdoutLine: {'line': b'-- Up-to-date symlink: /home/upo/Documents/TFG/TFG/ros2_ws/src/install/interfaces/include/interfaces/interfaces/msg/detail/request__type_support.h\n'}
[0.837965] (interfaces) StdoutLine: {'line': b'-- Up-to-date symlink: /home/upo/Documents/TFG/TFG/ros2_ws/src/install/interfaces/include/interfaces/interfaces/msg/detail/response__functions.h\n'}
[0.838090] (interfaces) StdoutLine: {'line': b'-- Up-to-date symlink: /home/upo/Documents/TFG/TFG/ros2_ws/src/install/interfaces/include/interfaces/interfaces/msg/detail/response__struct.h\n'}
[0.838256] (interfaces) StdoutLine: {'line': b'-- Up-to-date symlink: /home/upo/Documents/TFG/TFG/ros2_ws/src/install/interfaces/include/interfaces/interfaces/msg/detail/response__type_support.h\n'}
[0.838499] (interfaces) StdoutLine: {'line': b'-- Up-to-date symlink: /home/upo/Documents/TFG/TFG/ros2_ws/src/install/interfaces/include/interfaces/interfaces/msg/goal.h\n'}
[0.838718] (interfaces) StdoutLine: {'line': b'-- Up-to-date symlink: /home/upo/Documents/TFG/TFG/ros2_ws/src/install/interfaces/include/interfaces/interfaces/msg/request.h\n'}
[0.839116] (interfaces) StdoutLine: {'line': b'-- Up-to-date symlink: /home/upo/Documents/TFG/TFG/ros2_ws/src/install/interfaces/include/interfaces/interfaces/msg/response.h\n'}
[0.839682] (interfaces) StdoutLine: {'line': b'-- Up-to-date symlink: /home/upo/Documents/TFG/TFG/ros2_ws/src/install/interfaces/include/interfaces/interfaces/msg/rosidl_generator_c__visibility_control.h\n'}
[0.839865] (interfaces) StdoutLine: {'line': b'-- Up-to-date symlink: /home/upo/Documents/TFG/TFG/ros2_ws/src/install/interfaces/share/interfaces/environment/library_path.sh\n'}
[0.840012] (interfaces) StdoutLine: {'line': b'-- Up-to-date symlink: /home/upo/Documents/TFG/TFG/ros2_ws/src/install/interfaces/share/interfaces/environment/library_path.dsv\n'}
[0.841210] (interfaces) StdoutLine: {'line': b'-- Up-to-date symlink: /home/upo/Documents/TFG/TFG/ros2_ws/src/install/interfaces/include/interfaces/interfaces/action/detail/move__rosidl_typesupport_fastrtps_c.h\n'}
[0.841648] (interfaces) StdoutLine: {'line': b'-- Up-to-date symlink: /home/upo/Documents/TFG/TFG/ros2_ws/src/install/interfaces/include/interfaces/interfaces/msg/detail/combo_image__rosidl_typesupport_fastrtps_c.h\n'}
[0.841973] (interfaces) StdoutLine: {'line': b'-- Up-to-date symlink: /home/upo/Documents/TFG/TFG/ros2_ws/src/install/interfaces/include/interfaces/interfaces/msg/detail/goal__rosidl_typesupport_fastrtps_c.h\n'}
[0.842376] (interfaces) StdoutLine: {'line': b'-- Up-to-date symlink: /home/upo/Documents/TFG/TFG/ros2_ws/src/install/interfaces/include/interfaces/interfaces/msg/detail/request__rosidl_typesupport_fastrtps_c.h\n'}
[0.842584] (interfaces) StdoutLine: {'line': b'-- Up-to-date symlink: /home/upo/Documents/TFG/TFG/ros2_ws/src/install/interfaces/include/interfaces/interfaces/msg/detail/response__rosidl_typesupport_fastrtps_c.h\n'}
[0.842881] (interfaces) StdoutLine: {'line': b'-- Up-to-date symlink: /home/upo/Documents/TFG/TFG/ros2_ws/src/install/interfaces/include/interfaces/interfaces/msg/rosidl_typesupport_fastrtps_c__visibility_control.h\n'}
[0.843993] (interfaces) StdoutLine: {'line': b'-- Up-to-date symlink: /home/upo/Documents/TFG/TFG/ros2_ws/src/install/interfaces/include/interfaces/interfaces/action/detail/move__builder.hpp\n'}
[0.844439] (interfaces) StdoutLine: {'line': b'-- Up-to-date symlink: /home/upo/Documents/TFG/TFG/ros2_ws/src/install/interfaces/include/interfaces/interfaces/action/detail/move__struct.hpp\n'}
[0.844636] (interfaces) StdoutLine: {'line': b'-- Up-to-date symlink: /home/upo/Documents/TFG/TFG/ros2_ws/src/install/interfaces/include/interfaces/interfaces/action/detail/move__traits.hpp\n'}
[0.844766] (interfaces) StdoutLine: {'line': b'-- Up-to-date symlink: /home/upo/Documents/TFG/TFG/ros2_ws/src/install/interfaces/include/interfaces/interfaces/action/detail/move__type_support.hpp\n'}
[0.844969] (interfaces) StdoutLine: {'line': b'-- Up-to-date symlink: /home/upo/Documents/TFG/TFG/ros2_ws/src/install/interfaces/include/interfaces/interfaces/action/move.hpp\n'}
[0.845266] (interfaces) StdoutLine: {'line': b'-- Up-to-date symlink: /home/upo/Documents/TFG/TFG/ros2_ws/src/install/interfaces/include/interfaces/interfaces/msg/combo_image.hpp\n'}
[0.845504] (interfaces) StdoutLine: {'line': b'-- Up-to-date symlink: /home/upo/Documents/TFG/TFG/ros2_ws/src/install/interfaces/include/interfaces/interfaces/msg/detail/combo_image__builder.hpp\n'}
[0.845730] (interfaces) StdoutLine: {'line': b'-- Up-to-date symlink: /home/upo/Documents/TFG/TFG/ros2_ws/src/install/interfaces/include/interfaces/interfaces/msg/detail/combo_image__struct.hpp\n'}
[0.845962] (interfaces) StdoutLine: {'line': b'-- Up-to-date symlink: /home/upo/Documents/TFG/TFG/ros2_ws/src/install/interfaces/include/interfaces/interfaces/msg/detail/combo_image__traits.hpp\n'}
[0.846278] (interfaces) StdoutLine: {'line': b'-- Up-to-date symlink: /home/upo/Documents/TFG/TFG/ros2_ws/src/install/interfaces/include/interfaces/interfaces/msg/detail/combo_image__type_support.hpp\n'}
[0.846516] (interfaces) StdoutLine: {'line': b'-- Up-to-date symlink: /home/upo/Documents/TFG/TFG/ros2_ws/src/install/interfaces/include/interfaces/interfaces/msg/detail/goal__builder.hpp\n'}
[0.846745] (interfaces) StdoutLine: {'line': b'-- Up-to-date symlink: /home/upo/Documents/TFG/TFG/ros2_ws/src/install/interfaces/include/interfaces/interfaces/msg/detail/goal__struct.hpp\n'}
[0.846981] (interfaces) StdoutLine: {'line': b'-- Up-to-date symlink: /home/upo/Documents/TFG/TFG/ros2_ws/src/install/interfaces/include/interfaces/interfaces/msg/detail/goal__traits.hpp\n'}
[0.847222] (interfaces) StdoutLine: {'line': b'-- Up-to-date symlink: /home/upo/Documents/TFG/TFG/ros2_ws/src/install/interfaces/include/interfaces/interfaces/msg/detail/goal__type_support.hpp\n'}
[0.847444] (interfaces) StdoutLine: {'line': b'-- Up-to-date symlink: /home/upo/Documents/TFG/TFG/ros2_ws/src/install/interfaces/include/interfaces/interfaces/msg/detail/request__builder.hpp\n'}
[0.847746] (interfaces) StdoutLine: {'line': b'-- Up-to-date symlink: /home/upo/Documents/TFG/TFG/ros2_ws/src/install/interfaces/include/interfaces/interfaces/msg/detail/request__struct.hpp\n'}
[0.847942] (interfaces) StdoutLine: {'line': b'-- Up-to-date symlink: /home/upo/Documents/TFG/TFG/ros2_ws/src/install/interfaces/include/interfaces/interfaces/msg/detail/request__traits.hpp\n'}
[0.848252] (interfaces) StdoutLine: {'line': b'-- Up-to-date symlink: /home/upo/Documents/TFG/TFG/ros2_ws/src/install/interfaces/include/interfaces/interfaces/msg/detail/request__type_support.hpp\n'}
[0.848634] (interfaces) StdoutLine: {'line': b'-- Up-to-date symlink: /home/upo/Documents/TFG/TFG/ros2_ws/src/install/interfaces/include/interfaces/interfaces/msg/detail/response__builder.hpp\n'}
[0.849303] (interfaces) StdoutLine: {'line': b'-- Up-to-date symlink: /home/upo/Documents/TFG/TFG/ros2_ws/src/install/interfaces/include/interfaces/interfaces/msg/detail/response__struct.hpp\n'}
[0.849430] (interfaces) StdoutLine: {'line': b'-- Up-to-date symlink: /home/upo/Documents/TFG/TFG/ros2_ws/src/install/interfaces/include/interfaces/interfaces/msg/detail/response__traits.hpp\n'}
[0.849558] (interfaces) StdoutLine: {'line': b'-- Up-to-date symlink: /home/upo/Documents/TFG/TFG/ros2_ws/src/install/interfaces/include/interfaces/interfaces/msg/detail/response__type_support.hpp\n'}
[0.849652] (interfaces) StdoutLine: {'line': b'-- Up-to-date symlink: /home/upo/Documents/TFG/TFG/ros2_ws/src/install/interfaces/include/interfaces/interfaces/msg/goal.hpp\n'}
[0.849773] (interfaces) StdoutLine: {'line': b'-- Up-to-date symlink: /home/upo/Documents/TFG/TFG/ros2_ws/src/install/interfaces/include/interfaces/interfaces/msg/request.hpp\n'}
[0.849942] (interfaces) StdoutLine: {'line': b'-- Up-to-date symlink: /home/upo/Documents/TFG/TFG/ros2_ws/src/install/interfaces/include/interfaces/interfaces/msg/response.hpp\n'}
[0.850188] (interfaces) StdoutLine: {'line': b'-- Up-to-date symlink: /home/upo/Documents/TFG/TFG/ros2_ws/src/install/interfaces/include/interfaces/interfaces/msg/rosidl_generator_cpp__visibility_control.hpp\n'}
[0.851236] (interfaces) StdoutLine: {'line': b'-- Up-to-date symlink: /home/upo/Documents/TFG/TFG/ros2_ws/src/install/interfaces/include/interfaces/interfaces/action/detail/move__rosidl_typesupport_fastrtps_cpp.hpp\n'}
[0.851471] (interfaces) StdoutLine: {'line': b'-- Up-to-date symlink: /home/upo/Documents/TFG/TFG/ros2_ws/src/install/interfaces/include/interfaces/interfaces/msg/detail/combo_image__rosidl_typesupport_fastrtps_cpp.hpp\n'}
[0.851758] (interfaces) StdoutLine: {'line': b'-- Up-to-date symlink: /home/upo/Documents/TFG/TFG/ros2_ws/src/install/interfaces/include/interfaces/interfaces/msg/detail/goal__rosidl_typesupport_fastrtps_cpp.hpp\n'}
[0.852029] (interfaces) StdoutLine: {'line': b'-- Up-to-date symlink: /home/upo/Documents/TFG/TFG/ros2_ws/src/install/interfaces/include/interfaces/interfaces/msg/detail/request__rosidl_typesupport_fastrtps_cpp.hpp\n'}
[0.852330] (interfaces) StdoutLine: {'line': b'-- Up-to-date symlink: /home/upo/Documents/TFG/TFG/ros2_ws/src/install/interfaces/include/interfaces/interfaces/msg/detail/response__rosidl_typesupport_fastrtps_cpp.hpp\n'}
[0.852528] (interfaces) StdoutLine: {'line': b'-- Up-to-date symlink: /home/upo/Documents/TFG/TFG/ros2_ws/src/install/interfaces/include/interfaces/interfaces/msg/rosidl_typesupport_fastrtps_cpp__visibility_control.h\n'}
[0.853357] (interfaces) StdoutLine: {'line': b'-- Up-to-date symlink: /home/upo/Documents/TFG/TFG/ros2_ws/src/install/interfaces/include/interfaces/interfaces/action/detail/move__rosidl_typesupport_introspection_c.h\n'}
[0.853613] (interfaces) StdoutLine: {'line': b'-- Up-to-date symlink: /home/upo/Documents/TFG/TFG/ros2_ws/src/install/interfaces/include/interfaces/interfaces/msg/detail/combo_image__rosidl_typesupport_introspection_c.h\n'}
[0.853836] (interfaces) StdoutLine: {'line': b'-- Up-to-date symlink: /home/upo/Documents/TFG/TFG/ros2_ws/src/install/interfaces/include/interfaces/interfaces/msg/detail/goal__rosidl_typesupport_introspection_c.h\n'}
[0.854075] (interfaces) StdoutLine: {'line': b'-- Up-to-date symlink: /home/upo/Documents/TFG/TFG/ros2_ws/src/install/interfaces/include/interfaces/interfaces/msg/detail/request__rosidl_typesupport_introspection_c.h\n'}
[0.854306] (interfaces) StdoutLine: {'line': b'-- Up-to-date symlink: /home/upo/Documents/TFG/TFG/ros2_ws/src/install/interfaces/include/interfaces/interfaces/msg/detail/response__rosidl_typesupport_introspection_c.h\n'}
[0.854539] (interfaces) StdoutLine: {'line': b'-- Up-to-date symlink: /home/upo/Documents/TFG/TFG/ros2_ws/src/install/interfaces/include/interfaces/interfaces/msg/rosidl_typesupport_introspection_c__visibility_control.h\n'}
[0.855247] (interfaces) StdoutLine: {'line': b'-- Up-to-date symlink: /home/upo/Documents/TFG/TFG/ros2_ws/src/install/interfaces/include/interfaces/interfaces/action/detail/move__rosidl_typesupport_introspection_cpp.hpp\n'}
[0.855492] (interfaces) StdoutLine: {'line': b'-- Up-to-date symlink: /home/upo/Documents/TFG/TFG/ros2_ws/src/install/interfaces/include/interfaces/interfaces/msg/detail/combo_image__rosidl_typesupport_introspection_cpp.hpp\n'}
[0.855740] (interfaces) StdoutLine: {'line': b'-- Up-to-date symlink: /home/upo/Documents/TFG/TFG/ros2_ws/src/install/interfaces/include/interfaces/interfaces/msg/detail/goal__rosidl_typesupport_introspection_cpp.hpp\n'}
[0.856002] (interfaces) StdoutLine: {'line': b'-- Up-to-date symlink: /home/upo/Documents/TFG/TFG/ros2_ws/src/install/interfaces/include/interfaces/interfaces/msg/detail/request__rosidl_typesupport_introspection_cpp.hpp\n'}
[0.856301] (interfaces) StdoutLine: {'line': b'-- Up-to-date symlink: /home/upo/Documents/TFG/TFG/ros2_ws/src/install/interfaces/include/interfaces/interfaces/msg/detail/response__rosidl_typesupport_introspection_cpp.hpp\n'}
[0.856614] (interfaces) StdoutLine: {'line': b'-- Up-to-date symlink: /home/upo/Documents/TFG/TFG/ros2_ws/src/install/interfaces/share/interfaces/environment/pythonpath.sh\n'}
[0.857013] (interfaces) StdoutLine: {'line': b'-- Up-to-date symlink: /home/upo/Documents/TFG/TFG/ros2_ws/src/install/interfaces/share/interfaces/environment/pythonpath.dsv\n'}
[0.857546] (interfaces) StdoutLine: {'line': b'-- Up-to-date symlink: /home/upo/Documents/TFG/TFG/ros2_ws/src/install/interfaces/lib/python3.12/site-packages/interfaces-0.0.0-py3.12.egg-info/PKG-INFO\n'}
[0.857945] (interfaces) StdoutLine: {'line': b'-- Up-to-date symlink: /home/upo/Documents/TFG/TFG/ros2_ws/src/install/interfaces/lib/python3.12/site-packages/interfaces-0.0.0-py3.12.egg-info/SOURCES.txt\n'}
[0.858056] (interfaces) StdoutLine: {'line': b'-- Up-to-date symlink: /home/upo/Documents/TFG/TFG/ros2_ws/src/install/interfaces/lib/python3.12/site-packages/interfaces-0.0.0-py3.12.egg-info/dependency_links.txt\n'}
[0.858185] (interfaces) StdoutLine: {'line': b'-- Up-to-date symlink: /home/upo/Documents/TFG/TFG/ros2_ws/src/install/interfaces/lib/python3.12/site-packages/interfaces-0.0.0-py3.12.egg-info/top_level.txt\n'}
[0.859217] (interfaces) StdoutLine: {'line': b'-- Up-to-date symlink: /home/upo/Documents/TFG/TFG/ros2_ws/src/install/interfaces/lib/python3.12/site-packages/interfaces/__init__.py\n'}
[0.859418] (interfaces) StdoutLine: {'line': b'-- Up-to-date symlink: /home/upo/Documents/TFG/TFG/ros2_ws/src/install/interfaces/lib/python3.12/site-packages/interfaces/_interfaces_s.ep.rosidl_typesupport_c.c\n'}
[0.859619] (interfaces) StdoutLine: {'line': b'-- Up-to-date symlink: /home/upo/Documents/TFG/TFG/ros2_ws/src/install/interfaces/lib/python3.12/site-packages/interfaces/_interfaces_s.ep.rosidl_typesupport_fastrtps_c.c\n'}
[0.859855] (interfaces) StdoutLine: {'line': b'-- Up-to-date symlink: /home/upo/Documents/TFG/TFG/ros2_ws/src/install/interfaces/lib/python3.12/site-packages/interfaces/_interfaces_s.ep.rosidl_typesupport_introspection_c.c\n'}
[0.860108] (interfaces) StdoutLine: {'line': b'-- Up-to-date symlink: /home/upo/Documents/TFG/TFG/ros2_ws/src/install/interfaces/lib/python3.12/site-packages/interfaces/action/__init__.py\n'}
[0.860307] (interfaces) StdoutLine: {'line': b'-- Up-to-date symlink: /home/upo/Documents/TFG/TFG/ros2_ws/src/install/interfaces/lib/python3.12/site-packages/interfaces/action/_move.py\n'}
[0.860498] (interfaces) StdoutLine: {'line': b'-- Up-to-date symlink: /home/upo/Documents/TFG/TFG/ros2_ws/src/install/interfaces/lib/python3.12/site-packages/interfaces/action/_move_s.c\n'}
[0.860735] (interfaces) StdoutLine: {'line': b'-- Up-to-date symlink: /home/upo/Documents/TFG/TFG/ros2_ws/src/install/interfaces/lib/python3.12/site-packages/interfaces/interfaces_s__rosidl_typesupport_c.so\n'}
[0.860935] (interfaces) StdoutLine: {'line': b'-- Up-to-date symlink: /home/upo/Documents/TFG/TFG/ros2_ws/src/install/interfaces/lib/python3.12/site-packages/interfaces/interfaces_s__rosidl_typesupport_fastrtps_c.so\n'}
[0.861106] (interfaces) StdoutLine: {'line': b'-- Up-to-date symlink: /home/upo/Documents/TFG/TFG/ros2_ws/src/install/interfaces/lib/python3.12/site-packages/interfaces/interfaces_s__rosidl_typesupport_introspection_c.so\n'}
[0.861340] (interfaces) StdoutLine: {'line': b'-- Up-to-date symlink: /home/upo/Documents/TFG/TFG/ros2_ws/src/install/interfaces/lib/python3.12/site-packages/interfaces/msg/__init__.py\n'}
[0.861534] (interfaces) StdoutLine: {'line': b'-- Up-to-date symlink: /home/upo/Documents/TFG/TFG/ros2_ws/src/install/interfaces/lib/python3.12/site-packages/interfaces/msg/_combo_image.py\n'}
[0.861700] (interfaces) StdoutLine: {'line': b'-- Up-to-date symlink: /home/upo/Documents/TFG/TFG/ros2_ws/src/install/interfaces/lib/python3.12/site-packages/interfaces/msg/_combo_image_s.c\n'}
[0.861865] (interfaces) StdoutLine: {'line': b'-- Up-to-date symlink: /home/upo/Documents/TFG/TFG/ros2_ws/src/install/interfaces/lib/python3.12/site-packages/interfaces/msg/_goal.py\n'}
[0.862039] (interfaces) StdoutLine: {'line': b'-- Up-to-date symlink: /home/upo/Documents/TFG/TFG/ros2_ws/src/install/interfaces/lib/python3.12/site-packages/interfaces/msg/_goal_s.c\n'}
[0.862281] (interfaces) StdoutLine: {'line': b'-- Up-to-date symlink: /home/upo/Documents/TFG/TFG/ros2_ws/src/install/interfaces/lib/python3.12/site-packages/interfaces/msg/_request.py\n'}
[0.862531] (interfaces) StdoutLine: {'line': b'-- Up-to-date symlink: /home/upo/Documents/TFG/TFG/ros2_ws/src/install/interfaces/lib/python3.12/site-packages/interfaces/msg/_request_s.c\n'}
[0.862791] (interfaces) StdoutLine: {'line': b'-- Up-to-date symlink: /home/upo/Documents/TFG/TFG/ros2_ws/src/install/interfaces/lib/python3.12/site-packages/interfaces/msg/_response.py\n'}
[0.862971] (interfaces) StdoutLine: {'line': b'-- Up-to-date symlink: /home/upo/Documents/TFG/TFG/ros2_ws/src/install/interfaces/lib/python3.12/site-packages/interfaces/msg/_response_s.c\n'}
[0.863459] (interfaces) StdoutLine: {'line': b'-- Up-to-date symlink: /home/upo/Documents/TFG/TFG/ros2_ws/src/install/interfaces/lib/python3.12/site-packages/interfaces/interfaces_s__rosidl_typesupport_fastrtps_c.so\n'}
[0.863906] (interfaces) StdoutLine: {'line': b'-- Up-to-date symlink: /home/upo/Documents/TFG/TFG/ros2_ws/src/install/interfaces/lib/python3.12/site-packages/interfaces/interfaces_s__rosidl_typesupport_introspection_c.so\n'}
[0.864303] (interfaces) StdoutLine: {'line': b'-- Up-to-date symlink: /home/upo/Documents/TFG/TFG/ros2_ws/src/install/interfaces/lib/python3.12/site-packages/interfaces/interfaces_s__rosidl_typesupport_c.so\n'}
[0.864670] (interfaces) StdoutLine: {'line': b'-- Up-to-date symlink: /home/upo/Documents/TFG/TFG/ros2_ws/src/install/interfaces/share/ament_index/resource_index/rust_packages/interfaces\n'}
[0.865447] (interfaces) StdoutLine: {'line': b'-- Up-to-date symlink: /home/upo/Documents/TFG/TFG/ros2_ws/src/install/interfaces/share/interfaces/rust/Cargo.toml\n'}
[0.865759] (interfaces) StdoutLine: {'line': b'-- Up-to-date symlink: /home/upo/Documents/TFG/TFG/ros2_ws/src/install/interfaces/share/interfaces/rust/build.rs\n'}
[0.865899] (interfaces) StdoutLine: {'line': b'-- Up-to-date symlink: /home/upo/Documents/TFG/TFG/ros2_ws/src/install/interfaces/share/interfaces/rust/src/action.rs\n'}
[0.866275] (interfaces) StdoutLine: {'line': b'-- Up-to-date symlink: /home/upo/Documents/TFG/TFG/ros2_ws/src/install/interfaces/share/interfaces/rust/src/action/rmw.rs\n'}
[0.866460] (interfaces) StdoutLine: {'line': b'-- Up-to-date symlink: /home/upo/Documents/TFG/TFG/ros2_ws/src/install/interfaces/share/interfaces/rust/src/lib.rs\n'}
[0.866666] (interfaces) StdoutLine: {'line': b'-- Up-to-date symlink: /home/upo/Documents/TFG/TFG/ros2_ws/src/install/interfaces/share/interfaces/rust/src/msg.rs\n'}
[0.867049] (interfaces) StdoutLine: {'line': b'-- Up-to-date symlink: /home/upo/Documents/TFG/TFG/ros2_ws/src/install/interfaces/share/interfaces/rust/src/msg/rmw.rs\n'}
[0.867405] (interfaces) StdoutLine: {'line': b'-- Up-to-date symlink: /home/upo/Documents/TFG/TFG/ros2_ws/src/install/interfaces/share/interfaces/msg/Goal.idl\n'}
[0.867738] (interfaces) StdoutLine: {'line': b'-- Up-to-date symlink: /home/upo/Documents/TFG/TFG/ros2_ws/src/install/interfaces/share/interfaces/msg/ComboImage.idl\n'}
[0.867991] (interfaces) StdoutLine: {'line': b'-- Up-to-date symlink: /home/upo/Documents/TFG/TFG/ros2_ws/src/install/interfaces/share/interfaces/msg/Request.idl\n'}
[0.868210] (interfaces) StdoutLine: {'line': b'-- Up-to-date symlink: /home/upo/Documents/TFG/TFG/ros2_ws/src/install/interfaces/share/interfaces/msg/Response.idl\n'}
[0.868504] (interfaces) StdoutLine: {'line': b'-- Up-to-date symlink: /home/upo/Documents/TFG/TFG/ros2_ws/src/install/interfaces/share/interfaces/action/Move.idl\n'}
[0.868882] (interfaces) StdoutLine: {'line': b'-- Up-to-date symlink: /home/upo/Documents/TFG/TFG/ros2_ws/src/install/interfaces/share/interfaces/msg/Goal.msg\n'}
[0.870575] (interfaces) StdoutLine: {'line': b'-- Up-to-date symlink: /home/upo/Documents/TFG/TFG/ros2_ws/src/install/interfaces/share/interfaces/msg/ComboImage.msg\n'}
[0.871478] (interfaces) StdoutLine: {'line': b'-- Up-to-date symlink: /home/upo/Documents/TFG/TFG/ros2_ws/src/install/interfaces/share/interfaces/msg/Request.msg\n'}
[0.871774] (interfaces) StdoutLine: {'line': b'-- Up-to-date symlink: /home/upo/Documents/TFG/TFG/ros2_ws/src/install/interfaces/share/interfaces/msg/Response.msg\n'}
[0.872355] (interfaces) StdoutLine: {'line': b'-- Up-to-date symlink: /home/upo/Documents/TFG/TFG/ros2_ws/src/install/interfaces/share/interfaces/action/Move.action\n'}
[0.872606] (interfaces) StdoutLine: {'line': b'-- Up-to-date symlink: /home/upo/Documents/TFG/TFG/ros2_ws/src/install/interfaces/share/ament_index/resource_index/package_run_dependencies/interfaces\n'}
[0.872937] (interfaces) StdoutLine: {'line': b'-- Up-to-date symlink: /home/upo/Documents/TFG/TFG/ros2_ws/src/install/interfaces/share/ament_index/resource_index/parent_prefix_path/interfaces\n'}
[0.873212] (interfaces) StdoutLine: {'line': b'-- Up-to-date symlink: /home/upo/Documents/TFG/TFG/ros2_ws/src/install/interfaces/share/interfaces/environment/ament_prefix_path.sh\n'}
[0.873408] (interfaces) StdoutLine: {'line': b'-- Up-to-date symlink: /home/upo/Documents/TFG/TFG/ros2_ws/src/install/interfaces/share/interfaces/environment/ament_prefix_path.dsv\n'}
[0.873624] (interfaces) StdoutLine: {'line': b'-- Up-to-date symlink: /home/upo/Documents/TFG/TFG/ros2_ws/src/install/interfaces/share/interfaces/environment/path.sh\n'}
[0.873889] (interfaces) StdoutLine: {'line': b'-- Up-to-date symlink: /home/upo/Documents/TFG/TFG/ros2_ws/src/install/interfaces/share/interfaces/environment/path.dsv\n'}
[0.874150] (interfaces) StdoutLine: {'line': b'-- Up-to-date symlink: /home/upo/Documents/TFG/TFG/ros2_ws/src/install/interfaces/share/interfaces/local_setup.bash\n'}
[0.874430] (interfaces) StdoutLine: {'line': b'-- Up-to-date symlink: /home/upo/Documents/TFG/TFG/ros2_ws/src/install/interfaces/share/interfaces/local_setup.sh\n'}
[0.874686] (interfaces) StdoutLine: {'line': b'-- Up-to-date symlink: /home/upo/Documents/TFG/TFG/ros2_ws/src/install/interfaces/share/interfaces/local_setup.zsh\n'}
[0.875028] (interfaces) StdoutLine: {'line': b'-- Up-to-date symlink: /home/upo/Documents/TFG/TFG/ros2_ws/src/install/interfaces/share/interfaces/local_setup.dsv\n'}
[0.875168] (interfaces) StdoutLine: {'line': b'-- Symlinking: /home/upo/Documents/TFG/TFG/ros2_ws/src/install/interfaces/share/interfaces/package.dsv\n'}
[0.893401] (interfaces) StdoutLine: {'line': b'-- Up-to-date symlink: /home/upo/Documents/TFG/TFG/ros2_ws/src/install/interfaces/share/ament_index/resource_index/packages/interfaces\n'}
[0.893927] (interfaces) StdoutLine: {'line': b'-- Up-to-date symlink: /home/upo/Documents/TFG/TFG/ros2_ws/src/install/interfaces/share/interfaces/cmake/rosidl_cmake-extras.cmake\n'}
[0.894085] (interfaces) StdoutLine: {'line': b'-- Up-to-date symlink: /home/upo/Documents/TFG/TFG/ros2_ws/src/install/interfaces/share/interfaces/cmake/ament_cmake_export_dependencies-extras.cmake\n'}
[0.894397] (interfaces) StdoutLine: {'line': b'-- Up-to-date symlink: /home/upo/Documents/TFG/TFG/ros2_ws/src/install/interfaces/share/interfaces/cmake/ament_cmake_export_include_directories-extras.cmake\n'}
[0.897286] (interfaces) StdoutLine: {'line': b'-- Up-to-date symlink: /home/upo/Documents/TFG/TFG/ros2_ws/src/install/interfaces/share/interfaces/cmake/ament_cmake_export_libraries-extras.cmake\n'}
[0.897455] (interfaces) StdoutLine: {'line': b'-- Up-to-date symlink: /home/upo/Documents/TFG/TFG/ros2_ws/src/install/interfaces/share/interfaces/cmake/ament_cmake_export_targets-extras.cmake\n'}
[0.897576] (interfaces) StdoutLine: {'line': b'-- Up-to-date symlink: /home/upo/Documents/TFG/TFG/ros2_ws/src/install/interfaces/share/interfaces/cmake/rosidl_cmake_export_typesupport_targets-extras.cmake\n'}
[0.897659] (interfaces) StdoutLine: {'line': b'-- Up-to-date symlink: /home/upo/Documents/TFG/TFG/ros2_ws/src/install/interfaces/share/interfaces/cmake/rosidl_cmake_export_typesupport_libraries-extras.cmake\n'}
[0.897717] (interfaces) StdoutLine: {'line': b'-- Up-to-date symlink: /home/upo/Documents/TFG/TFG/ros2_ws/src/install/interfaces/share/interfaces/cmake/rosidl_cmake_aggregate_target-extras.cmake\n'}
[0.897772] (interfaces) StdoutLine: {'line': b'-- Up-to-date symlink: /home/upo/Documents/TFG/TFG/ros2_ws/src/install/interfaces/share/interfaces/cmake/interfacesConfig.cmake\n'}
[0.897827] (interfaces) StdoutLine: {'line': b'-- Up-to-date symlink: /home/upo/Documents/TFG/TFG/ros2_ws/src/install/interfaces/share/interfaces/cmake/interfacesConfig-version.cmake\n'}
[0.897888] (interfaces) StdoutLine: {'line': b'-- Up-to-date symlink: /home/upo/Documents/TFG/TFG/ros2_ws/src/install/interfaces/share/interfaces/package.xml\n'}
[0.898656] (interfaces) StdoutLine: {'line': b'-- Up-to-date: /home/upo/Documents/TFG/TFG/ros2_ws/src/install/interfaces/lib/libinterfaces__rosidl_generator_c.so\n'}
[0.899207] (interfaces) StdoutLine: {'line': b'-- Up-to-date: /home/upo/Documents/TFG/TFG/ros2_ws/src/install/interfaces/lib/libinterfaces__rosidl_typesupport_fastrtps_c.so\n'}
[0.900135] (interfaces) StdoutLine: {'line': b'-- Up-to-date: /home/upo/Documents/TFG/TFG/ros2_ws/src/install/interfaces/lib/libinterfaces__rosidl_typesupport_fastrtps_cpp.so\n'}
[0.900732] (interfaces) StdoutLine: {'line': b'-- Up-to-date: /home/upo/Documents/TFG/TFG/ros2_ws/src/install/interfaces/lib/libinterfaces__rosidl_typesupport_introspection_c.so\n'}
[0.901557] (interfaces) StdoutLine: {'line': b'-- Up-to-date: /home/upo/Documents/TFG/TFG/ros2_ws/src/install/interfaces/lib/libinterfaces__rosidl_typesupport_c.so\n'}
[0.901700] (-) TimerEvent: {}
[0.902136] (interfaces) StdoutLine: {'line': b'-- Up-to-date: /home/upo/Documents/TFG/TFG/ros2_ws/src/install/interfaces/lib/libinterfaces__rosidl_typesupport_introspection_cpp.so\n'}
[0.902868] (interfaces) StdoutLine: {'line': b'-- Up-to-date: /home/upo/Documents/TFG/TFG/ros2_ws/src/install/interfaces/lib/libinterfaces__rosidl_typesupport_cpp.so\n'}
[0.964339] (interfaces) StdoutLine: {'line': b"Listing '/home/upo/Documents/TFG/TFG/ros2_ws/src/install/interfaces/lib/python3.12/site-packages/interfaces'...\n"}
[0.964825] (interfaces) StdoutLine: {'line': b"Listing '/home/upo/Documents/TFG/TFG/ros2_ws/src/install/interfaces/lib/python3.12/site-packages/interfaces/action'...\n"}
[0.965044] (interfaces) StdoutLine: {'line': b"Listing '/home/upo/Documents/TFG/TFG/ros2_ws/src/install/interfaces/lib/python3.12/site-packages/interfaces/msg'...\n"}
[0.982921] (interfaces) StdoutLine: {'line': b'-- Up-to-date: /home/upo/Documents/TFG/TFG/ros2_ws/src/install/interfaces/lib/libinterfaces__rosidl_generator_py.so\n'}
[0.983442] (interfaces) StdoutLine: {'line': b'-- Up-to-date: /home/upo/Documents/TFG/TFG/ros2_ws/src/install/interfaces/share/interfaces/cmake/export_interfaces__rosidl_generator_cExport.cmake\n'}
[0.983557] (interfaces) StdoutLine: {'line': b'-- Up-to-date: /home/upo/Documents/TFG/TFG/ros2_ws/src/install/interfaces/share/interfaces/cmake/export_interfaces__rosidl_generator_cExport-noconfig.cmake\n'}
[0.983735] (interfaces) StdoutLine: {'line': b'-- Up-to-date: /home/upo/Documents/TFG/TFG/ros2_ws/src/install/interfaces/share/interfaces/cmake/export_interfaces__rosidl_typesupport_fastrtps_cExport.cmake\n'}
[0.983810] (interfaces) StdoutLine: {'line': b'-- Up-to-date: /home/upo/Documents/TFG/TFG/ros2_ws/src/install/interfaces/share/interfaces/cmake/export_interfaces__rosidl_typesupport_fastrtps_cExport-noconfig.cmake\n'}
[0.984078] (interfaces) StdoutLine: {'line': b'-- Up-to-date: /home/upo/Documents/TFG/TFG/ros2_ws/src/install/interfaces/share/interfaces/cmake/export_interfaces__rosidl_generator_cppExport.cmake\n'}
[0.984304] (interfaces) StdoutLine: {'line': b'-- Up-to-date: /home/upo/Documents/TFG/TFG/ros2_ws/src/install/interfaces/share/interfaces/cmake/export_interfaces__rosidl_typesupport_fastrtps_cppExport.cmake\n'}
[0.984456] (interfaces) StdoutLine: {'line': b'-- Up-to-date: /home/upo/Documents/TFG/TFG/ros2_ws/src/install/interfaces/share/interfaces/cmake/export_interfaces__rosidl_typesupport_fastrtps_cppExport-noconfig.cmake\n'}
[0.984664] (interfaces) StdoutLine: {'line': b'-- Up-to-date: /home/upo/Documents/TFG/TFG/ros2_ws/src/install/interfaces/share/interfaces/cmake/interfaces__rosidl_typesupport_introspection_cExport.cmake\n'}
[0.984877] (interfaces) StdoutLine: {'line': b'-- Up-to-date: /home/upo/Documents/TFG/TFG/ros2_ws/src/install/interfaces/share/interfaces/cmake/interfaces__rosidl_typesupport_introspection_cExport-noconfig.cmake\n'}
[0.984995] (interfaces) StdoutLine: {'line': b'-- Up-to-date: /home/upo/Documents/TFG/TFG/ros2_ws/src/install/interfaces/share/interfaces/cmake/interfaces__rosidl_typesupport_cExport.cmake\n'}
[0.985180] (interfaces) StdoutLine: {'line': b'-- Up-to-date: /home/upo/Documents/TFG/TFG/ros2_ws/src/install/interfaces/share/interfaces/cmake/interfaces__rosidl_typesupport_cExport-noconfig.cmake\n'}
[0.985705] (interfaces) StdoutLine: {'line': b'-- Up-to-date: /home/upo/Documents/TFG/TFG/ros2_ws/src/install/interfaces/share/interfaces/cmake/interfaces__rosidl_typesupport_introspection_cppExport.cmake\n'}
[0.985830] (interfaces) StdoutLine: {'line': b'-- Up-to-date: /home/upo/Documents/TFG/TFG/ros2_ws/src/install/interfaces/share/interfaces/cmake/interfaces__rosidl_typesupport_introspection_cppExport-noconfig.cmake\n'}
[0.986042] (interfaces) StdoutLine: {'line': b'-- Up-to-date: /home/upo/Documents/TFG/TFG/ros2_ws/src/install/interfaces/share/interfaces/cmake/interfaces__rosidl_typesupport_cppExport.cmake\n'}
[0.986147] (interfaces) StdoutLine: {'line': b'-- Up-to-date: /home/upo/Documents/TFG/TFG/ros2_ws/src/install/interfaces/share/interfaces/cmake/interfaces__rosidl_typesupport_cppExport-noconfig.cmake\n'}
[0.986456] (interfaces) StdoutLine: {'line': b'-- Up-to-date: /home/upo/Documents/TFG/TFG/ros2_ws/src/install/interfaces/share/interfaces/cmake/export_interfaces__rosidl_generator_pyExport.cmake\n'}
[0.986572] (interfaces) StdoutLine: {'line': b'-- Up-to-date: /home/upo/Documents/TFG/TFG/ros2_ws/src/install/interfaces/share/interfaces/cmake/export_interfaces__rosidl_generator_pyExport-noconfig.cmake\n'}
[0.989995] (interfaces) CommandEnded: {'returncode': 0}
[1.002278] (-) TimerEvent: {}
[1.022437] (interfaces) JobEnded: {'identifier': 'interfaces', 'rc': 0}
[1.024424] (VLMProcessing) JobStarted: {'identifier': 'VLMProcessing'}
[1.034387] (robotCommunication) JobStarted: {'identifier': 'robotCommunication'}
[1.046162] (robotMovement) JobStarted: {'identifier': 'robotMovement'}
[1.104286] (-) TimerEvent: {}
[1.204623] (-) TimerEvent: {}
[1.305033] (-) TimerEvent: {}
[1.405355] (-) TimerEvent: {}
[1.505935] (-) TimerEvent: {}
[1.606302] (-) TimerEvent: {}
[1.706692] (-) TimerEvent: {}
[1.807051] (-) TimerEvent: {}
[1.907374] (-) TimerEvent: {}
[2.007727] (-) TimerEvent: {}
[2.107985] (-) TimerEvent: {}
[2.208360] (-) TimerEvent: {}
[2.308694] (-) TimerEvent: {}
[2.409081] (-) TimerEvent: {}
[2.510333] (-) TimerEvent: {}
[2.610924] (-) TimerEvent: {}
[2.711442] (-) TimerEvent: {}
[2.736103] (robotWebSocket) Command: {'cmd': ['/usr/bin/python3', '-W', 'ignore:setup.py install is deprecated', '-W', 'ignore:easy_install command is deprecated', 'setup.py', 'develop', '--editable', '--build-directory', '/home/upo/Documents/TFG/TFG/ros2_ws/src/build/robotWebSocket/build', '--no-deps', 'symlink_data', '--force'], 'cwd': '/home/upo/Documents/TFG/TFG/ros2_ws/src/build/robotWebSocket', 'env': {'GJS_DEBUG_TOPICS': 'JS ERROR;JS LOG', 'XDG_ACTIVATION_TOKEN': 'gnome-shell/Terminator/2487-1-upo-ASUS-TUF-Gaming-A15-FA507RR-TUF507RR_TIME241343', 'LESSOPEN': '| /usr/bin/lesspipe %s', 'GZ_SIM_RESOURCE_PATH': '/opt/ros/jazzy/share', 'USER': 'upo', 'GZ_CONFIG_PATH': '/opt/ros/jazzy/opt/gz_sim_vendor/share/gz:/opt/ros/jazzy/opt/sdformat_vendor/share/gz:/opt/ros/jazzy/opt/gz_gui_vendor/share/gz:/opt/ros/jazzy/opt/gz_transport_vendor/share/gz:/opt/ros/jazzy/opt/gz_rendering_vendor/share/gz:/opt/ros/jazzy/opt/gz_plugin_vendor/share/gz:/opt/ros/jazzy/opt/gz_fuel_tools_vendor/share/gz:/opt/ros/jazzy/opt/gz_msgs_vendor/share/gz:/opt/ros/jazzy/opt/gz_common_vendor/share/gz', 'XDG_SESSION_TYPE': 'x11', 'CLUTTER_DISABLE_MIPMAPPED_TEXT': '1', 'SHLVL': '1', 'LD_LIBRARY_PATH': '/home/upo/turtlebot3_ws/install/interfaces/lib:/opt/ros/jazzy/opt/gz_sim_vendor/lib:/opt/ros/jazzy/opt/gz_sensors_vendor/lib:/opt/ros/jazzy/opt/gz_physics_vendor/lib:/opt/ros/jazzy/opt/sdformat_vendor/lib:/opt/ros/jazzy/opt/rviz_ogre_vendor/lib:/opt/ros/jazzy/lib/x86_64-linux-gnu:/opt/ros/jazzy/opt/gz_gui_vendor/lib:/opt/ros/jazzy/opt/gz_transport_vendor/lib:/opt/ros/jazzy/opt/gz_rendering_vendor/lib:/opt/ros/jazzy/opt/gz_plugin_vendor/lib:/opt/ros/jazzy/opt/gz_fuel_tools_vendor/lib:/opt/ros/jazzy/opt/gz_msgs_vendor/lib:/opt/ros/jazzy/opt/gz_common_vendor/lib:/opt/ros/jazzy/opt/gz_math_vendor/lib:/opt/ros/jazzy/opt/gz_utils_vendor/lib:/opt/ros/jazzy/opt/gz_tools_vendor/lib:/opt/ros/jazzy/opt/gz_ogre_next_vendor/lib:/opt/ros/jazzy/opt/gz_dartsim_vendor/lib:/opt/ros/jazzy/opt/gz_cmake_vendor/lib:/opt/ros/jazzy/lib', 'HOME': '/home/upo', 'OLDPWD': '/home/upo/Documents/TFG/TFG/ros2_ws', 'DESKTOP_SESSION': 'ubuntu', 'GIO_LAUNCHED_DESKTOP_FILE': '/usr/share/applications/terminator.desktop', 'ROS_PYTHON_VERSION': '3', 'GNOME_SHELL_SESSION_MODE': 'ubuntu', 'GTK_MODULES': 'gail:atk-bridge', 'MANAGERPID': '1978', 'SYSTEMD_EXEC_PID': '2487', 'GSM_SKIP_SSH_AGENT_WORKAROUND': 'true', 'DBUS_SESSION_BUS_ADDRESS': 'unix:path=/run/user/1000/bus', 'COLORTERM': 'truecolor', 'TERMINATOR_DBUS_NAME': 'net.tenshu.Terminator21a9d5db22c73a993ff0b42f64b396873', 'GIO_LAUNCHED_DESKTOP_FILE_PID': '5958', 'DEBUGINFOD_URLS': 'https://debuginfod.ubuntu.com', 'COLCON_PREFIX_PATH': '/home/upo/turtlebot3_ws/install', 'ROS_DISTRO': 'jazzy', 'LOGNAME': 'upo', 'JOURNAL_STREAM': '10:28801', '_': '/usr/bin/colcon', 'ROS_VERSION': '2', 'MEMORY_PRESSURE_WATCH': '/sys/fs/cgroup/user.slice/user-1000.slice/user@1000.service/session.slice/org.gnome.Shell@x11.service/memory.pressure', 'XDG_SESSION_CLASS': 'user', 'USERNAME': 'upo', 'TERM': 'xterm-256color', 'GNOME_DESKTOP_SESSION_ID': 'this-is-deprecated', 'WINDOWPATH': '2', 'PATH': '/opt/ros/jazzy/opt/gz_msgs_vendor/bin:/opt/ros/jazzy/opt/gz_tools_vendor/bin:/opt/ros/jazzy/opt/gz_ogre_next_vendor/bin:/opt/ros/jazzy/bin:/home/upo/platform-tools:/home/upo/.npm-global/bin:/usr/lib/dotnet:/home/upo/.local/bin:/usr/local/sbin:/usr/local/bin:/usr/sbin:/usr/bin:/sbin:/bin:/usr/games:/usr/local/games:/snap/bin:/snap/bin:/home/upo/.dotnet/tools', 'SESSION_MANAGER': 'local/upo-ASUS-TUF-Gaming-A15-FA507RR-TUF507RR:@/tmp/.ICE-unix/2443,unix/upo-ASUS-TUF-Gaming-A15-FA507RR-TUF507RR:/tmp/.ICE-unix/2443', 'INVOCATION_ID': '8748581bbcf44621938ce790330cc305', 'XDG_MENU_PREFIX': 'gnome-', 'XDG_RUNTIME_DIR': '/run/user/1000', 'DISPLAY': ':0', 'TERMINATOR_DBUS_PATH': '/net/tenshu/Terminator2', 'LANG': 'en_US.UTF-8', 'XDG_CURRENT_DESKTOP': 'ubuntu:GNOME', 'DOTNET_BUNDLE_EXTRACT_BASE_DIR': '/home/upo/.cache/dotnet_bundle_extract', 'XMODIFIERS': '@im=ibus', 'XDG_SESSION_DESKTOP': 'ubuntu', 'XAUTHORITY': '/run/user/1000/gdm/Xauthority', 'LS_COLORS': 'rs=0:di=01;34:ln=01;36:mh=00:pi=40;33:so=01;35:do=01;35:bd=40;33;01:cd=40;33;01:or=40;31;01:mi=00:su=37;41:sg=30;43:ca=00:tw=30;42:ow=34;42:st=37;44:ex=01;32:*.tar=01;31:*.tgz=01;31:*.arc=01;31:*.arj=01;31:*.taz=01;31:*.lha=01;31:*.lz4=01;31:*.lzh=01;31:*.lzma=01;31:*.tlz=01;31:*.txz=01;31:*.tzo=01;31:*.t7z=01;31:*.zip=01;31:*.z=01;31:*.dz=01;31:*.gz=01;31:*.lrz=01;31:*.lz=01;31:*.lzo=01;31:*.xz=01;31:*.zst=01;31:*.tzst=01;31:*.bz2=01;31:*.bz=01;31:*.tbz=01;31:*.tbz2=01;31:*.tz=01;31:*.deb=01;31:*.rpm=01;31:*.jar=01;31:*.war=01;31:*.ear=01;31:*.sar=01;31:*.rar=01;31:*.alz=01;31:*.ace=01;31:*.zoo=01;31:*.cpio=01;31:*.7z=01;31:*.rz=01;31:*.cab=01;31:*.wim=01;31:*.swm=01;31:*.dwm=01;31:*.esd=01;31:*.avif=01;35:*.jpg=01;35:*.jpeg=01;35:*.mjpg=01;35:*.mjpeg=01;35:*.gif=01;35:*.bmp=01;35:*.pbm=01;35:*.pgm=01;35:*.ppm=01;35:*.tga=01;35:*.xbm=01;35:*.xpm=01;35:*.tif=01;35:*.tiff=01;35:*.png=01;35:*.svg=01;35:*.svgz=01;35:*.mng=01;35:*.pcx=01;35:*.mov=01;35:*.mpg=01;35:*.mpeg=01;35:*.m2v=01;35:*.mkv=01;35:*.webm=01;35:*.webp=01;35:*.ogm=01;35:*.mp4=01;35:*.m4v=01;35:*.mp4v=01;35:*.vob=01;35:*.qt=01;35:*.nuv=01;35:*.wmv=01;35:*.asf=01;35:*.rm=01;35:*.rmvb=01;35:*.flc=01;35:*.avi=01;35:*.fli=01;35:*.flv=01;35:*.gl=01;35:*.dl=01;35:*.xcf=01;35:*.xwd=01;35:*.yuv=01;35:*.cgm=01;35:*.emf=01;35:*.ogv=01;35:*.ogx=01;35:*.aac=00;36:*.au=00;36:*.flac=00;36:*.m4a=00;36:*.mid=00;36:*.midi=00;36:*.mka=00;36:*.mp3=00;36:*.mpc=00;36:*.ogg=00;36:*.ra=00;36:*.wav=00;36:*.oga=00;36:*.opus=00;36:*.spx=00;36:*.xspf=00;36:*~=00;90:*#=00;90:*.bak=00;90:*.crdownload=00;90:*.dpkg-dist=00;90:*.dpkg-new=00;90:*.dpkg-old=00;90:*.dpkg-tmp=00;90:*.old=00;90:*.orig=00;90:*.part=00;90:*.rej=00;90:*.rpmnew=00;90:*.rpmorig=00;90:*.rpmsave=00;90:*.swp=00;90:*.tmp=00;90:*.ucf-dist=00;90:*.ucf-new=00;90:*.ucf-old=00;90:', 'SSH_AUTH_SOCK': '/run/user/1000/keyring/ssh', 'AMENT_PREFIX_PATH': '/home/upo/turtlebot3_ws/install/userCommunication:/home/upo/turtlebot3_ws/install/turtlebot3:/home/upo/turtlebot3_ws/install/turtlebot3_teleop:/home/upo/turtlebot3_ws/install/turtlebot3_simulations:/home/upo/turtlebot3_ws/install/turtlebot3_bringup:/home/upo/turtlebot3_ws/install/turtlebot3_node:/home/upo/turtlebot3_ws/install/turtlebot3_navigation2:/home/upo/turtlebot3_ws/install/turtlebot3_gazebo:/home/upo/turtlebot3_ws/install/turtlebot3_fake_node:/home/upo/turtlebot3_ws/install/turtlebot3_example:/home/upo/turtlebot3_ws/install/turtlebot3_description:/home/upo/turtlebot3_ws/install/turtlebot3_cartographer:/home/upo/turtlebot3_ws/install/robotMovement:/home/upo/turtlebot3_ws/install/robotCommunication:/home/upo/turtlebot3_ws/install/VLMProcessing:/home/upo/turtlebot3_ws/install/interfaces:/opt/ros/jazzy', 'SHELL': '/bin/bash', 'TERMINATOR_UUID': 'urn:uuid:f0a92c7a-27de-4483-96af-ec3ae802a4f4', 'QT_ACCESSIBILITY': '1', 'GDMSESSION': 'ubuntu', 'LESSCLOSE': '/usr/bin/lesspipe %s %s', 'GPG_AGENT_INFO': '/run/user/1000/gnupg/S.gpg-agent:0:1', 'GJS_DEBUG_OUTPUT': 'stderr', 'ROS_AUTOMATIC_DISCOVERY_RANGE': 'SUBNET', 'QT_IM_MODULE': 'ibus', 'PWD': '/home/upo/Documents/TFG/TFG/ros2_ws/src/build/robotWebSocket', 'TURTLEBOT3_MODEL': 'waffle', 'LC_ALL': 'en_US.UTF-8', 'XDG_CONFIG_DIRS': '/etc/xdg/xdg-ubuntu:/etc/xdg', 'XDG_DATA_DIRS': '/usr/share/ubuntu:/usr/share/gnome:/home/upo/.local/share/flatpak/exports/share:/var/lib/flatpak/exports/share:/usr/local/share/:/usr/share/:/var/lib/snapd/desktop', 'PYTHONPATH': '/home/upo/Documents/TFG/TFG/ros2_ws/src/build/robotWebSocket/prefix_override:/usr/lib/python3/dist-packages/colcon_core/task/python/colcon_distutils_commands:/home/upo/Documents/TFG/TFG/ros2_ws/src/install/robotWebSocket/lib/python3.12/site-packages:/home/upo/turtlebot3_ws/install/userCommunication/lib/python3.12/site-packages:/home/upo/turtlebot3_ws/build/turtlebot3_teleop:/home/upo/turtlebot3_ws/install/turtlebot3_teleop/lib/python3.12/site-packages:/home/upo/turtlebot3_ws/build/turtlebot3_example:/home/upo/turtlebot3_ws/install/turtlebot3_example/lib/python3.12/site-packages:/home/upo/turtlebot3_ws/install/robotMovement/lib/python3.12/site-packages:/home/upo/turtlebot3_ws/install/robotCommunication/lib/python3.12/site-packages:/home/upo/turtlebot3_ws/install/VLMProcessing/lib/python3.12/site-packages:/home/upo/turtlebot3_ws/install/interfaces/lib/python3.12/site-packages:/opt/ros/jazzy/lib/python3.12/site-packages', 'COLCON': '1', 'MEMORY_PRESSURE_WRITE': 'c29tZSAyMDAwMDAgMjAwMDAwMAA=', 'VTE_VERSION': '7600', 'CMAKE_PREFIX_PATH': '/home/upo/turtlebot3_ws/install/turtlebot3:/home/upo/turtlebot3_ws/install/turtlebot3_simulations:/home/upo/turtlebot3_ws/install/turtlebot3_bringup:/home/upo/turtlebot3_ws/install/turtlebot3_node:/home/upo/turtlebot3_ws/install/turtlebot3_navigation2:/home/upo/turtlebot3_ws/install/turtlebot3_gazebo:/home/upo/turtlebot3_ws/install/turtlebot3_fake_node:/home/upo/turtlebot3_ws/install/turtlebot3_description:/home/upo/turtlebot3_ws/install/turtlebot3_cartographer:/home/upo/turtlebot3_ws/install/interfaces:/opt/ros/jazzy/opt/gz_sim_vendor:/opt/ros/jazzy/opt/gz_sensors_vendor:/opt/ros/jazzy/opt/gz_physics_vendor:/opt/ros/jazzy/opt/sdformat_vendor:/opt/ros/jazzy/opt/gz_gui_vendor:/opt/ros/jazzy/opt/gz_transport_vendor:/opt/ros/jazzy/opt/gz_rendering_vendor:/opt/ros/jazzy/opt/gz_plugin_vendor:/opt/ros/jazzy/opt/gz_fuel_tools_vendor:/opt/ros/jazzy/opt/gz_msgs_vendor:/opt/ros/jazzy/opt/gz_common_vendor:/opt/ros/jazzy/opt/gz_math_vendor:/opt/ros/jazzy/opt/gz_utils_vendor:/opt/ros/jazzy/opt/gz_tools_vendor:/opt/ros/jazzy/opt/gz_ogre_next_vendor:/opt/ros/jazzy/opt/gz_dartsim_vendor:/opt/ros/jazzy/opt/gz_cmake_vendor'}, 'shell': False}
[2.740097] (userCommunication) Command: {'cmd': ['/usr/bin/python3', '-W', 'ignore:setup.py install is deprecated', '-W', 'ignore:easy_install command is deprecated', 'setup.py', 'develop', '--editable', '--build-directory', '/home/upo/Documents/TFG/TFG/ros2_ws/src/build/userCommunication/build', '--no-deps', 'symlink_data'], 'cwd': '/home/upo/Documents/TFG/TFG/ros2_ws/src/build/userCommunication', 'env': {'GJS_DEBUG_TOPICS': 'JS ERROR;JS LOG', 'XDG_ACTIVATION_TOKEN': 'gnome-shell/Terminator/2487-1-upo-ASUS-TUF-Gaming-A15-FA507RR-TUF507RR_TIME241343', 'LESSOPEN': '| /usr/bin/lesspipe %s', 'GZ_SIM_RESOURCE_PATH': '/opt/ros/jazzy/share', 'USER': 'upo', 'GZ_CONFIG_PATH': '/opt/ros/jazzy/opt/gz_sim_vendor/share/gz:/opt/ros/jazzy/opt/sdformat_vendor/share/gz:/opt/ros/jazzy/opt/gz_gui_vendor/share/gz:/opt/ros/jazzy/opt/gz_transport_vendor/share/gz:/opt/ros/jazzy/opt/gz_rendering_vendor/share/gz:/opt/ros/jazzy/opt/gz_plugin_vendor/share/gz:/opt/ros/jazzy/opt/gz_fuel_tools_vendor/share/gz:/opt/ros/jazzy/opt/gz_msgs_vendor/share/gz:/opt/ros/jazzy/opt/gz_common_vendor/share/gz', 'XDG_SESSION_TYPE': 'x11', 'CLUTTER_DISABLE_MIPMAPPED_TEXT': '1', 'SHLVL': '1', 'LD_LIBRARY_PATH': '/home/upo/turtlebot3_ws/install/interfaces/lib:/opt/ros/jazzy/opt/gz_sim_vendor/lib:/opt/ros/jazzy/opt/gz_sensors_vendor/lib:/opt/ros/jazzy/opt/gz_physics_vendor/lib:/opt/ros/jazzy/opt/sdformat_vendor/lib:/opt/ros/jazzy/opt/rviz_ogre_vendor/lib:/opt/ros/jazzy/lib/x86_64-linux-gnu:/opt/ros/jazzy/opt/gz_gui_vendor/lib:/opt/ros/jazzy/opt/gz_transport_vendor/lib:/opt/ros/jazzy/opt/gz_rendering_vendor/lib:/opt/ros/jazzy/opt/gz_plugin_vendor/lib:/opt/ros/jazzy/opt/gz_fuel_tools_vendor/lib:/opt/ros/jazzy/opt/gz_msgs_vendor/lib:/opt/ros/jazzy/opt/gz_common_vendor/lib:/opt/ros/jazzy/opt/gz_math_vendor/lib:/opt/ros/jazzy/opt/gz_utils_vendor/lib:/opt/ros/jazzy/opt/gz_tools_vendor/lib:/opt/ros/jazzy/opt/gz_ogre_next_vendor/lib:/opt/ros/jazzy/opt/gz_dartsim_vendor/lib:/opt/ros/jazzy/opt/gz_cmake_vendor/lib:/opt/ros/jazzy/lib', 'HOME': '/home/upo', 'OLDPWD': '/home/upo/Documents/TFG/TFG/ros2_ws', 'DESKTOP_SESSION': 'ubuntu', 'GIO_LAUNCHED_DESKTOP_FILE': '/usr/share/applications/terminator.desktop', 'ROS_PYTHON_VERSION': '3', 'GNOME_SHELL_SESSION_MODE': 'ubuntu', 'GTK_MODULES': 'gail:atk-bridge', 'MANAGERPID': '1978', 'SYSTEMD_EXEC_PID': '2487', 'GSM_SKIP_SSH_AGENT_WORKAROUND': 'true', 'DBUS_SESSION_BUS_ADDRESS': 'unix:path=/run/user/1000/bus', 'COLORTERM': 'truecolor', 'TERMINATOR_DBUS_NAME': 'net.tenshu.Terminator21a9d5db22c73a993ff0b42f64b396873', 'GIO_LAUNCHED_DESKTOP_FILE_PID': '5958', 'DEBUGINFOD_URLS': 'https://debuginfod.ubuntu.com', 'COLCON_PREFIX_PATH': '/home/upo/turtlebot3_ws/install', 'ROS_DISTRO': 'jazzy', 'LOGNAME': 'upo', 'JOURNAL_STREAM': '10:28801', '_': '/usr/bin/colcon', 'ROS_VERSION': '2', 'MEMORY_PRESSURE_WATCH': '/sys/fs/cgroup/user.slice/user-1000.slice/user@1000.service/session.slice/org.gnome.Shell@x11.service/memory.pressure', 'XDG_SESSION_CLASS': 'user', 'USERNAME': 'upo', 'TERM': 'xterm-256color', 'GNOME_DESKTOP_SESSION_ID': 'this-is-deprecated', 'WINDOWPATH': '2', 'PATH': '/opt/ros/jazzy/opt/gz_msgs_vendor/bin:/opt/ros/jazzy/opt/gz_tools_vendor/bin:/opt/ros/jazzy/opt/gz_ogre_next_vendor/bin:/opt/ros/jazzy/bin:/home/upo/platform-tools:/home/upo/.npm-global/bin:/usr/lib/dotnet:/home/upo/.local/bin:/usr/local/sbin:/usr/local/bin:/usr/sbin:/usr/bin:/sbin:/bin:/usr/games:/usr/local/games:/snap/bin:/snap/bin:/home/upo/.dotnet/tools', 'SESSION_MANAGER': 'local/upo-ASUS-TUF-Gaming-A15-FA507RR-TUF507RR:@/tmp/.ICE-unix/2443,unix/upo-ASUS-TUF-Gaming-A15-FA507RR-TUF507RR:/tmp/.ICE-unix/2443', 'INVOCATION_ID': '8748581bbcf44621938ce790330cc305', 'XDG_MENU_PREFIX': 'gnome-', 'XDG_RUNTIME_DIR': '/run/user/1000', 'DISPLAY': ':0', 'TERMINATOR_DBUS_PATH': '/net/tenshu/Terminator2', 'LANG': 'en_US.UTF-8', 'XDG_CURRENT_DESKTOP': 'ubuntu:GNOME', 'DOTNET_BUNDLE_EXTRACT_BASE_DIR': '/home/upo/.cache/dotnet_bundle_extract', 'XMODIFIERS': '@im=ibus', 'XDG_SESSION_DESKTOP': 'ubuntu', 'XAUTHORITY': '/run/user/1000/gdm/Xauthority', 'LS_COLORS': 'rs=0:di=01;34:ln=01;36:mh=00:pi=40;33:so=01;35:do=01;35:bd=40;33;01:cd=40;33;01:or=40;31;01:mi=00:su=37;41:sg=30;43:ca=00:tw=30;42:ow=34;42:st=37;44:ex=01;32:*.tar=01;31:*.tgz=01;31:*.arc=01;31:*.arj=01;31:*.taz=01;31:*.lha=01;31:*.lz4=01;31:*.lzh=01;31:*.lzma=01;31:*.tlz=01;31:*.txz=01;31:*.tzo=01;31:*.t7z=01;31:*.zip=01;31:*.z=01;31:*.dz=01;31:*.gz=01;31:*.lrz=01;31:*.lz=01;31:*.lzo=01;31:*.xz=01;31:*.zst=01;31:*.tzst=01;31:*.bz2=01;31:*.bz=01;31:*.tbz=01;31:*.tbz2=01;31:*.tz=01;31:*.deb=01;31:*.rpm=01;31:*.jar=01;31:*.war=01;31:*.ear=01;31:*.sar=01;31:*.rar=01;31:*.alz=01;31:*.ace=01;31:*.zoo=01;31:*.cpio=01;31:*.7z=01;31:*.rz=01;31:*.cab=01;31:*.wim=01;31:*.swm=01;31:*.dwm=01;31:*.esd=01;31:*.avif=01;35:*.jpg=01;35:*.jpeg=01;35:*.mjpg=01;35:*.mjpeg=01;35:*.gif=01;35:*.bmp=01;35:*.pbm=01;35:*.pgm=01;35:*.ppm=01;35:*.tga=01;35:*.xbm=01;35:*.xpm=01;35:*.tif=01;35:*.tiff=01;35:*.png=01;35:*.svg=01;35:*.svgz=01;35:*.mng=01;35:*.pcx=01;35:*.mov=01;35:*.mpg=01;35:*.mpeg=01;35:*.m2v=01;35:*.mkv=01;35:*.webm=01;35:*.webp=01;35:*.ogm=01;35:*.mp4=01;35:*.m4v=01;35:*.mp4v=01;35:*.vob=01;35:*.qt=01;35:*.nuv=01;35:*.wmv=01;35:*.asf=01;35:*.rm=01;35:*.rmvb=01;35:*.flc=01;35:*.avi=01;35:*.fli=01;35:*.flv=01;35:*.gl=01;35:*.dl=01;35:*.xcf=01;35:*.xwd=01;35:*.yuv=01;35:*.cgm=01;35:*.emf=01;35:*.ogv=01;35:*.ogx=01;35:*.aac=00;36:*.au=00;36:*.flac=00;36:*.m4a=00;36:*.mid=00;36:*.midi=00;36:*.mka=00;36:*.mp3=00;36:*.mpc=00;36:*.ogg=00;36:*.ra=00;36:*.wav=00;36:*.oga=00;36:*.opus=00;36:*.spx=00;36:*.xspf=00;36:*~=00;90:*#=00;90:*.bak=00;90:*.crdownload=00;90:*.dpkg-dist=00;90:*.dpkg-new=00;90:*.dpkg-old=00;90:*.dpkg-tmp=00;90:*.old=00;90:*.orig=00;90:*.part=00;90:*.rej=00;90:*.rpmnew=00;90:*.rpmorig=00;90:*.rpmsave=00;90:*.swp=00;90:*.tmp=00;90:*.ucf-dist=00;90:*.ucf-new=00;90:*.ucf-old=00;90:', 'SSH_AUTH_SOCK': '/run/user/1000/keyring/ssh', 'AMENT_PREFIX_PATH': '/home/upo/turtlebot3_ws/install/userCommunication:/home/upo/turtlebot3_ws/install/turtlebot3:/home/upo/turtlebot3_ws/install/turtlebot3_teleop:/home/upo/turtlebot3_ws/install/turtlebot3_simulations:/home/upo/turtlebot3_ws/install/turtlebot3_bringup:/home/upo/turtlebot3_ws/install/turtlebot3_node:/home/upo/turtlebot3_ws/install/turtlebot3_navigation2:/home/upo/turtlebot3_ws/install/turtlebot3_gazebo:/home/upo/turtlebot3_ws/install/turtlebot3_fake_node:/home/upo/turtlebot3_ws/install/turtlebot3_example:/home/upo/turtlebot3_ws/install/turtlebot3_description:/home/upo/turtlebot3_ws/install/turtlebot3_cartographer:/home/upo/turtlebot3_ws/install/robotMovement:/home/upo/turtlebot3_ws/install/robotCommunication:/home/upo/turtlebot3_ws/install/VLMProcessing:/home/upo/turtlebot3_ws/install/interfaces:/opt/ros/jazzy', 'SHELL': '/bin/bash', 'TERMINATOR_UUID': 'urn:uuid:f0a92c7a-27de-4483-96af-ec3ae802a4f4', 'QT_ACCESSIBILITY': '1', 'GDMSESSION': 'ubuntu', 'LESSCLOSE': '/usr/bin/lesspipe %s %s', 'GPG_AGENT_INFO': '/run/user/1000/gnupg/S.gpg-agent:0:1', 'GJS_DEBUG_OUTPUT': 'stderr', 'ROS_AUTOMATIC_DISCOVERY_RANGE': 'SUBNET', 'QT_IM_MODULE': 'ibus', 'PWD': '/home/upo/Documents/TFG/TFG/ros2_ws/src/build/userCommunication', 'TURTLEBOT3_MODEL': 'waffle', 'LC_ALL': 'en_US.UTF-8', 'XDG_CONFIG_DIRS': '/etc/xdg/xdg-ubuntu:/etc/xdg', 'XDG_DATA_DIRS': '/usr/share/ubuntu:/usr/share/gnome:/home/upo/.local/share/flatpak/exports/share:/var/lib/flatpak/exports/share:/usr/local/share/:/usr/share/:/var/lib/snapd/desktop', 'PYTHONPATH': '/home/upo/Documents/TFG/TFG/ros2_ws/src/build/userCommunication/prefix_override:/usr/lib/python3/dist-packages/colcon_core/task/python/colcon_distutils_commands:/home/upo/Documents/TFG/TFG/ros2_ws/src/install/userCommunication/lib/python3.12/site-packages:/home/upo/turtlebot3_ws/install/userCommunication/lib/python3.12/site-packages:/home/upo/turtlebot3_ws/build/turtlebot3_teleop:/home/upo/turtlebot3_ws/install/turtlebot3_teleop/lib/python3.12/site-packages:/home/upo/turtlebot3_ws/build/turtlebot3_example:/home/upo/turtlebot3_ws/install/turtlebot3_example/lib/python3.12/site-packages:/home/upo/turtlebot3_ws/install/robotMovement/lib/python3.12/site-packages:/home/upo/turtlebot3_ws/install/robotCommunication/lib/python3.12/site-packages:/home/upo/turtlebot3_ws/install/VLMProcessing/lib/python3.12/site-packages:/home/upo/turtlebot3_ws/install/interfaces/lib/python3.12/site-packages:/opt/ros/jazzy/lib/python3.12/site-packages', 'COLCON': '1', 'MEMORY_PRESSURE_WRITE': 'c29tZSAyMDAwMDAgMjAwMDAwMAA=', 'VTE_VERSION': '7600', 'CMAKE_PREFIX_PATH': '/home/upo/turtlebot3_ws/install/turtlebot3:/home/upo/turtlebot3_ws/install/turtlebot3_simulations:/home/upo/turtlebot3_ws/install/turtlebot3_bringup:/home/upo/turtlebot3_ws/install/turtlebot3_node:/home/upo/turtlebot3_ws/install/turtlebot3_navigation2:/home/upo/turtlebot3_ws/install/turtlebot3_gazebo:/home/upo/turtlebot3_ws/install/turtlebot3_fake_node:/home/upo/turtlebot3_ws/install/turtlebot3_description:/home/upo/turtlebot3_ws/install/turtlebot3_cartographer:/home/upo/turtlebot3_ws/install/interfaces:/opt/ros/jazzy/opt/gz_sim_vendor:/opt/ros/jazzy/opt/gz_sensors_vendor:/opt/ros/jazzy/opt/gz_physics_vendor:/opt/ros/jazzy/opt/sdformat_vendor:/opt/ros/jazzy/opt/gz_gui_vendor:/opt/ros/jazzy/opt/gz_transport_vendor:/opt/ros/jazzy/opt/gz_rendering_vendor:/opt/ros/jazzy/opt/gz_plugin_vendor:/opt/ros/jazzy/opt/gz_fuel_tools_vendor:/opt/ros/jazzy/opt/gz_msgs_vendor:/opt/ros/jazzy/opt/gz_common_vendor:/opt/ros/jazzy/opt/gz_math_vendor:/opt/ros/jazzy/opt/gz_utils_vendor:/opt/ros/jazzy/opt/gz_tools_vendor:/opt/ros/jazzy/opt/gz_ogre_next_vendor:/opt/ros/jazzy/opt/gz_dartsim_vendor:/opt/ros/jazzy/opt/gz_cmake_vendor'}, 'shell': False}
[2.811610] (-) TimerEvent: {}
[2.912404] (-) TimerEvent: {}
[3.012843] (-) TimerEvent: {}
[3.113440] (-) TimerEvent: {}
[3.213844] (-) TimerEvent: {}
[3.288506] (robotWebSocket) StdoutLine: {'line': b'running develop\n'}
[3.296077] (userCommunication) StdoutLine: {'line': b'running develop\n'}
[3.314284] (-) TimerEvent: {}
[3.414707] (-) TimerEvent: {}
[3.515855] (-) TimerEvent: {}
[3.616304] (-) TimerEvent: {}
[3.620264] (robotWebSocket) StdoutLine: {'line': b'running egg_info\n'}
[3.630635] (userCommunication) StdoutLine: {'line': b'running egg_info\n'}
[3.653687] (robotWebSocket) StdoutLine: {'line': b'writing robotWebSocket.egg-info/PKG-INFO\n'}
[3.658959] (robotWebSocket) StdoutLine: {'line': b'writing dependency_links to robotWebSocket.egg-info/dependency_links.txt\n'}
[3.659339] (robotWebSocket) StdoutLine: {'line': b'writing entry points to robotWebSocket.egg-info/entry_points.txt\n'}
[3.659564] (robotWebSocket) StdoutLine: {'line': b'writing requirements to robotWebSocket.egg-info/requires.txt\n'}
[3.659921] (robotWebSocket) StdoutLine: {'line': b'writing top-level names to robotWebSocket.egg-info/top_level.txt\n'}
[3.662793] (userCommunication) StdoutLine: {'line': b'writing userCommunication.egg-info/PKG-INFO\n'}
[3.663089] (userCommunication) StdoutLine: {'line': b'writing dependency_links to userCommunication.egg-info/dependency_links.txt\n'}
[3.663486] (userCommunication) StdoutLine: {'line': b'writing entry points to userCommunication.egg-info/entry_points.txt\n'}
[3.663975] (userCommunication) StdoutLine: {'line': b'writing requirements to userCommunication.egg-info/requires.txt\n'}
[3.664143] (userCommunication) StdoutLine: {'line': b'writing top-level names to userCommunication.egg-info/top_level.txt\n'}
[3.716412] (-) TimerEvent: {}
[3.721681] (robotWebSocket) StdoutLine: {'line': b"reading manifest file 'robotWebSocket.egg-info/SOURCES.txt'\n"}
[3.723072] (robotWebSocket) StdoutLine: {'line': b"writing manifest file 'robotWebSocket.egg-info/SOURCES.txt'\n"}
[3.726006] (userCommunication) StdoutLine: {'line': b"reading manifest file 'userCommunication.egg-info/SOURCES.txt'\n"}
[3.727365] (userCommunication) StdoutLine: {'line': b"writing manifest file 'userCommunication.egg-info/SOURCES.txt'\n"}
[3.754553] (robotWebSocket) StdoutLine: {'line': b'running build_ext\n'}
[3.754922] (robotWebSocket) StdoutLine: {'line': b'Creating /home/upo/Documents/TFG/TFG/ros2_ws/src/install/robotWebSocket/lib/python3.12/site-packages/robotWebSocket.egg-link (link to .)\n'}
[3.755837] (robotWebSocket) StdoutLine: {'line': b'Installing robotWebSocket script to /home/upo/Documents/TFG/TFG/ros2_ws/src/install/robotWebSocket/lib/robotWebSocket\n'}
[3.756249] (robotWebSocket) StdoutLine: {'line': b'\n'}
[3.756420] (robotWebSocket) StdoutLine: {'line': b'Installed /home/upo/Documents/TFG/TFG/ros2_ws/src/build/robotWebSocket\n'}
[3.756489] (robotWebSocket) StdoutLine: {'line': b'running symlink_data\n'}
[3.756583] (robotWebSocket) StdoutLine: {'line': b'symbolically linking /home/upo/Documents/TFG/TFG/ros2_ws/src/build/robotWebSocket/resource/robotWebSocket -> /home/upo/Documents/TFG/TFG/ros2_ws/src/install/robotWebSocket/share/ament_index/resource_index/packages\n'}
[3.756999] (robotWebSocket) StdoutLine: {'line': b'symbolically linking /home/upo/Documents/TFG/TFG/ros2_ws/src/build/robotWebSocket/package.xml -> /home/upo/Documents/TFG/TFG/ros2_ws/src/install/robotWebSocket/share/robotWebSocket\n'}
[3.758442] (userCommunication) StdoutLine: {'line': b'running build_ext\n'}
[3.758675] (userCommunication) StdoutLine: {'line': b'Creating /home/upo/Documents/TFG/TFG/ros2_ws/src/install/userCommunication/lib/python3.12/site-packages/userCommunication.egg-link (link to .)\n'}
[3.759917] (userCommunication) StdoutLine: {'line': b'Installing userCommunication script to /home/upo/Documents/TFG/TFG/ros2_ws/src/install/userCommunication/lib/userCommunication\n'}
[3.760585] (userCommunication) StdoutLine: {'line': b'\n'}
[3.760706] (userCommunication) StdoutLine: {'line': b'Installed /home/upo/Documents/TFG/TFG/ros2_ws/src/build/userCommunication\n'}
[3.760792] (userCommunication) StdoutLine: {'line': b'running symlink_data\n'}
[3.816640] (-) TimerEvent: {}
[3.817967] (robotCommunication) Command: {'cmd': ['/usr/bin/python3', '-W', 'ignore:setup.py install is deprecated', '-W', 'ignore:easy_install command is deprecated', 'setup.py', 'develop', '--editable', '--build-directory', '/home/upo/Documents/TFG/TFG/ros2_ws/src/build/robotCommunication/build', '--no-deps', 'symlink_data'], 'cwd': '/home/upo/Documents/TFG/TFG/ros2_ws/src/build/robotCommunication', 'env': {'GJS_DEBUG_TOPICS': 'JS ERROR;JS LOG', 'XDG_ACTIVATION_TOKEN': 'gnome-shell/Terminator/2487-1-upo-ASUS-TUF-Gaming-A15-FA507RR-TUF507RR_TIME241343', 'LESSOPEN': '| /usr/bin/lesspipe %s', 'GZ_SIM_RESOURCE_PATH': '/opt/ros/jazzy/share', 'USER': 'upo', 'GZ_CONFIG_PATH': '/opt/ros/jazzy/opt/gz_sim_vendor/share/gz:/opt/ros/jazzy/opt/sdformat_vendor/share/gz:/opt/ros/jazzy/opt/gz_gui_vendor/share/gz:/opt/ros/jazzy/opt/gz_transport_vendor/share/gz:/opt/ros/jazzy/opt/gz_rendering_vendor/share/gz:/opt/ros/jazzy/opt/gz_plugin_vendor/share/gz:/opt/ros/jazzy/opt/gz_fuel_tools_vendor/share/gz:/opt/ros/jazzy/opt/gz_msgs_vendor/share/gz:/opt/ros/jazzy/opt/gz_common_vendor/share/gz', 'XDG_SESSION_TYPE': 'x11', 'CLUTTER_DISABLE_MIPMAPPED_TEXT': '1', 'SHLVL': '1', 'LD_LIBRARY_PATH': '/home/upo/Documents/TFG/TFG/ros2_ws/src/install/interfaces/lib:/home/upo/turtlebot3_ws/install/interfaces/lib:/opt/ros/jazzy/opt/gz_sim_vendor/lib:/opt/ros/jazzy/opt/gz_sensors_vendor/lib:/opt/ros/jazzy/opt/gz_physics_vendor/lib:/opt/ros/jazzy/opt/sdformat_vendor/lib:/opt/ros/jazzy/opt/rviz_ogre_vendor/lib:/opt/ros/jazzy/lib/x86_64-linux-gnu:/opt/ros/jazzy/opt/gz_gui_vendor/lib:/opt/ros/jazzy/opt/gz_transport_vendor/lib:/opt/ros/jazzy/opt/gz_rendering_vendor/lib:/opt/ros/jazzy/opt/gz_plugin_vendor/lib:/opt/ros/jazzy/opt/gz_fuel_tools_vendor/lib:/opt/ros/jazzy/opt/gz_msgs_vendor/lib:/opt/ros/jazzy/opt/gz_common_vendor/lib:/opt/ros/jazzy/opt/gz_math_vendor/lib:/opt/ros/jazzy/opt/gz_utils_vendor/lib:/opt/ros/jazzy/opt/gz_tools_vendor/lib:/opt/ros/jazzy/opt/gz_ogre_next_vendor/lib:/opt/ros/jazzy/opt/gz_dartsim_vendor/lib:/opt/ros/jazzy/opt/gz_cmake_vendor/lib:/opt/ros/jazzy/lib', 'HOME': '/home/upo', 'OLDPWD': '/home/upo/Documents/TFG/TFG/ros2_ws', 'DESKTOP_SESSION': 'ubuntu', 'GIO_LAUNCHED_DESKTOP_FILE': '/usr/share/applications/terminator.desktop', 'ROS_PYTHON_VERSION': '3', 'GNOME_SHELL_SESSION_MODE': 'ubuntu', 'GTK_MODULES': 'gail:atk-bridge', 'MANAGERPID': '1978', 'SYSTEMD_EXEC_PID': '2487', 'GSM_SKIP_SSH_AGENT_WORKAROUND': 'true', 'DBUS_SESSION_BUS_ADDRESS': 'unix:path=/run/user/1000/bus', 'COLORTERM': 'truecolor', 'TERMINATOR_DBUS_NAME': 'net.tenshu.Terminator21a9d5db22c73a993ff0b42f64b396873', 'GIO_LAUNCHED_DESKTOP_FILE_PID': '5958', 'DEBUGINFOD_URLS': 'https://debuginfod.ubuntu.com', 'COLCON_PREFIX_PATH': '/home/upo/turtlebot3_ws/install', 'ROS_DISTRO': 'jazzy', 'LOGNAME': 'upo', 'JOURNAL_STREAM': '10:28801', '_': '/usr/bin/colcon', 'ROS_VERSION': '2', 'MEMORY_PRESSURE_WATCH': '/sys/fs/cgroup/user.slice/user-1000.slice/user@1000.service/session.slice/org.gnome.Shell@x11.service/memory.pressure', 'XDG_SESSION_CLASS': 'user', 'USERNAME': 'upo', 'TERM': 'xterm-256color', 'GNOME_DESKTOP_SESSION_ID': 'this-is-deprecated', 'WINDOWPATH': '2', 'PATH': '/opt/ros/jazzy/opt/gz_msgs_vendor/bin:/opt/ros/jazzy/opt/gz_tools_vendor/bin:/opt/ros/jazzy/opt/gz_ogre_next_vendor/bin:/opt/ros/jazzy/bin:/home/upo/platform-tools:/home/upo/.npm-global/bin:/usr/lib/dotnet:/home/upo/.local/bin:/usr/local/sbin:/usr/local/bin:/usr/sbin:/usr/bin:/sbin:/bin:/usr/games:/usr/local/games:/snap/bin:/snap/bin:/home/upo/.dotnet/tools', 'SESSION_MANAGER': 'local/upo-ASUS-TUF-Gaming-A15-FA507RR-TUF507RR:@/tmp/.ICE-unix/2443,unix/upo-ASUS-TUF-Gaming-A15-FA507RR-TUF507RR:/tmp/.ICE-unix/2443', 'INVOCATION_ID': '8748581bbcf44621938ce790330cc305', 'XDG_MENU_PREFIX': 'gnome-', 'XDG_RUNTIME_DIR': '/run/user/1000', 'DISPLAY': ':0', 'TERMINATOR_DBUS_PATH': '/net/tenshu/Terminator2', 'LANG': 'en_US.UTF-8', 'XDG_CURRENT_DESKTOP': 'ubuntu:GNOME', 'DOTNET_BUNDLE_EXTRACT_BASE_DIR': '/home/upo/.cache/dotnet_bundle_extract', 'XMODIFIERS': '@im=ibus', 'XDG_SESSION_DESKTOP': 'ubuntu', 'XAUTHORITY': '/run/user/1000/gdm/Xauthority', 'LS_COLORS': 'rs=0:di=01;34:ln=01;36:mh=00:pi=40;33:so=01;35:do=01;35:bd=40;33;01:cd=40;33;01:or=40;31;01:mi=00:su=37;41:sg=30;43:ca=00:tw=30;42:ow=34;42:st=37;44:ex=01;32:*.tar=01;31:*.tgz=01;31:*.arc=01;31:*.arj=01;31:*.taz=01;31:*.lha=01;31:*.lz4=01;31:*.lzh=01;31:*.lzma=01;31:*.tlz=01;31:*.txz=01;31:*.tzo=01;31:*.t7z=01;31:*.zip=01;31:*.z=01;31:*.dz=01;31:*.gz=01;31:*.lrz=01;31:*.lz=01;31:*.lzo=01;31:*.xz=01;31:*.zst=01;31:*.tzst=01;31:*.bz2=01;31:*.bz=01;31:*.tbz=01;31:*.tbz2=01;31:*.tz=01;31:*.deb=01;31:*.rpm=01;31:*.jar=01;31:*.war=01;31:*.ear=01;31:*.sar=01;31:*.rar=01;31:*.alz=01;31:*.ace=01;31:*.zoo=01;31:*.cpio=01;31:*.7z=01;31:*.rz=01;31:*.cab=01;31:*.wim=01;31:*.swm=01;31:*.dwm=01;31:*.esd=01;31:*.avif=01;35:*.jpg=01;35:*.jpeg=01;35:*.mjpg=01;35:*.mjpeg=01;35:*.gif=01;35:*.bmp=01;35:*.pbm=01;35:*.pgm=01;35:*.ppm=01;35:*.tga=01;35:*.xbm=01;35:*.xpm=01;35:*.tif=01;35:*.tiff=01;35:*.png=01;35:*.svg=01;35:*.svgz=01;35:*.mng=01;35:*.pcx=01;35:*.mov=01;35:*.mpg=01;35:*.mpeg=01;35:*.m2v=01;35:*.mkv=01;35:*.webm=01;35:*.webp=01;35:*.ogm=01;35:*.mp4=01;35:*.m4v=01;35:*.mp4v=01;35:*.vob=01;35:*.qt=01;35:*.nuv=01;35:*.wmv=01;35:*.asf=01;35:*.rm=01;35:*.rmvb=01;35:*.flc=01;35:*.avi=01;35:*.fli=01;35:*.flv=01;35:*.gl=01;35:*.dl=01;35:*.xcf=01;35:*.xwd=01;35:*.yuv=01;35:*.cgm=01;35:*.emf=01;35:*.ogv=01;35:*.ogx=01;35:*.aac=00;36:*.au=00;36:*.flac=00;36:*.m4a=00;36:*.mid=00;36:*.midi=00;36:*.mka=00;36:*.mp3=00;36:*.mpc=00;36:*.ogg=00;36:*.ra=00;36:*.wav=00;36:*.oga=00;36:*.opus=00;36:*.spx=00;36:*.xspf=00;36:*~=00;90:*#=00;90:*.bak=00;90:*.crdownload=00;90:*.dpkg-dist=00;90:*.dpkg-new=00;90:*.dpkg-old=00;90:*.dpkg-tmp=00;90:*.old=00;90:*.orig=00;90:*.part=00;90:*.rej=00;90:*.rpmnew=00;90:*.rpmorig=00;90:*.rpmsave=00;90:*.swp=00;90:*.tmp=00;90:*.ucf-dist=00;90:*.ucf-new=00;90:*.ucf-old=00;90:', 'SSH_AUTH_SOCK': '/run/user/1000/keyring/ssh', 'AMENT_PREFIX_PATH': '/home/upo/Documents/TFG/TFG/ros2_ws/src/install/interfaces:/home/upo/turtlebot3_ws/install/userCommunication:/home/upo/turtlebot3_ws/install/turtlebot3:/home/upo/turtlebot3_ws/install/turtlebot3_teleop:/home/upo/turtlebot3_ws/install/turtlebot3_simulations:/home/upo/turtlebot3_ws/install/turtlebot3_bringup:/home/upo/turtlebot3_ws/install/turtlebot3_node:/home/upo/turtlebot3_ws/install/turtlebot3_navigation2:/home/upo/turtlebot3_ws/install/turtlebot3_gazebo:/home/upo/turtlebot3_ws/install/turtlebot3_fake_node:/home/upo/turtlebot3_ws/install/turtlebot3_example:/home/upo/turtlebot3_ws/install/turtlebot3_description:/home/upo/turtlebot3_ws/install/turtlebot3_cartographer:/home/upo/turtlebot3_ws/install/robotMovement:/home/upo/turtlebot3_ws/install/robotCommunication:/home/upo/turtlebot3_ws/install/VLMProcessing:/home/upo/turtlebot3_ws/install/interfaces:/opt/ros/jazzy', 'SHELL': '/bin/bash', 'TERMINATOR_UUID': 'urn:uuid:f0a92c7a-27de-4483-96af-ec3ae802a4f4', 'QT_ACCESSIBILITY': '1', 'GDMSESSION': 'ubuntu', 'LESSCLOSE': '/usr/bin/lesspipe %s %s', 'GPG_AGENT_INFO': '/run/user/1000/gnupg/S.gpg-agent:0:1', 'GJS_DEBUG_OUTPUT': 'stderr', 'ROS_AUTOMATIC_DISCOVERY_RANGE': 'SUBNET', 'QT_IM_MODULE': 'ibus', 'PWD': '/home/upo/Documents/TFG/TFG/ros2_ws/src/build/robotCommunication', 'TURTLEBOT3_MODEL': 'waffle', 'LC_ALL': 'en_US.UTF-8', 'XDG_CONFIG_DIRS': '/etc/xdg/xdg-ubuntu:/etc/xdg', 'XDG_DATA_DIRS': '/usr/share/ubuntu:/usr/share/gnome:/home/upo/.local/share/flatpak/exports/share:/var/lib/flatpak/exports/share:/usr/local/share/:/usr/share/:/var/lib/snapd/desktop', 'PYTHONPATH': '/home/upo/Documents/TFG/TFG/ros2_ws/src/build/robotCommunication/prefix_override:/usr/lib/python3/dist-packages/colcon_core/task/python/colcon_distutils_commands:/home/upo/Documents/TFG/TFG/ros2_ws/src/install/robotCommunication/lib/python3.12/site-packages:/home/upo/Documents/TFG/TFG/ros2_ws/src/install/interfaces/lib/python3.12/site-packages:/home/upo/turtlebot3_ws/install/userCommunication/lib/python3.12/site-packages:/home/upo/turtlebot3_ws/build/turtlebot3_teleop:/home/upo/turtlebot3_ws/install/turtlebot3_teleop/lib/python3.12/site-packages:/home/upo/turtlebot3_ws/build/turtlebot3_example:/home/upo/turtlebot3_ws/install/turtlebot3_example/lib/python3.12/site-packages:/home/upo/turtlebot3_ws/install/robotMovement/lib/python3.12/site-packages:/home/upo/turtlebot3_ws/install/robotCommunication/lib/python3.12/site-packages:/home/upo/turtlebot3_ws/install/VLMProcessing/lib/python3.12/site-packages:/home/upo/turtlebot3_ws/install/interfaces/lib/python3.12/site-packages:/opt/ros/jazzy/lib/python3.12/site-packages', 'COLCON': '1', 'MEMORY_PRESSURE_WRITE': 'c29tZSAyMDAwMDAgMjAwMDAwMAA=', 'VTE_VERSION': '7600', 'CMAKE_PREFIX_PATH': '/home/upo/Documents/TFG/TFG/ros2_ws/src/install/interfaces:/home/upo/turtlebot3_ws/install/turtlebot3:/home/upo/turtlebot3_ws/install/turtlebot3_simulations:/home/upo/turtlebot3_ws/install/turtlebot3_bringup:/home/upo/turtlebot3_ws/install/turtlebot3_node:/home/upo/turtlebot3_ws/install/turtlebot3_navigation2:/home/upo/turtlebot3_ws/install/turtlebot3_gazebo:/home/upo/turtlebot3_ws/install/turtlebot3_fake_node:/home/upo/turtlebot3_ws/install/turtlebot3_description:/home/upo/turtlebot3_ws/install/turtlebot3_cartographer:/home/upo/turtlebot3_ws/install/interfaces:/opt/ros/jazzy/opt/gz_sim_vendor:/opt/ros/jazzy/opt/gz_sensors_vendor:/opt/ros/jazzy/opt/gz_physics_vendor:/opt/ros/jazzy/opt/sdformat_vendor:/opt/ros/jazzy/opt/gz_gui_vendor:/opt/ros/jazzy/opt/gz_transport_vendor:/opt/ros/jazzy/opt/gz_rendering_vendor:/opt/ros/jazzy/opt/gz_plugin_vendor:/opt/ros/jazzy/opt/gz_fuel_tools_vendor:/opt/ros/jazzy/opt/gz_msgs_vendor:/opt/ros/jazzy/opt/gz_common_vendor:/opt/ros/jazzy/opt/gz_math_vendor:/opt/ros/jazzy/opt/gz_utils_vendor:/opt/ros/jazzy/opt/gz_tools_vendor:/opt/ros/jazzy/opt/gz_ogre_next_vendor:/opt/ros/jazzy/opt/gz_dartsim_vendor:/opt/ros/jazzy/opt/gz_cmake_vendor'}, 'shell': False}
[3.872555] (VLMProcessing) Command: {'cmd': ['/usr/bin/python3', '-W', 'ignore:setup.py install is deprecated', '-W', 'ignore:easy_install command is deprecated', 'setup.py', 'develop', '--editable', '--build-directory', '/home/upo/Documents/TFG/TFG/ros2_ws/src/build/VLMProcessing/build', '--no-deps', 'symlink_data'], 'cwd': '/home/upo/Documents/TFG/TFG/ros2_ws/src/build/VLMProcessing', 'env': {'GJS_DEBUG_TOPICS': 'JS ERROR;JS LOG', 'XDG_ACTIVATION_TOKEN': 'gnome-shell/Terminator/2487-1-upo-ASUS-TUF-Gaming-A15-FA507RR-TUF507RR_TIME241343', 'LESSOPEN': '| /usr/bin/lesspipe %s', 'GZ_SIM_RESOURCE_PATH': '/opt/ros/jazzy/share', 'USER': 'upo', 'GZ_CONFIG_PATH': '/opt/ros/jazzy/opt/gz_sim_vendor/share/gz:/opt/ros/jazzy/opt/sdformat_vendor/share/gz:/opt/ros/jazzy/opt/gz_gui_vendor/share/gz:/opt/ros/jazzy/opt/gz_transport_vendor/share/gz:/opt/ros/jazzy/opt/gz_rendering_vendor/share/gz:/opt/ros/jazzy/opt/gz_plugin_vendor/share/gz:/opt/ros/jazzy/opt/gz_fuel_tools_vendor/share/gz:/opt/ros/jazzy/opt/gz_msgs_vendor/share/gz:/opt/ros/jazzy/opt/gz_common_vendor/share/gz', 'XDG_SESSION_TYPE': 'x11', 'CLUTTER_DISABLE_MIPMAPPED_TEXT': '1', 'SHLVL': '1', 'LD_LIBRARY_PATH': '/home/upo/Documents/TFG/TFG/ros2_ws/src/install/interfaces/lib:/home/upo/turtlebot3_ws/install/interfaces/lib:/opt/ros/jazzy/opt/gz_sim_vendor/lib:/opt/ros/jazzy/opt/gz_sensors_vendor/lib:/opt/ros/jazzy/opt/gz_physics_vendor/lib:/opt/ros/jazzy/opt/sdformat_vendor/lib:/opt/ros/jazzy/opt/rviz_ogre_vendor/lib:/opt/ros/jazzy/lib/x86_64-linux-gnu:/opt/ros/jazzy/opt/gz_gui_vendor/lib:/opt/ros/jazzy/opt/gz_transport_vendor/lib:/opt/ros/jazzy/opt/gz_rendering_vendor/lib:/opt/ros/jazzy/opt/gz_plugin_vendor/lib:/opt/ros/jazzy/opt/gz_fuel_tools_vendor/lib:/opt/ros/jazzy/opt/gz_msgs_vendor/lib:/opt/ros/jazzy/opt/gz_common_vendor/lib:/opt/ros/jazzy/opt/gz_math_vendor/lib:/opt/ros/jazzy/opt/gz_utils_vendor/lib:/opt/ros/jazzy/opt/gz_tools_vendor/lib:/opt/ros/jazzy/opt/gz_ogre_next_vendor/lib:/opt/ros/jazzy/opt/gz_dartsim_vendor/lib:/opt/ros/jazzy/opt/gz_cmake_vendor/lib:/opt/ros/jazzy/lib', 'HOME': '/home/upo', 'OLDPWD': '/home/upo/Documents/TFG/TFG/ros2_ws', 'DESKTOP_SESSION': 'ubuntu', 'GIO_LAUNCHED_DESKTOP_FILE': '/usr/share/applications/terminator.desktop', 'ROS_PYTHON_VERSION': '3', 'GNOME_SHELL_SESSION_MODE': 'ubuntu', 'GTK_MODULES': 'gail:atk-bridge', 'MANAGERPID': '1978', 'SYSTEMD_EXEC_PID': '2487', 'GSM_SKIP_SSH_AGENT_WORKAROUND': 'true', 'DBUS_SESSION_BUS_ADDRESS': 'unix:path=/run/user/1000/bus', 'COLORTERM': 'truecolor', 'TERMINATOR_DBUS_NAME': 'net.tenshu.Terminator21a9d5db22c73a993ff0b42f64b396873', 'GIO_LAUNCHED_DESKTOP_FILE_PID': '5958', 'DEBUGINFOD_URLS': 'https://debuginfod.ubuntu.com', 'COLCON_PREFIX_PATH': '/home/upo/turtlebot3_ws/install', 'ROS_DISTRO': 'jazzy', 'LOGNAME': 'upo', 'JOURNAL_STREAM': '10:28801', '_': '/usr/bin/colcon', 'ROS_VERSION': '2', 'MEMORY_PRESSURE_WATCH': '/sys/fs/cgroup/user.slice/user-1000.slice/user@1000.service/session.slice/org.gnome.Shell@x11.service/memory.pressure', 'XDG_SESSION_CLASS': 'user', 'USERNAME': 'upo', 'TERM': 'xterm-256color', 'GNOME_DESKTOP_SESSION_ID': 'this-is-deprecated', 'WINDOWPATH': '2', 'PATH': '/opt/ros/jazzy/opt/gz_msgs_vendor/bin:/opt/ros/jazzy/opt/gz_tools_vendor/bin:/opt/ros/jazzy/opt/gz_ogre_next_vendor/bin:/opt/ros/jazzy/bin:/home/upo/platform-tools:/home/upo/.npm-global/bin:/usr/lib/dotnet:/home/upo/.local/bin:/usr/local/sbin:/usr/local/bin:/usr/sbin:/usr/bin:/sbin:/bin:/usr/games:/usr/local/games:/snap/bin:/snap/bin:/home/upo/.dotnet/tools', 'SESSION_MANAGER': 'local/upo-ASUS-TUF-Gaming-A15-FA507RR-TUF507RR:@/tmp/.ICE-unix/2443,unix/upo-ASUS-TUF-Gaming-A15-FA507RR-TUF507RR:/tmp/.ICE-unix/2443', 'INVOCATION_ID': '8748581bbcf44621938ce790330cc305', 'XDG_MENU_PREFIX': 'gnome-', 'XDG_RUNTIME_DIR': '/run/user/1000', 'DISPLAY': ':0', 'TERMINATOR_DBUS_PATH': '/net/tenshu/Terminator2', 'LANG': 'en_US.UTF-8', 'XDG_CURRENT_DESKTOP': 'ubuntu:GNOME', 'DOTNET_BUNDLE_EXTRACT_BASE_DIR': '/home/upo/.cache/dotnet_bundle_extract', 'XMODIFIERS': '@im=ibus', 'XDG_SESSION_DESKTOP': 'ubuntu', 'XAUTHORITY': '/run/user/1000/gdm/Xauthority', 'LS_COLORS': 'rs=0:di=01;34:ln=01;36:mh=00:pi=40;33:so=01;35:do=01;35:bd=40;33;01:cd=40;33;01:or=40;31;01:mi=00:su=37;41:sg=30;43:ca=00:tw=30;42:ow=34;42:st=37;44:ex=01;32:*.tar=01;31:*.tgz=01;31:*.arc=01;31:*.arj=01;31:*.taz=01;31:*.lha=01;31:*.lz4=01;31:*.lzh=01;31:*.lzma=01;31:*.tlz=01;31:*.txz=01;31:*.tzo=01;31:*.t7z=01;31:*.zip=01;31:*.z=01;31:*.dz=01;31:*.gz=01;31:*.lrz=01;31:*.lz=01;31:*.lzo=01;31:*.xz=01;31:*.zst=01;31:*.tzst=01;31:*.bz2=01;31:*.bz=01;31:*.tbz=01;31:*.tbz2=01;31:*.tz=01;31:*.deb=01;31:*.rpm=01;31:*.jar=01;31:*.war=01;31:*.ear=01;31:*.sar=01;31:*.rar=01;31:*.alz=01;31:*.ace=01;31:*.zoo=01;31:*.cpio=01;31:*.7z=01;31:*.rz=01;31:*.cab=01;31:*.wim=01;31:*.swm=01;31:*.dwm=01;31:*.esd=01;31:*.avif=01;35:*.jpg=01;35:*.jpeg=01;35:*.mjpg=01;35:*.mjpeg=01;35:*.gif=01;35:*.bmp=01;35:*.pbm=01;35:*.pgm=01;35:*.ppm=01;35:*.tga=01;35:*.xbm=01;35:*.xpm=01;35:*.tif=01;35:*.tiff=01;35:*.png=01;35:*.svg=01;35:*.svgz=01;35:*.mng=01;35:*.pcx=01;35:*.mov=01;35:*.mpg=01;35:*.mpeg=01;35:*.m2v=01;35:*.mkv=01;35:*.webm=01;35:*.webp=01;35:*.ogm=01;35:*.mp4=01;35:*.m4v=01;35:*.mp4v=01;35:*.vob=01;35:*.qt=01;35:*.nuv=01;35:*.wmv=01;35:*.asf=01;35:*.rm=01;35:*.rmvb=01;35:*.flc=01;35:*.avi=01;35:*.fli=01;35:*.flv=01;35:*.gl=01;35:*.dl=01;35:*.xcf=01;35:*.xwd=01;35:*.yuv=01;35:*.cgm=01;35:*.emf=01;35:*.ogv=01;35:*.ogx=01;35:*.aac=00;36:*.au=00;36:*.flac=00;36:*.m4a=00;36:*.mid=00;36:*.midi=00;36:*.mka=00;36:*.mp3=00;36:*.mpc=00;36:*.ogg=00;36:*.ra=00;36:*.wav=00;36:*.oga=00;36:*.opus=00;36:*.spx=00;36:*.xspf=00;36:*~=00;90:*#=00;90:*.bak=00;90:*.crdownload=00;90:*.dpkg-dist=00;90:*.dpkg-new=00;90:*.dpkg-old=00;90:*.dpkg-tmp=00;90:*.old=00;90:*.orig=00;90:*.part=00;90:*.rej=00;90:*.rpmnew=00;90:*.rpmorig=00;90:*.rpmsave=00;90:*.swp=00;90:*.tmp=00;90:*.ucf-dist=00;90:*.ucf-new=00;90:*.ucf-old=00;90:', 'SSH_AUTH_SOCK': '/run/user/1000/keyring/ssh', 'AMENT_PREFIX_PATH': '/home/upo/Documents/TFG/TFG/ros2_ws/src/install/interfaces:/home/upo/turtlebot3_ws/install/userCommunication:/home/upo/turtlebot3_ws/install/turtlebot3:/home/upo/turtlebot3_ws/install/turtlebot3_teleop:/home/upo/turtlebot3_ws/install/turtlebot3_simulations:/home/upo/turtlebot3_ws/install/turtlebot3_bringup:/home/upo/turtlebot3_ws/install/turtlebot3_node:/home/upo/turtlebot3_ws/install/turtlebot3_navigation2:/home/upo/turtlebot3_ws/install/turtlebot3_gazebo:/home/upo/turtlebot3_ws/install/turtlebot3_fake_node:/home/upo/turtlebot3_ws/install/turtlebot3_example:/home/upo/turtlebot3_ws/install/turtlebot3_description:/home/upo/turtlebot3_ws/install/turtlebot3_cartographer:/home/upo/turtlebot3_ws/install/robotMovement:/home/upo/turtlebot3_ws/install/robotCommunication:/home/upo/turtlebot3_ws/install/VLMProcessing:/home/upo/turtlebot3_ws/install/interfaces:/opt/ros/jazzy', 'SHELL': '/bin/bash', 'TERMINATOR_UUID': 'urn:uuid:f0a92c7a-27de-4483-96af-ec3ae802a4f4', 'QT_ACCESSIBILITY': '1', 'GDMSESSION': 'ubuntu', 'LESSCLOSE': '/usr/bin/lesspipe %s %s', 'GPG_AGENT_INFO': '/run/user/1000/gnupg/S.gpg-agent:0:1', 'GJS_DEBUG_OUTPUT': 'stderr', 'ROS_AUTOMATIC_DISCOVERY_RANGE': 'SUBNET', 'QT_IM_MODULE': 'ibus', 'PWD': '/home/upo/Documents/TFG/TFG/ros2_ws/src/build/VLMProcessing', 'TURTLEBOT3_MODEL': 'waffle', 'LC_ALL': 'en_US.UTF-8', 'XDG_CONFIG_DIRS': '/etc/xdg/xdg-ubuntu:/etc/xdg', 'XDG_DATA_DIRS': '/usr/share/ubuntu:/usr/share/gnome:/home/upo/.local/share/flatpak/exports/share:/var/lib/flatpak/exports/share:/usr/local/share/:/usr/share/:/var/lib/snapd/desktop', 'PYTHONPATH': '/home/upo/Documents/TFG/TFG/ros2_ws/src/build/VLMProcessing/prefix_override:/usr/lib/python3/dist-packages/colcon_core/task/python/colcon_distutils_commands:/home/upo/Documents/TFG/TFG/ros2_ws/src/install/VLMProcessing/lib/python3.12/site-packages:/home/upo/Documents/TFG/TFG/ros2_ws/src/install/interfaces/lib/python3.12/site-packages:/home/upo/turtlebot3_ws/install/userCommunication/lib/python3.12/site-packages:/home/upo/turtlebot3_ws/build/turtlebot3_teleop:/home/upo/turtlebot3_ws/install/turtlebot3_teleop/lib/python3.12/site-packages:/home/upo/turtlebot3_ws/build/turtlebot3_example:/home/upo/turtlebot3_ws/install/turtlebot3_example/lib/python3.12/site-packages:/home/upo/turtlebot3_ws/install/robotMovement/lib/python3.12/site-packages:/home/upo/turtlebot3_ws/install/robotCommunication/lib/python3.12/site-packages:/home/upo/turtlebot3_ws/install/VLMProcessing/lib/python3.12/site-packages:/home/upo/turtlebot3_ws/install/interfaces/lib/python3.12/site-packages:/opt/ros/jazzy/lib/python3.12/site-packages', 'COLCON': '1', 'MEMORY_PRESSURE_WRITE': 'c29tZSAyMDAwMDAgMjAwMDAwMAA=', 'VTE_VERSION': '7600', 'CMAKE_PREFIX_PATH': '/home/upo/Documents/TFG/TFG/ros2_ws/src/install/interfaces:/home/upo/turtlebot3_ws/install/turtlebot3:/home/upo/turtlebot3_ws/install/turtlebot3_simulations:/home/upo/turtlebot3_ws/install/turtlebot3_bringup:/home/upo/turtlebot3_ws/install/turtlebot3_node:/home/upo/turtlebot3_ws/install/turtlebot3_navigation2:/home/upo/turtlebot3_ws/install/turtlebot3_gazebo:/home/upo/turtlebot3_ws/install/turtlebot3_fake_node:/home/upo/turtlebot3_ws/install/turtlebot3_description:/home/upo/turtlebot3_ws/install/turtlebot3_cartographer:/home/upo/turtlebot3_ws/install/interfaces:/opt/ros/jazzy/opt/gz_sim_vendor:/opt/ros/jazzy/opt/gz_sensors_vendor:/opt/ros/jazzy/opt/gz_physics_vendor:/opt/ros/jazzy/opt/sdformat_vendor:/opt/ros/jazzy/opt/gz_gui_vendor:/opt/ros/jazzy/opt/gz_transport_vendor:/opt/ros/jazzy/opt/gz_rendering_vendor:/opt/ros/jazzy/opt/gz_plugin_vendor:/opt/ros/jazzy/opt/gz_fuel_tools_vendor:/opt/ros/jazzy/opt/gz_msgs_vendor:/opt/ros/jazzy/opt/gz_common_vendor:/opt/ros/jazzy/opt/gz_math_vendor:/opt/ros/jazzy/opt/gz_utils_vendor:/opt/ros/jazzy/opt/gz_tools_vendor:/opt/ros/jazzy/opt/gz_ogre_next_vendor:/opt/ros/jazzy/opt/gz_dartsim_vendor:/opt/ros/jazzy/opt/gz_cmake_vendor'}, 'shell': False}
[3.876145] (robotMovement) Command: {'cmd': ['/usr/bin/python3', '-W', 'ignore:setup.py install is deprecated', '-W', 'ignore:easy_install command is deprecated', 'setup.py', 'develop', '--editable', '--build-directory', '/home/upo/Documents/TFG/TFG/ros2_ws/src/build/robotMovement/build', '--no-deps', 'symlink_data'], 'cwd': '/home/upo/Documents/TFG/TFG/ros2_ws/src/build/robotMovement', 'env': {'GJS_DEBUG_TOPICS': 'JS ERROR;JS LOG', 'XDG_ACTIVATION_TOKEN': 'gnome-shell/Terminator/2487-1-upo-ASUS-TUF-Gaming-A15-FA507RR-TUF507RR_TIME241343', 'LESSOPEN': '| /usr/bin/lesspipe %s', 'GZ_SIM_RESOURCE_PATH': '/opt/ros/jazzy/share', 'USER': 'upo', 'GZ_CONFIG_PATH': '/opt/ros/jazzy/opt/gz_sim_vendor/share/gz:/opt/ros/jazzy/opt/sdformat_vendor/share/gz:/opt/ros/jazzy/opt/gz_gui_vendor/share/gz:/opt/ros/jazzy/opt/gz_transport_vendor/share/gz:/opt/ros/jazzy/opt/gz_rendering_vendor/share/gz:/opt/ros/jazzy/opt/gz_plugin_vendor/share/gz:/opt/ros/jazzy/opt/gz_fuel_tools_vendor/share/gz:/opt/ros/jazzy/opt/gz_msgs_vendor/share/gz:/opt/ros/jazzy/opt/gz_common_vendor/share/gz', 'XDG_SESSION_TYPE': 'x11', 'CLUTTER_DISABLE_MIPMAPPED_TEXT': '1', 'SHLVL': '1', 'LD_LIBRARY_PATH': '/home/upo/Documents/TFG/TFG/ros2_ws/src/install/interfaces/lib:/home/upo/turtlebot3_ws/install/interfaces/lib:/opt/ros/jazzy/opt/gz_sim_vendor/lib:/opt/ros/jazzy/opt/gz_sensors_vendor/lib:/opt/ros/jazzy/opt/gz_physics_vendor/lib:/opt/ros/jazzy/opt/sdformat_vendor/lib:/opt/ros/jazzy/opt/rviz_ogre_vendor/lib:/opt/ros/jazzy/lib/x86_64-linux-gnu:/opt/ros/jazzy/opt/gz_gui_vendor/lib:/opt/ros/jazzy/opt/gz_transport_vendor/lib:/opt/ros/jazzy/opt/gz_rendering_vendor/lib:/opt/ros/jazzy/opt/gz_plugin_vendor/lib:/opt/ros/jazzy/opt/gz_fuel_tools_vendor/lib:/opt/ros/jazzy/opt/gz_msgs_vendor/lib:/opt/ros/jazzy/opt/gz_common_vendor/lib:/opt/ros/jazzy/opt/gz_math_vendor/lib:/opt/ros/jazzy/opt/gz_utils_vendor/lib:/opt/ros/jazzy/opt/gz_tools_vendor/lib:/opt/ros/jazzy/opt/gz_ogre_next_vendor/lib:/opt/ros/jazzy/opt/gz_dartsim_vendor/lib:/opt/ros/jazzy/opt/gz_cmake_vendor/lib:/opt/ros/jazzy/lib', 'HOME': '/home/upo', 'OLDPWD': '/home/upo/Documents/TFG/TFG/ros2_ws', 'DESKTOP_SESSION': 'ubuntu', 'GIO_LAUNCHED_DESKTOP_FILE': '/usr/share/applications/terminator.desktop', 'ROS_PYTHON_VERSION': '3', 'GNOME_SHELL_SESSION_MODE': 'ubuntu', 'GTK_MODULES': 'gail:atk-bridge', 'MANAGERPID': '1978', 'SYSTEMD_EXEC_PID': '2487', 'GSM_SKIP_SSH_AGENT_WORKAROUND': 'true', 'DBUS_SESSION_BUS_ADDRESS': 'unix:path=/run/user/1000/bus', 'COLORTERM': 'truecolor', 'TERMINATOR_DBUS_NAME': 'net.tenshu.Terminator21a9d5db22c73a993ff0b42f64b396873', 'GIO_LAUNCHED_DESKTOP_FILE_PID': '5958', 'DEBUGINFOD_URLS': 'https://debuginfod.ubuntu.com', 'COLCON_PREFIX_PATH': '/home/upo/turtlebot3_ws/install', 'ROS_DISTRO': 'jazzy', 'LOGNAME': 'upo', 'JOURNAL_STREAM': '10:28801', '_': '/usr/bin/colcon', 'ROS_VERSION': '2', 'MEMORY_PRESSURE_WATCH': '/sys/fs/cgroup/user.slice/user-1000.slice/user@1000.service/session.slice/org.gnome.Shell@x11.service/memory.pressure', 'XDG_SESSION_CLASS': 'user', 'USERNAME': 'upo', 'TERM': 'xterm-256color', 'GNOME_DESKTOP_SESSION_ID': 'this-is-deprecated', 'WINDOWPATH': '2', 'PATH': '/opt/ros/jazzy/opt/gz_msgs_vendor/bin:/opt/ros/jazzy/opt/gz_tools_vendor/bin:/opt/ros/jazzy/opt/gz_ogre_next_vendor/bin:/opt/ros/jazzy/bin:/home/upo/platform-tools:/home/upo/.npm-global/bin:/usr/lib/dotnet:/home/upo/.local/bin:/usr/local/sbin:/usr/local/bin:/usr/sbin:/usr/bin:/sbin:/bin:/usr/games:/usr/local/games:/snap/bin:/snap/bin:/home/upo/.dotnet/tools', 'SESSION_MANAGER': 'local/upo-ASUS-TUF-Gaming-A15-FA507RR-TUF507RR:@/tmp/.ICE-unix/2443,unix/upo-ASUS-TUF-Gaming-A15-FA507RR-TUF507RR:/tmp/.ICE-unix/2443', 'INVOCATION_ID': '8748581bbcf44621938ce790330cc305', 'XDG_MENU_PREFIX': 'gnome-', 'XDG_RUNTIME_DIR': '/run/user/1000', 'DISPLAY': ':0', 'TERMINATOR_DBUS_PATH': '/net/tenshu/Terminator2', 'LANG': 'en_US.UTF-8', 'XDG_CURRENT_DESKTOP': 'ubuntu:GNOME', 'DOTNET_BUNDLE_EXTRACT_BASE_DIR': '/home/upo/.cache/dotnet_bundle_extract', 'XMODIFIERS': '@im=ibus', 'XDG_SESSION_DESKTOP': 'ubuntu', 'XAUTHORITY': '/run/user/1000/gdm/Xauthority', 'LS_COLORS': 'rs=0:di=01;34:ln=01;36:mh=00:pi=40;33:so=01;35:do=01;35:bd=40;33;01:cd=40;33;01:or=40;31;01:mi=00:su=37;41:sg=30;43:ca=00:tw=30;42:ow=34;42:st=37;44:ex=01;32:*.tar=01;31:*.tgz=01;31:*.arc=01;31:*.arj=01;31:*.taz=01;31:*.lha=01;31:*.lz4=01;31:*.lzh=01;31:*.lzma=01;31:*.tlz=01;31:*.txz=01;31:*.tzo=01;31:*.t7z=01;31:*.zip=01;31:*.z=01;31:*.dz=01;31:*.gz=01;31:*.lrz=01;31:*.lz=01;31:*.lzo=01;31:*.xz=01;31:*.zst=01;31:*.tzst=01;31:*.bz2=01;31:*.bz=01;31:*.tbz=01;31:*.tbz2=01;31:*.tz=01;31:*.deb=01;31:*.rpm=01;31:*.jar=01;31:*.war=01;31:*.ear=01;31:*.sar=01;31:*.rar=01;31:*.alz=01;31:*.ace=01;31:*.zoo=01;31:*.cpio=01;31:*.7z=01;31:*.rz=01;31:*.cab=01;31:*.wim=01;31:*.swm=01;31:*.dwm=01;31:*.esd=01;31:*.avif=01;35:*.jpg=01;35:*.jpeg=01;35:*.mjpg=01;35:*.mjpeg=01;35:*.gif=01;35:*.bmp=01;35:*.pbm=01;35:*.pgm=01;35:*.ppm=01;35:*.tga=01;35:*.xbm=01;35:*.xpm=01;35:*.tif=01;35:*.tiff=01;35:*.png=01;35:*.svg=01;35:*.svgz=01;35:*.mng=01;35:*.pcx=01;35:*.mov=01;35:*.mpg=01;35:*.mpeg=01;35:*.m2v=01;35:*.mkv=01;35:*.webm=01;35:*.webp=01;35:*.ogm=01;35:*.mp4=01;35:*.m4v=01;35:*.mp4v=01;35:*.vob=01;35:*.qt=01;35:*.nuv=01;35:*.wmv=01;35:*.asf=01;35:*.rm=01;35:*.rmvb=01;35:*.flc=01;35:*.avi=01;35:*.fli=01;35:*.flv=01;35:*.gl=01;35:*.dl=01;35:*.xcf=01;35:*.xwd=01;35:*.yuv=01;35:*.cgm=01;35:*.emf=01;35:*.ogv=01;35:*.ogx=01;35:*.aac=00;36:*.au=00;36:*.flac=00;36:*.m4a=00;36:*.mid=00;36:*.midi=00;36:*.mka=00;36:*.mp3=00;36:*.mpc=00;36:*.ogg=00;36:*.ra=00;36:*.wav=00;36:*.oga=00;36:*.opus=00;36:*.spx=00;36:*.xspf=00;36:*~=00;90:*#=00;90:*.bak=00;90:*.crdownload=00;90:*.dpkg-dist=00;90:*.dpkg-new=00;90:*.dpkg-old=00;90:*.dpkg-tmp=00;90:*.old=00;90:*.orig=00;90:*.part=00;90:*.rej=00;90:*.rpmnew=00;90:*.rpmorig=00;90:*.rpmsave=00;90:*.swp=00;90:*.tmp=00;90:*.ucf-dist=00;90:*.ucf-new=00;90:*.ucf-old=00;90:', 'SSH_AUTH_SOCK': '/run/user/1000/keyring/ssh', 'AMENT_PREFIX_PATH': '/home/upo/Documents/TFG/TFG/ros2_ws/src/install/interfaces:/home/upo/turtlebot3_ws/install/userCommunication:/home/upo/turtlebot3_ws/install/turtlebot3:/home/upo/turtlebot3_ws/install/turtlebot3_teleop:/home/upo/turtlebot3_ws/install/turtlebot3_simulations:/home/upo/turtlebot3_ws/install/turtlebot3_bringup:/home/upo/turtlebot3_ws/install/turtlebot3_node:/home/upo/turtlebot3_ws/install/turtlebot3_navigation2:/home/upo/turtlebot3_ws/install/turtlebot3_gazebo:/home/upo/turtlebot3_ws/install/turtlebot3_fake_node:/home/upo/turtlebot3_ws/install/turtlebot3_example:/home/upo/turtlebot3_ws/install/turtlebot3_description:/home/upo/turtlebot3_ws/install/turtlebot3_cartographer:/home/upo/turtlebot3_ws/install/robotMovement:/home/upo/turtlebot3_ws/install/robotCommunication:/home/upo/turtlebot3_ws/install/VLMProcessing:/home/upo/turtlebot3_ws/install/interfaces:/opt/ros/jazzy', 'SHELL': '/bin/bash', 'TERMINATOR_UUID': 'urn:uuid:f0a92c7a-27de-4483-96af-ec3ae802a4f4', 'QT_ACCESSIBILITY': '1', 'GDMSESSION': 'ubuntu', 'LESSCLOSE': '/usr/bin/lesspipe %s %s', 'GPG_AGENT_INFO': '/run/user/1000/gnupg/S.gpg-agent:0:1', 'GJS_DEBUG_OUTPUT': 'stderr', 'ROS_AUTOMATIC_DISCOVERY_RANGE': 'SUBNET', 'QT_IM_MODULE': 'ibus', 'PWD': '/home/upo/Documents/TFG/TFG/ros2_ws/src/build/robotMovement', 'TURTLEBOT3_MODEL': 'waffle', 'LC_ALL': 'en_US.UTF-8', 'XDG_CONFIG_DIRS': '/etc/xdg/xdg-ubuntu:/etc/xdg', 'XDG_DATA_DIRS': '/usr/share/ubuntu:/usr/share/gnome:/home/upo/.local/share/flatpak/exports/share:/var/lib/flatpak/exports/share:/usr/local/share/:/usr/share/:/var/lib/snapd/desktop', 'PYTHONPATH': '/home/upo/Documents/TFG/TFG/ros2_ws/src/build/robotMovement/prefix_override:/usr/lib/python3/dist-packages/colcon_core/task/python/colcon_distutils_commands:/home/upo/Documents/TFG/TFG/ros2_ws/src/install/robotMovement/lib/python3.12/site-packages:/home/upo/Documents/TFG/TFG/ros2_ws/src/install/interfaces/lib/python3.12/site-packages:/home/upo/turtlebot3_ws/install/userCommunication/lib/python3.12/site-packages:/home/upo/turtlebot3_ws/build/turtlebot3_teleop:/home/upo/turtlebot3_ws/install/turtlebot3_teleop/lib/python3.12/site-packages:/home/upo/turtlebot3_ws/build/turtlebot3_example:/home/upo/turtlebot3_ws/install/turtlebot3_example/lib/python3.12/site-packages:/home/upo/turtlebot3_ws/install/robotMovement/lib/python3.12/site-packages:/home/upo/turtlebot3_ws/install/robotCommunication/lib/python3.12/site-packages:/home/upo/turtlebot3_ws/install/VLMProcessing/lib/python3.12/site-packages:/home/upo/turtlebot3_ws/install/interfaces/lib/python3.12/site-packages:/opt/ros/jazzy/lib/python3.12/site-packages', 'COLCON': '1', 'MEMORY_PRESSURE_WRITE': 'c29tZSAyMDAwMDAgMjAwMDAwMAA=', 'VTE_VERSION': '7600', 'CMAKE_PREFIX_PATH': '/home/upo/Documents/TFG/TFG/ros2_ws/src/install/interfaces:/home/upo/turtlebot3_ws/install/turtlebot3:/home/upo/turtlebot3_ws/install/turtlebot3_simulations:/home/upo/turtlebot3_ws/install/turtlebot3_bringup:/home/upo/turtlebot3_ws/install/turtlebot3_node:/home/upo/turtlebot3_ws/install/turtlebot3_navigation2:/home/upo/turtlebot3_ws/install/turtlebot3_gazebo:/home/upo/turtlebot3_ws/install/turtlebot3_fake_node:/home/upo/turtlebot3_ws/install/turtlebot3_description:/home/upo/turtlebot3_ws/install/turtlebot3_cartographer:/home/upo/turtlebot3_ws/install/interfaces:/opt/ros/jazzy/opt/gz_sim_vendor:/opt/ros/jazzy/opt/gz_sensors_vendor:/opt/ros/jazzy/opt/gz_physics_vendor:/opt/ros/jazzy/opt/sdformat_vendor:/opt/ros/jazzy/opt/gz_gui_vendor:/opt/ros/jazzy/opt/gz_transport_vendor:/opt/ros/jazzy/opt/gz_rendering_vendor:/opt/ros/jazzy/opt/gz_plugin_vendor:/opt/ros/jazzy/opt/gz_fuel_tools_vendor:/opt/ros/jazzy/opt/gz_msgs_vendor:/opt/ros/jazzy/opt/gz_common_vendor:/opt/ros/jazzy/opt/gz_math_vendor:/opt/ros/jazzy/opt/gz_utils_vendor:/opt/ros/jazzy/opt/gz_tools_vendor:/opt/ros/jazzy/opt/gz_ogre_next_vendor:/opt/ros/jazzy/opt/gz_dartsim_vendor:/opt/ros/jazzy/opt/gz_cmake_vendor'}, 'shell': False}
[3.896853] (userCommunication) CommandEnded: {'returncode': 0}
[3.910987] (userCommunication) JobEnded: {'identifier': 'userCommunication', 'rc': 0}
[3.913769] (robotWebSocket) CommandEnded: {'returncode': 0}
[3.916735] (-) TimerEvent: {}
[3.925563] (robotWebSocket) JobEnded: {'identifier': 'robotWebSocket', 'rc': 0}
[4.016875] (-) TimerEvent: {}
[4.117211] (-) TimerEvent: {}
[4.217462] (-) TimerEvent: {}
[4.288211] (robotCommunication) StdoutLine: {'line': b'running develop\n'}
[4.317606] (-) TimerEvent: {}
[4.346755] (VLMProcessing) StdoutLine: {'line': b'running develop\n'}
[4.366772] (robotMovement) StdoutLine: {'line': b'running develop\n'}
[4.417714] (-) TimerEvent: {}
[4.518070] (-) TimerEvent: {}
[4.589658] (robotCommunication) StdoutLine: {'line': b'running egg_info\n'}
[4.615394] (robotCommunication) StdoutLine: {'line': b'writing robotCommunication.egg-info/PKG-INFO\n'}
[4.616086] (robotCommunication) StdoutLine: {'line': b'writing dependency_links to robotCommunication.egg-info/dependency_links.txt\n'}
[4.616322] (robotCommunication) StdoutLine: {'line': b'writing entry points to robotCommunication.egg-info/entry_points.txt\n'}
[4.616473] (robotCommunication) StdoutLine: {'line': b'writing requirements to robotCommunication.egg-info/requires.txt\n'}
[4.616646] (robotCommunication) StdoutLine: {'line': b'writing top-level names to robotCommunication.egg-info/top_level.txt\n'}
[4.618164] (-) TimerEvent: {}
[4.648717] (VLMProcessing) StdoutLine: {'line': b'running egg_info\n'}
[4.672528] (robotMovement) StdoutLine: {'line': b'running egg_info\n'}
[4.672946] (robotCommunication) StdoutLine: {'line': b"reading manifest file 'robotCommunication.egg-info/SOURCES.txt'\n"}
[4.674095] (robotCommunication) StdoutLine: {'line': b"writing manifest file 'robotCommunication.egg-info/SOURCES.txt'\n"}
[4.675819] (VLMProcessing) StdoutLine: {'line': b'writing VLMProcessing.egg-info/PKG-INFO\n'}
[4.676193] (VLMProcessing) StdoutLine: {'line': b'writing dependency_links to VLMProcessing.egg-info/dependency_links.txt\n'}
[4.676480] (VLMProcessing) StdoutLine: {'line': b'writing entry points to VLMProcessing.egg-info/entry_points.txt\n'}
[4.676678] (VLMProcessing) StdoutLine: {'line': b'writing requirements to VLMProcessing.egg-info/requires.txt\n'}
[4.676839] (VLMProcessing) StdoutLine: {'line': b'writing top-level names to VLMProcessing.egg-info/top_level.txt\n'}
[4.704403] (robotMovement) StdoutLine: {'line': b'writing robotMovement.egg-info/PKG-INFO\n'}
[4.704937] (robotMovement) StdoutLine: {'line': b'writing dependency_links to robotMovement.egg-info/dependency_links.txt\n'}
[4.705256] (robotCommunication) StdoutLine: {'line': b'running build_ext\n'}
[4.705705] (robotMovement) StdoutLine: {'line': b'writing entry points to robotMovement.egg-info/entry_points.txt\n'}
[4.705932] (robotCommunication) StdoutLine: {'line': b'Creating /home/upo/Documents/TFG/TFG/ros2_ws/src/install/robotCommunication/lib/python3.12/site-packages/robotCommunication.egg-link (link to .)\n'}
[4.706110] (robotMovement) StdoutLine: {'line': b'writing requirements to robotMovement.egg-info/requires.txt\n'}
[4.706265] (robotMovement) StdoutLine: {'line': b'writing top-level names to robotMovement.egg-info/top_level.txt\n'}
[4.706476] (robotCommunication) StdoutLine: {'line': b'Installing robotCommunication script to /home/upo/Documents/TFG/TFG/ros2_ws/src/install/robotCommunication/lib/robotCommunication\n'}
[4.707026] (robotCommunication) StdoutLine: {'line': b'\n'}
[4.707189] (robotCommunication) StdoutLine: {'line': b'Installed /home/upo/Documents/TFG/TFG/ros2_ws/src/build/robotCommunication\n'}
[4.707328] (robotCommunication) StdoutLine: {'line': b'running symlink_data\n'}
[4.718289] (-) TimerEvent: {}
[4.735613] (VLMProcessing) StdoutLine: {'line': b"reading manifest file 'VLMProcessing.egg-info/SOURCES.txt'\n"}
[4.736552] (VLMProcessing) StdoutLine: {'line': b"writing manifest file 'VLMProcessing.egg-info/SOURCES.txt'\n"}
[4.765417] (robotMovement) StdoutLine: {'line': b"reading manifest file 'robotMovement.egg-info/SOURCES.txt'\n"}
[4.766391] (robotMovement) StdoutLine: {'line': b"writing manifest file 'robotMovement.egg-info/SOURCES.txt'\n"}
[4.767309] (VLMProcessing) StdoutLine: {'line': b'running build_ext\n'}
[4.767496] (VLMProcessing) StdoutLine: {'line': b'Creating /home/upo/Documents/TFG/TFG/ros2_ws/src/install/VLMProcessing/lib/python3.12/site-packages/VLMProcessing.egg-link (link to .)\n'}
[4.768092] (VLMProcessing) StdoutLine: {'line': b'Installing VLMProcessing script to /home/upo/Documents/TFG/TFG/ros2_ws/src/install/VLMProcessing/lib/VLMProcessing\n'}
[4.768597] (VLMProcessing) StdoutLine: {'line': b'\n'}
[4.768717] (VLMProcessing) StdoutLine: {'line': b'Installed /home/upo/Documents/TFG/TFG/ros2_ws/src/build/VLMProcessing\n'}
[4.768812] (VLMProcessing) StdoutLine: {'line': b'running symlink_data\n'}
[4.798639] (robotMovement) StdoutLine: {'line': b'running build_ext\n'}
[4.799121] (robotMovement) StdoutLine: {'line': b'Creating /home/upo/Documents/TFG/TFG/ros2_ws/src/install/robotMovement/lib/python3.12/site-packages/robotMovement.egg-link (link to .)\n'}
[4.799935] (robotMovement) StdoutLine: {'line': b'Installing robotMovement script to /home/upo/Documents/TFG/TFG/ros2_ws/src/install/robotMovement/lib/robotMovement\n'}
[4.800418] (robotMovement) StdoutLine: {'line': b'\n'}
[4.800550] (robotMovement) StdoutLine: {'line': b'Installed /home/upo/Documents/TFG/TFG/ros2_ws/src/build/robotMovement\n'}
[4.800650] (robotMovement) StdoutLine: {'line': b'running symlink_data\n'}
[4.818393] (-) TimerEvent: {}
[4.832463] (robotCommunication) CommandEnded: {'returncode': 0}
[4.848674] (robotCommunication) JobEnded: {'identifier': 'robotCommunication', 'rc': 0}
[4.884987] (VLMProcessing) CommandEnded: {'returncode': 0}
[4.896811] (VLMProcessing) JobEnded: {'identifier': 'VLMProcessing', 'rc': 0}
[4.918497] (-) TimerEvent: {}
[4.938013] (robotMovement) CommandEnded: {'returncode': 0}
[4.948916] (robotMovement) JobEnded: {'identifier': 'robotMovement', 'rc': 0}
[4.950205] (-) EventReactorShutdown: {}
