[0.000000] (-) TimerEvent: {}
[0.000541] (interfaces) JobQueued: {'identifier': 'interfaces', 'dependencies': OrderedDict()}
[0.000678] (userCommunication) JobQueued: {'identifier': 'userCommunication', 'dependencies': OrderedDict()}
[0.000776] (VLMProcessing) JobQueued: {'identifier': 'VLMProcessing', 'dependencies': OrderedDict({'interfaces': '/home/upo/TFG/ros2_ws/install/interfaces'})}
[0.000807] (robotCommunication) JobQueued: {'identifier': 'robotCommunication', 'dependencies': OrderedDict({'interfaces': '/home/upo/TFG/ros2_ws/install/interfaces'})}
[0.000831] (robotMovement) JobQueued: {'identifier': 'robotMovement', 'dependencies': OrderedDict({'interfaces': '/home/upo/TFG/ros2_ws/install/interfaces'})}
[0.000914] (interfaces) JobStarted: {'identifier': 'interfaces'}
[0.007487] (userCommunication) JobStarted: {'identifier': 'userCommunication'}
[0.015620] (interfaces) JobProgress: {'identifier': 'interfaces', 'progress': 'cmake'}
[0.016348] (interfaces) JobProgress: {'identifier': 'interfaces', 'progress': 'build'}
[0.017150] (interfaces) Command: {'cmd': ['/usr/bin/cmake', '--build', '/home/upo/TFG/ros2_ws/build/interfaces', '--', '-j16', '-l16'], 'cwd': '/home/upo/TFG/ros2_ws/build/interfaces', 'env': OrderedDict({'LESSOPEN': '| /usr/bin/lesspipe %s', 'GZ_SIM_RESOURCE_PATH': '/opt/ros/jazzy/share', 'USER': 'upo', 'GZ_CONFIG_PATH': '/opt/ros/jazzy/opt/gz_sim_vendor/share/gz:/opt/ros/jazzy/opt/sdformat_vendor/share/gz:/opt/ros/jazzy/opt/gz_gui_vendor/share/gz:/opt/ros/jazzy/opt/gz_transport_vendor/share/gz:/opt/ros/jazzy/opt/gz_rendering_vendor/share/gz:/opt/ros/jazzy/opt/gz_plugin_vendor/share/gz:/opt/ros/jazzy/opt/gz_fuel_tools_vendor/share/gz:/opt/ros/jazzy/opt/gz_msgs_vendor/share/gz:/opt/ros/jazzy/opt/gz_common_vendor/share/gz', 'XDG_SESSION_TYPE': 'x11', 'GIT_ASKPASS': '/usr/share/code/resources/app/extensions/git/dist/askpass.sh', 'SHLVL': '3', 'LD_LIBRARY_PATH': '/home/upo/turtlebot3_ws/install/interfaces/lib:/opt/ros/jazzy/opt/gz_sim_vendor/lib:/opt/ros/jazzy/opt/gz_sensors_vendor/lib:/opt/ros/jazzy/opt/gz_physics_vendor/lib:/opt/ros/jazzy/opt/sdformat_vendor/lib:/opt/ros/jazzy/opt/rviz_ogre_vendor/lib:/opt/ros/jazzy/lib/x86_64-linux-gnu:/opt/ros/jazzy/opt/gz_gui_vendor/lib:/opt/ros/jazzy/opt/gz_transport_vendor/lib:/opt/ros/jazzy/opt/gz_rendering_vendor/lib:/opt/ros/jazzy/opt/gz_plugin_vendor/lib:/opt/ros/jazzy/opt/gz_fuel_tools_vendor/lib:/opt/ros/jazzy/opt/gz_msgs_vendor/lib:/opt/ros/jazzy/opt/gz_common_vendor/lib:/opt/ros/jazzy/opt/gz_math_vendor/lib:/opt/ros/jazzy/opt/gz_utils_vendor/lib:/opt/ros/jazzy/opt/gz_tools_vendor/lib:/opt/ros/jazzy/opt/gz_ogre_next_vendor/lib:/opt/ros/jazzy/opt/gz_dartsim_vendor/lib:/opt/ros/jazzy/opt/gz_cmake_vendor/lib:/opt/ros/jazzy/lib', 'HOME': '/home/upo', 'CHROME_DESKTOP': 'code.desktop', 'OLDPWD': '/home/upo/TFG', 'TERM_PROGRAM_VERSION': '1.126.0', 'DESKTOP_SESSION': 'ubuntu', 'ROS_PYTHON_VERSION': '3', 'GNOME_SHELL_SESSION_MODE': 'ubuntu', 'GTK_MODULES': 'gail:atk-bridge', 'VSCODE_GIT_ASKPASS_MAIN': '/usr/share/code/resources/app/extensions/git/dist/askpass-main.js', 'VSCODE_GIT_ASKPASS_NODE': '/usr/share/code/code', 'DBUS_STARTER_BUS_TYPE': 'session', 'SYSTEMD_EXEC_PID': '2495', 'VSCODE_PYTHON_AUTOACTIVATE_GUARD': '1', 'GSM_SKIP_SSH_AGENT_WORKAROUND': 'true', 'DBUS_SESSION_BUS_ADDRESS': 'unix:path=/run/user/1000/bus,guid=363d1e468aca3fabeca0c6d56a4df74b', 'COLORTERM': 'truecolor', 'DEBUGINFOD_URLS': 'https://debuginfod.ubuntu.com', 'COLCON_PREFIX_PATH': '/home/upo/turtlebot3_ws/install', 'ROS_DISTRO': 'jazzy', 'LOGNAME': 'upo', '_': '/usr/bin/colcon', 'ROS_VERSION': '2', 'MEMORY_PRESSURE_WATCH': '/sys/fs/cgroup/user.slice/user-1000.slice/user@1000.service/app.slice/app-gnome\\x2dsession\\x2dmanager.slice/gnome-session-manager@ubuntu.service/memory.pressure', 'CLAUDE_CODE_SSE_PORT': '55408', 'XDG_SESSION_CLASS': 'user', 'USERNAME': 'upo', 'TERM': 'xterm-256color', 'GNOME_DESKTOP_SESSION_ID': 'this-is-deprecated', 'FC_FONTATIONS': '1', 'WINDOWPATH': '2', 'PATH': '/home/upo/platform-tools:/home/upo/.npm-global/bin:/home/upo/.config/Code/User/globalStorage/github.copilot-chat/debugCommand:/home/upo/.config/Code/User/globalStorage/github.copilot-chat/copilotCli:/opt/ros/jazzy/opt/gz_msgs_vendor/bin:/opt/ros/jazzy/opt/gz_tools_vendor/bin:/opt/ros/jazzy/opt/gz_ogre_next_vendor/bin:/opt/ros/jazzy/bin:/home/upo/platform-tools:/home/upo/.npm-global/bin:/home/upo/.local/bin:/usr/local/sbin:/usr/local/bin:/usr/sbin:/usr/bin:/sbin:/bin:/usr/games:/usr/local/games:/snap/bin:/snap/bin', 'SESSION_MANAGER': 'local/upo-ASUS-TUF-Gaming-A15-FA507RR-TUF507RR:@/tmp/.ICE-unix/2495,unix/upo-ASUS-TUF-Gaming-A15-FA507RR-TUF507RR:/tmp/.ICE-unix/2495', 'XDG_MENU_PREFIX': 'gnome-', 'GNOME_TERMINAL_SCREEN': '/org/gnome/Terminal/screen/2478bdcd_4a6f_4f09_acc2_ea0ad9e073f2', 'XDG_RUNTIME_DIR': '/run/user/1000', 'GDK_BACKEND': 'x11', 'DISPLAY': ':0', 'LANG': 'en_US.UTF-8', 'XDG_CURRENT_DESKTOP': 'ubuntu:GNOME', 'XMODIFIERS': '@im=ibus', 'XDG_SESSION_DESKTOP': 'ubuntu', 'XAUTHORITY': '/run/user/1000/gdm/Xauthority', 'LS_COLORS': 'rs=0:di=01;34:ln=01;36:mh=00:pi=40;33:so=01;35:do=01;35:bd=40;33;01:cd=40;33;01:or=40;31;01:mi=00:su=37;41:sg=30;43:ca=00:tw=30;42:ow=34;42:st=37;44:ex=01;32:*.tar=01;31:*.tgz=01;31:*.arc=01;31:*.arj=01;31:*.taz=01;31:*.lha=01;31:*.lz4=01;31:*.lzh=01;31:*.lzma=01;31:*.tlz=01;31:*.txz=01;31:*.tzo=01;31:*.t7z=01;31:*.zip=01;31:*.z=01;31:*.dz=01;31:*.gz=01;31:*.lrz=01;31:*.lz=01;31:*.lzo=01;31:*.xz=01;31:*.zst=01;31:*.tzst=01;31:*.bz2=01;31:*.bz=01;31:*.tbz=01;31:*.tbz2=01;31:*.tz=01;31:*.deb=01;31:*.rpm=01;31:*.jar=01;31:*.war=01;31:*.ear=01;31:*.sar=01;31:*.rar=01;31:*.alz=01;31:*.ace=01;31:*.zoo=01;31:*.cpio=01;31:*.7z=01;31:*.rz=01;31:*.cab=01;31:*.wim=01;31:*.swm=01;31:*.dwm=01;31:*.esd=01;31:*.avif=01;35:*.jpg=01;35:*.jpeg=01;35:*.mjpg=01;35:*.mjpeg=01;35:*.gif=01;35:*.bmp=01;35:*.pbm=01;35:*.pgm=01;35:*.ppm=01;35:*.tga=01;35:*.xbm=01;35:*.xpm=01;35:*.tif=01;35:*.tiff=01;35:*.png=01;35:*.svg=01;35:*.svgz=01;35:*.mng=01;35:*.pcx=01;35:*.mov=01;35:*.mpg=01;35:*.mpeg=01;35:*.m2v=01;35:*.mkv=01;35:*.webm=01;35:*.webp=01;35:*.ogm=01;35:*.mp4=01;35:*.m4v=01;35:*.mp4v=01;35:*.vob=01;35:*.qt=01;35:*.nuv=01;35:*.wmv=01;35:*.asf=01;35:*.rm=01;35:*.rmvb=01;35:*.flc=01;35:*.avi=01;35:*.fli=01;35:*.flv=01;35:*.gl=01;35:*.dl=01;35:*.xcf=01;35:*.xwd=01;35:*.yuv=01;35:*.cgm=01;35:*.emf=01;35:*.ogv=01;35:*.ogx=01;35:*.aac=00;36:*.au=00;36:*.flac=00;36:*.m4a=00;36:*.mid=00;36:*.midi=00;36:*.mka=00;36:*.mp3=00;36:*.mpc=00;36:*.ogg=00;36:*.ra=00;36:*.wav=00;36:*.oga=00;36:*.opus=00;36:*.spx=00;36:*.xspf=00;36:*~=00;90:*#=00;90:*.bak=00;90:*.crdownload=00;90:*.dpkg-dist=00;90:*.dpkg-new=00;90:*.dpkg-old=00;90:*.dpkg-tmp=00;90:*.old=00;90:*.orig=00;90:*.part=00;90:*.rej=00;90:*.rpmnew=00;90:*.rpmorig=00;90:*.rpmsave=00;90:*.swp=00;90:*.tmp=00;90:*.ucf-dist=00;90:*.ucf-new=00;90:*.ucf-old=00;90:', 'VSCODE_GIT_IPC_HANDLE': '/run/user/1000/vscode-git-466a10eeed.sock', 'GNOME_TERMINAL_SERVICE': ':1.153', 'TERM_PROGRAM': 'vscode', 'SSH_AUTH_SOCK': '/run/user/1000/keyring/ssh', 'AMENT_PREFIX_PATH': '/home/upo/turtlebot3_ws/install/userCommunication:/home/upo/turtlebot3_ws/install/turtlebot3:/home/upo/turtlebot3_ws/install/turtlebot3_teleop:/home/upo/turtlebot3_ws/install/turtlebot3_simulations:/home/upo/turtlebot3_ws/install/turtlebot3_bringup:/home/upo/turtlebot3_ws/install/turtlebot3_node:/home/upo/turtlebot3_ws/install/turtlebot3_navigation2:/home/upo/turtlebot3_ws/install/turtlebot3_gazebo:/home/upo/turtlebot3_ws/install/turtlebot3_fake_node:/home/upo/turtlebot3_ws/install/turtlebot3_example:/home/upo/turtlebot3_ws/install/turtlebot3_description:/home/upo/turtlebot3_ws/install/turtlebot3_cartographer:/home/upo/turtlebot3_ws/install/robotMovement:/home/upo/turtlebot3_ws/install/robotCommunication:/home/upo/turtlebot3_ws/install/VLMProcessing:/home/upo/turtlebot3_ws/install/interfaces:/opt/ros/jazzy', 'SHELL': '/bin/bash', 'QT_ACCESSIBILITY': '1', 'GDMSESSION': 'ubuntu', 'LESSCLOSE': '/usr/bin/lesspipe %s %s', 'GPG_AGENT_INFO': '/run/user/1000/gnupg/S.gpg-agent:0:1', 'ROS_AUTOMATIC_DISCOVERY_RANGE': 'SUBNET', 'VSCODE_GIT_ASKPASS_EXTRA_ARGS': '', 'QT_IM_MODULE': 'ibus', 'PWD': '/home/upo/TFG/ros2_ws/build/interfaces', 'TURTLEBOT3_MODEL': 'waffle', 'LC_ALL': 'en_US.UTF-8', 'XDG_CONFIG_DIRS': '/etc/xdg/xdg-ubuntu:/etc/xdg', 'COPILOT_DEBUG_NONCE': 'b1d28ae3d882b8fabe7a3762c8804e8c', 'DBUS_STARTER_ADDRESS': 'unix:path=/run/user/1000/bus,guid=363d1e468aca3fabeca0c6d56a4df74b', 'XDG_DATA_DIRS': '/usr/share/ubuntu:/usr/share/gnome:/home/upo/.local/share/flatpak/exports/share:/var/lib/flatpak/exports/share:/usr/local/share/:/usr/share/:/var/lib/snapd/desktop', 'PYTHONPATH': '/home/upo/turtlebot3_ws/install/userCommunication/lib/python3.12/site-packages:/home/upo/turtlebot3_ws/build/turtlebot3_teleop:/home/upo/turtlebot3_ws/install/turtlebot3_teleop/lib/python3.12/site-packages:/home/upo/turtlebot3_ws/build/turtlebot3_example:/home/upo/turtlebot3_ws/install/turtlebot3_example/lib/python3.12/site-packages:/home/upo/turtlebot3_ws/install/robotMovement/lib/python3.12/site-packages:/home/upo/turtlebot3_ws/install/robotCommunication/lib/python3.12/site-packages:/home/upo/turtlebot3_ws/install/VLMProcessing/lib/python3.12/site-packages:/home/upo/turtlebot3_ws/install/interfaces/lib/python3.12/site-packages:/opt/ros/jazzy/lib/python3.12/site-packages', 'COLCON': '1', 'MEMORY_PRESSURE_WRITE': 'c29tZSAyMDAwMDAgMjAwMDAwMAA=', 'VTE_VERSION': '7600', 'CMAKE_PREFIX_PATH': '/home/upo/turtlebot3_ws/install/turtlebot3:/home/upo/turtlebot3_ws/install/turtlebot3_simulations:/home/upo/turtlebot3_ws/install/turtlebot3_bringup:/home/upo/turtlebot3_ws/install/turtlebot3_node:/home/upo/turtlebot3_ws/install/turtlebot3_navigation2:/home/upo/turtlebot3_ws/install/turtlebot3_gazebo:/home/upo/turtlebot3_ws/install/turtlebot3_fake_node:/home/upo/turtlebot3_ws/install/turtlebot3_description:/home/upo/turtlebot3_ws/install/turtlebot3_cartographer:/home/upo/turtlebot3_ws/install/interfaces:/opt/ros/jazzy/opt/gz_sim_vendor:/opt/ros/jazzy/opt/gz_sensors_vendor:/opt/ros/jazzy/opt/gz_physics_vendor:/opt/ros/jazzy/opt/sdformat_vendor:/opt/ros/jazzy/opt/gz_gui_vendor:/opt/ros/jazzy/opt/gz_transport_vendor:/opt/ros/jazzy/opt/gz_rendering_vendor:/opt/ros/jazzy/opt/gz_plugin_vendor:/opt/ros/jazzy/opt/gz_fuel_tools_vendor:/opt/ros/jazzy/opt/gz_msgs_vendor:/opt/ros/jazzy/opt/gz_common_vendor:/opt/ros/jazzy/opt/gz_math_vendor:/opt/ros/jazzy/opt/gz_utils_vendor:/opt/ros/jazzy/opt/gz_tools_vendor:/opt/ros/jazzy/opt/gz_ogre_next_vendor:/opt/ros/jazzy/opt/gz_dartsim_vendor:/opt/ros/jazzy/opt/gz_cmake_vendor:/home/upo/turtlebot3_ws/install/userCommunication:/home/upo/turtlebot3_ws/install/turtlebot3_teleop:/home/upo/turtlebot3_ws/install/turtlebot3_example:/home/upo/turtlebot3_ws/install/robotMovement:/home/upo/turtlebot3_ws/install/robotCommunication:/home/upo/turtlebot3_ws/install/VLMProcessing:/opt/ros/jazzy'}), 'shell': False}
[0.085429] (interfaces) StdoutLine: {'line': b'[  2%] Built target interfaces__rosidl_generator_type_description\n'}
[0.085705] (interfaces) StdoutLine: {'line': b'[  2%] Built target interfaces__rs\n'}
[0.095648] (interfaces) StdoutLine: {'line': b'[  2%] Built target ament_cmake_python_symlink_interfaces\n'}
[0.099780] (-) TimerEvent: {}
[0.112992] (interfaces) StdoutLine: {'line': b'[  4%] Built target interfaces__cpp\n'}
[0.115262] (interfaces) StdoutLine: {'line': b'[ 26%] Built target interfaces__rosidl_generator_c\n'}
[0.147662] (interfaces) StdoutLine: {'line': b'[ 73%] Built target interfaces__rosidl_typesupport_fastrtps_c\n'}
[0.147976] (interfaces) StdoutLine: {'line': b'[ 73%] Built target interfaces__rosidl_typesupport_fastrtps_cpp\n'}
[0.148965] (interfaces) StdoutLine: {'line': b'[ 73%] Built target interfaces__rosidl_typesupport_introspection_c\n'}
[0.149114] (interfaces) StdoutLine: {'line': b'[ 78%] Built target interfaces__rosidl_typesupport_introspection_cpp\n'}
[0.149206] (interfaces) StdoutLine: {'line': b'[ 82%] Built target interfaces__rosidl_typesupport_c\n'}
[0.149293] (interfaces) StdoutLine: {'line': b'[ 82%] Built target interfaces__rosidl_typesupport_cpp\n'}
[0.175153] (interfaces) StdoutLine: {'line': b'[ 82%] Built target interfaces\n'}
[0.199874] (-) TimerEvent: {}
[0.208533] (interfaces) StdoutLine: {'line': b'[ 84%] Built target interfaces__py\n'}
[0.241408] (interfaces) StdoutLine: {'line': b'[ 92%] Built target interfaces__rosidl_generator_py\n'}
[0.270357] (interfaces) StdoutLine: {'line': b'[100%] Built target interfaces_s__rosidl_typesupport_c\n'}
[0.270607] (interfaces) StdoutLine: {'line': b'[100%] Built target interfaces_s__rosidl_typesupport_fastrtps_c\n'}
[0.270734] (interfaces) StdoutLine: {'line': b'[100%] Built target interfaces_s__rosidl_typesupport_introspection_c\n'}
[0.299954] (-) TimerEvent: {}
[0.342718] (interfaces) StdoutLine: {'line': b'running egg_info\n'}
[0.364227] (interfaces) StdoutLine: {'line': b'writing interfaces.egg-info/PKG-INFO\n'}
[0.364571] (interfaces) StdoutLine: {'line': b'writing dependency_links to interfaces.egg-info/dependency_links.txt\n'}
[0.364790] (interfaces) StdoutLine: {'line': b'writing top-level names to interfaces.egg-info/top_level.txt\n'}
[0.400071] (-) TimerEvent: {}
[0.432126] (interfaces) StdoutLine: {'line': b"reading manifest file 'interfaces.egg-info/SOURCES.txt'\n"}
[0.432736] (interfaces) StdoutLine: {'line': b"writing manifest file 'interfaces.egg-info/SOURCES.txt'\n"}
[0.461240] (interfaces) StdoutLine: {'line': b'[100%] Built target ament_cmake_python_build_interfaces_egg\n'}
[0.477912] (interfaces) CommandEnded: {'returncode': 0}
[0.478711] (interfaces) JobProgress: {'identifier': 'interfaces', 'progress': 'install'}
[0.489845] (interfaces) Command: {'cmd': ['/usr/bin/cmake', '--install', '/home/upo/TFG/ros2_ws/build/interfaces'], 'cwd': '/home/upo/TFG/ros2_ws/build/interfaces', 'env': OrderedDict({'LESSOPEN': '| /usr/bin/lesspipe %s', 'GZ_SIM_RESOURCE_PATH': '/opt/ros/jazzy/share', 'USER': 'upo', 'GZ_CONFIG_PATH': '/opt/ros/jazzy/opt/gz_sim_vendor/share/gz:/opt/ros/jazzy/opt/sdformat_vendor/share/gz:/opt/ros/jazzy/opt/gz_gui_vendor/share/gz:/opt/ros/jazzy/opt/gz_transport_vendor/share/gz:/opt/ros/jazzy/opt/gz_rendering_vendor/share/gz:/opt/ros/jazzy/opt/gz_plugin_vendor/share/gz:/opt/ros/jazzy/opt/gz_fuel_tools_vendor/share/gz:/opt/ros/jazzy/opt/gz_msgs_vendor/share/gz:/opt/ros/jazzy/opt/gz_common_vendor/share/gz', 'XDG_SESSION_TYPE': 'x11', 'GIT_ASKPASS': '/usr/share/code/resources/app/extensions/git/dist/askpass.sh', 'SHLVL': '3', 'LD_LIBRARY_PATH': '/home/upo/turtlebot3_ws/install/interfaces/lib:/opt/ros/jazzy/opt/gz_sim_vendor/lib:/opt/ros/jazzy/opt/gz_sensors_vendor/lib:/opt/ros/jazzy/opt/gz_physics_vendor/lib:/opt/ros/jazzy/opt/sdformat_vendor/lib:/opt/ros/jazzy/opt/rviz_ogre_vendor/lib:/opt/ros/jazzy/lib/x86_64-linux-gnu:/opt/ros/jazzy/opt/gz_gui_vendor/lib:/opt/ros/jazzy/opt/gz_transport_vendor/lib:/opt/ros/jazzy/opt/gz_rendering_vendor/lib:/opt/ros/jazzy/opt/gz_plugin_vendor/lib:/opt/ros/jazzy/opt/gz_fuel_tools_vendor/lib:/opt/ros/jazzy/opt/gz_msgs_vendor/lib:/opt/ros/jazzy/opt/gz_common_vendor/lib:/opt/ros/jazzy/opt/gz_math_vendor/lib:/opt/ros/jazzy/opt/gz_utils_vendor/lib:/opt/ros/jazzy/opt/gz_tools_vendor/lib:/opt/ros/jazzy/opt/gz_ogre_next_vendor/lib:/opt/ros/jazzy/opt/gz_dartsim_vendor/lib:/opt/ros/jazzy/opt/gz_cmake_vendor/lib:/opt/ros/jazzy/lib', 'HOME': '/home/upo', 'CHROME_DESKTOP': 'code.desktop', 'OLDPWD': '/home/upo/TFG', 'TERM_PROGRAM_VERSION': '1.126.0', 'DESKTOP_SESSION': 'ubuntu', 'ROS_PYTHON_VERSION': '3', 'GNOME_SHELL_SESSION_MODE': 'ubuntu', 'GTK_MODULES': 'gail:atk-bridge', 'VSCODE_GIT_ASKPASS_MAIN': '/usr/share/code/resources/app/extensions/git/dist/askpass-main.js', 'VSCODE_GIT_ASKPASS_NODE': '/usr/share/code/code', 'DBUS_STARTER_BUS_TYPE': 'session', 'SYSTEMD_EXEC_PID': '2495', 'VSCODE_PYTHON_AUTOACTIVATE_GUARD': '1', 'GSM_SKIP_SSH_AGENT_WORKAROUND': 'true', 'DBUS_SESSION_BUS_ADDRESS': 'unix:path=/run/user/1000/bus,guid=363d1e468aca3fabeca0c6d56a4df74b', 'COLORTERM': 'truecolor', 'DEBUGINFOD_URLS': 'https://debuginfod.ubuntu.com', 'COLCON_PREFIX_PATH': '/home/upo/turtlebot3_ws/install', 'ROS_DISTRO': 'jazzy', 'LOGNAME': 'upo', '_': '/usr/bin/colcon', 'ROS_VERSION': '2', 'MEMORY_PRESSURE_WATCH': '/sys/fs/cgroup/user.slice/user-1000.slice/user@1000.service/app.slice/app-gnome\\x2dsession\\x2dmanager.slice/gnome-session-manager@ubuntu.service/memory.pressure', 'CLAUDE_CODE_SSE_PORT': '55408', 'XDG_SESSION_CLASS': 'user', 'USERNAME': 'upo', 'TERM': 'xterm-256color', 'GNOME_DESKTOP_SESSION_ID': 'this-is-deprecated', 'FC_FONTATIONS': '1', 'WINDOWPATH': '2', 'PATH': '/home/upo/platform-tools:/home/upo/.npm-global/bin:/home/upo/.config/Code/User/globalStorage/github.copilot-chat/debugCommand:/home/upo/.config/Code/User/globalStorage/github.copilot-chat/copilotCli:/opt/ros/jazzy/opt/gz_msgs_vendor/bin:/opt/ros/jazzy/opt/gz_tools_vendor/bin:/opt/ros/jazzy/opt/gz_ogre_next_vendor/bin:/opt/ros/jazzy/bin:/home/upo/platform-tools:/home/upo/.npm-global/bin:/home/upo/.local/bin:/usr/local/sbin:/usr/local/bin:/usr/sbin:/usr/bin:/sbin:/bin:/usr/games:/usr/local/games:/snap/bin:/snap/bin', 'SESSION_MANAGER': 'local/upo-ASUS-TUF-Gaming-A15-FA507RR-TUF507RR:@/tmp/.ICE-unix/2495,unix/upo-ASUS-TUF-Gaming-A15-FA507RR-TUF507RR:/tmp/.ICE-unix/2495', 'XDG_MENU_PREFIX': 'gnome-', 'GNOME_TERMINAL_SCREEN': '/org/gnome/Terminal/screen/2478bdcd_4a6f_4f09_acc2_ea0ad9e073f2', 'XDG_RUNTIME_DIR': '/run/user/1000', 'GDK_BACKEND': 'x11', 'DISPLAY': ':0', 'LANG': 'en_US.UTF-8', 'XDG_CURRENT_DESKTOP': 'ubuntu:GNOME', 'XMODIFIERS': '@im=ibus', 'XDG_SESSION_DESKTOP': 'ubuntu', 'XAUTHORITY': '/run/user/1000/gdm/Xauthority', 'LS_COLORS': 'rs=0:di=01;34:ln=01;36:mh=00:pi=40;33:so=01;35:do=01;35:bd=40;33;01:cd=40;33;01:or=40;31;01:mi=00:su=37;41:sg=30;43:ca=00:tw=30;42:ow=34;42:st=37;44:ex=01;32:*.tar=01;31:*.tgz=01;31:*.arc=01;31:*.arj=01;31:*.taz=01;31:*.lha=01;31:*.lz4=01;31:*.lzh=01;31:*.lzma=01;31:*.tlz=01;31:*.txz=01;31:*.tzo=01;31:*.t7z=01;31:*.zip=01;31:*.z=01;31:*.dz=01;31:*.gz=01;31:*.lrz=01;31:*.lz=01;31:*.lzo=01;31:*.xz=01;31:*.zst=01;31:*.tzst=01;31:*.bz2=01;31:*.bz=01;31:*.tbz=01;31:*.tbz2=01;31:*.tz=01;31:*.deb=01;31:*.rpm=01;31:*.jar=01;31:*.war=01;31:*.ear=01;31:*.sar=01;31:*.rar=01;31:*.alz=01;31:*.ace=01;31:*.zoo=01;31:*.cpio=01;31:*.7z=01;31:*.rz=01;31:*.cab=01;31:*.wim=01;31:*.swm=01;31:*.dwm=01;31:*.esd=01;31:*.avif=01;35:*.jpg=01;35:*.jpeg=01;35:*.mjpg=01;35:*.mjpeg=01;35:*.gif=01;35:*.bmp=01;35:*.pbm=01;35:*.pgm=01;35:*.ppm=01;35:*.tga=01;35:*.xbm=01;35:*.xpm=01;35:*.tif=01;35:*.tiff=01;35:*.png=01;35:*.svg=01;35:*.svgz=01;35:*.mng=01;35:*.pcx=01;35:*.mov=01;35:*.mpg=01;35:*.mpeg=01;35:*.m2v=01;35:*.mkv=01;35:*.webm=01;35:*.webp=01;35:*.ogm=01;35:*.mp4=01;35:*.m4v=01;35:*.mp4v=01;35:*.vob=01;35:*.qt=01;35:*.nuv=01;35:*.wmv=01;35:*.asf=01;35:*.rm=01;35:*.rmvb=01;35:*.flc=01;35:*.avi=01;35:*.fli=01;35:*.flv=01;35:*.gl=01;35:*.dl=01;35:*.xcf=01;35:*.xwd=01;35:*.yuv=01;35:*.cgm=01;35:*.emf=01;35:*.ogv=01;35:*.ogx=01;35:*.aac=00;36:*.au=00;36:*.flac=00;36:*.m4a=00;36:*.mid=00;36:*.midi=00;36:*.mka=00;36:*.mp3=00;36:*.mpc=00;36:*.ogg=00;36:*.ra=00;36:*.wav=00;36:*.oga=00;36:*.opus=00;36:*.spx=00;36:*.xspf=00;36:*~=00;90:*#=00;90:*.bak=00;90:*.crdownload=00;90:*.dpkg-dist=00;90:*.dpkg-new=00;90:*.dpkg-old=00;90:*.dpkg-tmp=00;90:*.old=00;90:*.orig=00;90:*.part=00;90:*.rej=00;90:*.rpmnew=00;90:*.rpmorig=00;90:*.rpmsave=00;90:*.swp=00;90:*.tmp=00;90:*.ucf-dist=00;90:*.ucf-new=00;90:*.ucf-old=00;90:', 'VSCODE_GIT_IPC_HANDLE': '/run/user/1000/vscode-git-466a10eeed.sock', 'GNOME_TERMINAL_SERVICE': ':1.153', 'TERM_PROGRAM': 'vscode', 'SSH_AUTH_SOCK': '/run/user/1000/keyring/ssh', 'AMENT_PREFIX_PATH': '/home/upo/turtlebot3_ws/install/userCommunication:/home/upo/turtlebot3_ws/install/turtlebot3:/home/upo/turtlebot3_ws/install/turtlebot3_teleop:/home/upo/turtlebot3_ws/install/turtlebot3_simulations:/home/upo/turtlebot3_ws/install/turtlebot3_bringup:/home/upo/turtlebot3_ws/install/turtlebot3_node:/home/upo/turtlebot3_ws/install/turtlebot3_navigation2:/home/upo/turtlebot3_ws/install/turtlebot3_gazebo:/home/upo/turtlebot3_ws/install/turtlebot3_fake_node:/home/upo/turtlebot3_ws/install/turtlebot3_example:/home/upo/turtlebot3_ws/install/turtlebot3_description:/home/upo/turtlebot3_ws/install/turtlebot3_cartographer:/home/upo/turtlebot3_ws/install/robotMovement:/home/upo/turtlebot3_ws/install/robotCommunication:/home/upo/turtlebot3_ws/install/VLMProcessing:/home/upo/turtlebot3_ws/install/interfaces:/opt/ros/jazzy', 'SHELL': '/bin/bash', 'QT_ACCESSIBILITY': '1', 'GDMSESSION': 'ubuntu', 'LESSCLOSE': '/usr/bin/lesspipe %s %s', 'GPG_AGENT_INFO': '/run/user/1000/gnupg/S.gpg-agent:0:1', 'ROS_AUTOMATIC_DISCOVERY_RANGE': 'SUBNET', 'VSCODE_GIT_ASKPASS_EXTRA_ARGS': '', 'QT_IM_MODULE': 'ibus', 'PWD': '/home/upo/TFG/ros2_ws/build/interfaces', 'TURTLEBOT3_MODEL': 'waffle', 'LC_ALL': 'en_US.UTF-8', 'XDG_CONFIG_DIRS': '/etc/xdg/xdg-ubuntu:/etc/xdg', 'COPILOT_DEBUG_NONCE': 'b1d28ae3d882b8fabe7a3762c8804e8c', 'DBUS_STARTER_ADDRESS': 'unix:path=/run/user/1000/bus,guid=363d1e468aca3fabeca0c6d56a4df74b', 'XDG_DATA_DIRS': '/usr/share/ubuntu:/usr/share/gnome:/home/upo/.local/share/flatpak/exports/share:/var/lib/flatpak/exports/share:/usr/local/share/:/usr/share/:/var/lib/snapd/desktop', 'PYTHONPATH': '/home/upo/turtlebot3_ws/install/userCommunication/lib/python3.12/site-packages:/home/upo/turtlebot3_ws/build/turtlebot3_teleop:/home/upo/turtlebot3_ws/install/turtlebot3_teleop/lib/python3.12/site-packages:/home/upo/turtlebot3_ws/build/turtlebot3_example:/home/upo/turtlebot3_ws/install/turtlebot3_example/lib/python3.12/site-packages:/home/upo/turtlebot3_ws/install/robotMovement/lib/python3.12/site-packages:/home/upo/turtlebot3_ws/install/robotCommunication/lib/python3.12/site-packages:/home/upo/turtlebot3_ws/install/VLMProcessing/lib/python3.12/site-packages:/home/upo/turtlebot3_ws/install/interfaces/lib/python3.12/site-packages:/opt/ros/jazzy/lib/python3.12/site-packages', 'COLCON': '1', 'MEMORY_PRESSURE_WRITE': 'c29tZSAyMDAwMDAgMjAwMDAwMAA=', 'VTE_VERSION': '7600', 'CMAKE_PREFIX_PATH': '/home/upo/turtlebot3_ws/install/turtlebot3:/home/upo/turtlebot3_ws/install/turtlebot3_simulations:/home/upo/turtlebot3_ws/install/turtlebot3_bringup:/home/upo/turtlebot3_ws/install/turtlebot3_node:/home/upo/turtlebot3_ws/install/turtlebot3_navigation2:/home/upo/turtlebot3_ws/install/turtlebot3_gazebo:/home/upo/turtlebot3_ws/install/turtlebot3_fake_node:/home/upo/turtlebot3_ws/install/turtlebot3_description:/home/upo/turtlebot3_ws/install/turtlebot3_cartographer:/home/upo/turtlebot3_ws/install/interfaces:/opt/ros/jazzy/opt/gz_sim_vendor:/opt/ros/jazzy/opt/gz_sensors_vendor:/opt/ros/jazzy/opt/gz_physics_vendor:/opt/ros/jazzy/opt/sdformat_vendor:/opt/ros/jazzy/opt/gz_gui_vendor:/opt/ros/jazzy/opt/gz_transport_vendor:/opt/ros/jazzy/opt/gz_rendering_vendor:/opt/ros/jazzy/opt/gz_plugin_vendor:/opt/ros/jazzy/opt/gz_fuel_tools_vendor:/opt/ros/jazzy/opt/gz_msgs_vendor:/opt/ros/jazzy/opt/gz_common_vendor:/opt/ros/jazzy/opt/gz_math_vendor:/opt/ros/jazzy/opt/gz_utils_vendor:/opt/ros/jazzy/opt/gz_tools_vendor:/opt/ros/jazzy/opt/gz_ogre_next_vendor:/opt/ros/jazzy/opt/gz_dartsim_vendor:/opt/ros/jazzy/opt/gz_cmake_vendor:/home/upo/turtlebot3_ws/install/userCommunication:/home/upo/turtlebot3_ws/install/turtlebot3_teleop:/home/upo/turtlebot3_ws/install/turtlebot3_example:/home/upo/turtlebot3_ws/install/robotMovement:/home/upo/turtlebot3_ws/install/robotCommunication:/home/upo/turtlebot3_ws/install/VLMProcessing:/opt/ros/jazzy'}), 'shell': False}
[0.499372] (interfaces) StdoutLine: {'line': b'-- Install configuration: ""\n'}
[0.499919] (interfaces) StdoutLine: {'line': b'-- Execute custom install script\n'}
[0.500069] (-) TimerEvent: {}
[0.500234] (interfaces) StdoutLine: {'line': b'-- Up-to-date symlink: /home/upo/TFG/ros2_ws/install/interfaces/share/ament_index/resource_index/rosidl_interfaces/interfaces\n'}
[0.500374] (interfaces) StdoutLine: {'line': b'-- Up-to-date symlink: /home/upo/TFG/ros2_ws/install/interfaces/share/interfaces/msg/Goal.json\n'}
[0.500530] (interfaces) StdoutLine: {'line': b'-- Up-to-date symlink: /home/upo/TFG/ros2_ws/install/interfaces/share/interfaces/msg/ComboImage.json\n'}
[0.500693] (interfaces) StdoutLine: {'line': b'-- Up-to-date symlink: /home/upo/TFG/ros2_ws/install/interfaces/share/interfaces/msg/Request.json\n'}
[0.500882] (interfaces) StdoutLine: {'line': b'-- Up-to-date symlink: /home/upo/TFG/ros2_ws/install/interfaces/share/interfaces/msg/Response.json\n'}
[0.501124] (interfaces) StdoutLine: {'line': b'-- Up-to-date symlink: /home/upo/TFG/ros2_ws/install/interfaces/share/interfaces/action/Move.json\n'}
[0.502007] (interfaces) StdoutLine: {'line': b'-- Up-to-date symlink: /home/upo/TFG/ros2_ws/install/interfaces/include/interfaces/interfaces/action/detail/move__functions.h\n'}
[0.502201] (interfaces) StdoutLine: {'line': b'-- Up-to-date symlink: /home/upo/TFG/ros2_ws/install/interfaces/include/interfaces/interfaces/action/detail/move__struct.h\n'}
[0.502351] (interfaces) StdoutLine: {'line': b'-- Up-to-date symlink: /home/upo/TFG/ros2_ws/install/interfaces/include/interfaces/interfaces/action/detail/move__type_support.h\n'}
[0.502462] (interfaces) StdoutLine: {'line': b'-- Up-to-date symlink: /home/upo/TFG/ros2_ws/install/interfaces/include/interfaces/interfaces/action/move.h\n'}
[0.502553] (interfaces) StdoutLine: {'line': b'-- Up-to-date symlink: /home/upo/TFG/ros2_ws/install/interfaces/include/interfaces/interfaces/msg/combo_image.h\n'}
[0.502674] (interfaces) StdoutLine: {'line': b'-- Up-to-date symlink: /home/upo/TFG/ros2_ws/install/interfaces/include/interfaces/interfaces/msg/detail/combo_image__functions.h\n'}
[0.502800] (interfaces) StdoutLine: {'line': b'-- Up-to-date symlink: /home/upo/TFG/ros2_ws/install/interfaces/include/interfaces/interfaces/msg/detail/combo_image__struct.h\n'}
[0.502943] (interfaces) StdoutLine: {'line': b'-- Up-to-date symlink: /home/upo/TFG/ros2_ws/install/interfaces/include/interfaces/interfaces/msg/detail/combo_image__type_support.h\n'}
[0.503054] (interfaces) StdoutLine: {'line': b'-- Up-to-date symlink: /home/upo/TFG/ros2_ws/install/interfaces/include/interfaces/interfaces/msg/detail/goal__functions.h\n'}
[0.503417] (interfaces) StdoutLine: {'line': b'-- Up-to-date symlink: /home/upo/TFG/ros2_ws/install/interfaces/include/interfaces/interfaces/msg/detail/goal__struct.h\n'}
[0.503501] (interfaces) StdoutLine: {'line': b'-- Up-to-date symlink: /home/upo/TFG/ros2_ws/install/interfaces/include/interfaces/interfaces/msg/detail/goal__type_support.h\n'}
[0.503579] (interfaces) StdoutLine: {'line': b'-- Up-to-date symlink: /home/upo/TFG/ros2_ws/install/interfaces/include/interfaces/interfaces/msg/detail/request__functions.h\n'}
[0.503698] (interfaces) StdoutLine: {'line': b'-- Up-to-date symlink: /home/upo/TFG/ros2_ws/install/interfaces/include/interfaces/interfaces/msg/detail/request__struct.h\n'}
[0.503807] (interfaces) StdoutLine: {'line': b'-- Up-to-date symlink: /home/upo/TFG/ros2_ws/install/interfaces/include/interfaces/interfaces/msg/detail/request__type_support.h\n'}
[0.504048] (interfaces) StdoutLine: {'line': b'-- Up-to-date symlink: /home/upo/TFG/ros2_ws/install/interfaces/include/interfaces/interfaces/msg/detail/response__functions.h\n'}
[0.504176] (interfaces) StdoutLine: {'line': b'-- Up-to-date symlink: /home/upo/TFG/ros2_ws/install/interfaces/include/interfaces/interfaces/msg/detail/response__struct.h\n'}
[0.504339] (interfaces) StdoutLine: {'line': b'-- Up-to-date symlink: /home/upo/TFG/ros2_ws/install/interfaces/include/interfaces/interfaces/msg/detail/response__type_support.h\n'}
[0.504461] (interfaces) StdoutLine: {'line': b'-- Up-to-date symlink: /home/upo/TFG/ros2_ws/install/interfaces/include/interfaces/interfaces/msg/goal.h\n'}
[0.504596] (interfaces) StdoutLine: {'line': b'-- Up-to-date symlink: /home/upo/TFG/ros2_ws/install/interfaces/include/interfaces/interfaces/msg/request.h\n'}
[0.504680] (interfaces) StdoutLine: {'line': b'-- Up-to-date symlink: /home/upo/TFG/ros2_ws/install/interfaces/include/interfaces/interfaces/msg/response.h\n'}
[0.504787] (interfaces) StdoutLine: {'line': b'-- Up-to-date symlink: /home/upo/TFG/ros2_ws/install/interfaces/include/interfaces/interfaces/msg/rosidl_generator_c__visibility_control.h\n'}
[0.504984] (interfaces) StdoutLine: {'line': b'-- Up-to-date symlink: /home/upo/TFG/ros2_ws/install/interfaces/share/interfaces/environment/library_path.sh\n'}
[0.505120] (interfaces) StdoutLine: {'line': b'-- Up-to-date symlink: /home/upo/TFG/ros2_ws/install/interfaces/share/interfaces/environment/library_path.dsv\n'}
[0.505787] (interfaces) StdoutLine: {'line': b'-- Up-to-date symlink: /home/upo/TFG/ros2_ws/install/interfaces/include/interfaces/interfaces/action/detail/move__rosidl_typesupport_fastrtps_c.h\n'}
[0.505920] (interfaces) StdoutLine: {'line': b'-- Up-to-date symlink: /home/upo/TFG/ros2_ws/install/interfaces/include/interfaces/interfaces/msg/detail/combo_image__rosidl_typesupport_fastrtps_c.h\n'}
[0.506039] (interfaces) StdoutLine: {'line': b'-- Up-to-date symlink: /home/upo/TFG/ros2_ws/install/interfaces/include/interfaces/interfaces/msg/detail/goal__rosidl_typesupport_fastrtps_c.h\n'}
[0.506149] (interfaces) StdoutLine: {'line': b'-- Up-to-date symlink: /home/upo/TFG/ros2_ws/install/interfaces/include/interfaces/interfaces/msg/detail/request__rosidl_typesupport_fastrtps_c.h\n'}
[0.506263] (interfaces) StdoutLine: {'line': b'-- Up-to-date symlink: /home/upo/TFG/ros2_ws/install/interfaces/include/interfaces/interfaces/msg/detail/response__rosidl_typesupport_fastrtps_c.h\n'}
[0.506368] (interfaces) StdoutLine: {'line': b'-- Up-to-date symlink: /home/upo/TFG/ros2_ws/install/interfaces/include/interfaces/interfaces/msg/rosidl_typesupport_fastrtps_c__visibility_control.h\n'}
[0.506901] (interfaces) StdoutLine: {'line': b'-- Up-to-date symlink: /home/upo/TFG/ros2_ws/install/interfaces/include/interfaces/interfaces/action/detail/move__builder.hpp\n'}
[0.507055] (interfaces) StdoutLine: {'line': b'-- Up-to-date symlink: /home/upo/TFG/ros2_ws/install/interfaces/include/interfaces/interfaces/action/detail/move__struct.hpp\n'}
[0.507243] (interfaces) StdoutLine: {'line': b'-- Up-to-date symlink: /home/upo/TFG/ros2_ws/install/interfaces/include/interfaces/interfaces/action/detail/move__traits.hpp\n'}
[0.507532] (interfaces) StdoutLine: {'line': b'-- Up-to-date symlink: /home/upo/TFG/ros2_ws/install/interfaces/include/interfaces/interfaces/action/detail/move__type_support.hpp\n'}
[0.507747] (interfaces) StdoutLine: {'line': b'-- Up-to-date symlink: /home/upo/TFG/ros2_ws/install/interfaces/include/interfaces/interfaces/action/move.hpp\n'}
[0.507918] (interfaces) StdoutLine: {'line': b'-- Up-to-date symlink: /home/upo/TFG/ros2_ws/install/interfaces/include/interfaces/interfaces/msg/combo_image.hpp\n'}
[0.507996] (interfaces) StdoutLine: {'line': b'-- Up-to-date symlink: /home/upo/TFG/ros2_ws/install/interfaces/include/interfaces/interfaces/msg/detail/combo_image__builder.hpp\n'}
[0.508082] (interfaces) StdoutLine: {'line': b'-- Up-to-date symlink: /home/upo/TFG/ros2_ws/install/interfaces/include/interfaces/interfaces/msg/detail/combo_image__struct.hpp\n'}
[0.508159] (interfaces) StdoutLine: {'line': b'-- Up-to-date symlink: /home/upo/TFG/ros2_ws/install/interfaces/include/interfaces/interfaces/msg/detail/combo_image__traits.hpp\n'}
[0.508268] (interfaces) StdoutLine: {'line': b'-- Up-to-date symlink: /home/upo/TFG/ros2_ws/install/interfaces/include/interfaces/interfaces/msg/detail/combo_image__type_support.hpp\n'}
[0.508345] (interfaces) StdoutLine: {'line': b'-- Up-to-date symlink: /home/upo/TFG/ros2_ws/install/interfaces/include/interfaces/interfaces/msg/detail/goal__builder.hpp\n'}
[0.508428] (interfaces) StdoutLine: {'line': b'-- Up-to-date symlink: /home/upo/TFG/ros2_ws/install/interfaces/include/interfaces/interfaces/msg/detail/goal__struct.hpp\n'}
[0.508512] (interfaces) StdoutLine: {'line': b'-- Up-to-date symlink: /home/upo/TFG/ros2_ws/install/interfaces/include/interfaces/interfaces/msg/detail/goal__traits.hpp\n'}
[0.508594] (interfaces) StdoutLine: {'line': b'-- Up-to-date symlink: /home/upo/TFG/ros2_ws/install/interfaces/include/interfaces/interfaces/msg/detail/goal__type_support.hpp\n'}
[0.508685] (interfaces) StdoutLine: {'line': b'-- Up-to-date symlink: /home/upo/TFG/ros2_ws/install/interfaces/include/interfaces/interfaces/msg/detail/request__builder.hpp\n'}
[0.508791] (interfaces) StdoutLine: {'line': b'-- Up-to-date symlink: /home/upo/TFG/ros2_ws/install/interfaces/include/interfaces/interfaces/msg/detail/request__struct.hpp\n'}
[0.508900] (interfaces) StdoutLine: {'line': b'-- Up-to-date symlink: /home/upo/TFG/ros2_ws/install/interfaces/include/interfaces/interfaces/msg/detail/request__traits.hpp\n'}
[0.509014] (interfaces) StdoutLine: {'line': b'-- Up-to-date symlink: /home/upo/TFG/ros2_ws/install/interfaces/include/interfaces/interfaces/msg/detail/request__type_support.hpp\n'}
[0.509129] (interfaces) StdoutLine: {'line': b'-- Up-to-date symlink: /home/upo/TFG/ros2_ws/install/interfaces/include/interfaces/interfaces/msg/detail/response__builder.hpp\n'}
[0.509241] (interfaces) StdoutLine: {'line': b'-- Up-to-date symlink: /home/upo/TFG/ros2_ws/install/interfaces/include/interfaces/interfaces/msg/detail/response__struct.hpp\n'}
[0.509344] (interfaces) StdoutLine: {'line': b'-- Up-to-date symlink: /home/upo/TFG/ros2_ws/install/interfaces/include/interfaces/interfaces/msg/detail/response__traits.hpp\n'}
[0.509461] (interfaces) StdoutLine: {'line': b'-- Up-to-date symlink: /home/upo/TFG/ros2_ws/install/interfaces/include/interfaces/interfaces/msg/detail/response__type_support.hpp\n'}
[0.509573] (interfaces) StdoutLine: {'line': b'-- Up-to-date symlink: /home/upo/TFG/ros2_ws/install/interfaces/include/interfaces/interfaces/msg/goal.hpp\n'}
[0.509664] (interfaces) StdoutLine: {'line': b'-- Up-to-date symlink: /home/upo/TFG/ros2_ws/install/interfaces/include/interfaces/interfaces/msg/request.hpp\n'}
[0.509774] (interfaces) StdoutLine: {'line': b'-- Up-to-date symlink: /home/upo/TFG/ros2_ws/install/interfaces/include/interfaces/interfaces/msg/response.hpp\n'}
[0.509886] (interfaces) StdoutLine: {'line': b'-- Up-to-date symlink: /home/upo/TFG/ros2_ws/install/interfaces/include/interfaces/interfaces/msg/rosidl_generator_cpp__visibility_control.hpp\n'}
[0.510639] (interfaces) StdoutLine: {'line': b'-- Up-to-date symlink: /home/upo/TFG/ros2_ws/install/interfaces/include/interfaces/interfaces/action/detail/move__rosidl_typesupport_fastrtps_cpp.hpp\n'}
[0.510816] (interfaces) StdoutLine: {'line': b'-- Up-to-date symlink: /home/upo/TFG/ros2_ws/install/interfaces/include/interfaces/interfaces/msg/detail/combo_image__rosidl_typesupport_fastrtps_cpp.hpp\n'}
[0.510953] (interfaces) StdoutLine: {'line': b'-- Up-to-date symlink: /home/upo/TFG/ros2_ws/install/interfaces/include/interfaces/interfaces/msg/detail/goal__rosidl_typesupport_fastrtps_cpp.hpp\n'}
[0.511073] (interfaces) StdoutLine: {'line': b'-- Up-to-date symlink: /home/upo/TFG/ros2_ws/install/interfaces/include/interfaces/interfaces/msg/detail/request__rosidl_typesupport_fastrtps_cpp.hpp\n'}
[0.511191] (interfaces) StdoutLine: {'line': b'-- Up-to-date symlink: /home/upo/TFG/ros2_ws/install/interfaces/include/interfaces/interfaces/msg/detail/response__rosidl_typesupport_fastrtps_cpp.hpp\n'}
[0.511333] (interfaces) StdoutLine: {'line': b'-- Up-to-date symlink: /home/upo/TFG/ros2_ws/install/interfaces/include/interfaces/interfaces/msg/rosidl_typesupport_fastrtps_cpp__visibility_control.h\n'}
[0.511760] (interfaces) StdoutLine: {'line': b'-- Up-to-date symlink: /home/upo/TFG/ros2_ws/install/interfaces/include/interfaces/interfaces/action/detail/move__rosidl_typesupport_introspection_c.h\n'}
[0.511907] (interfaces) StdoutLine: {'line': b'-- Up-to-date symlink: /home/upo/TFG/ros2_ws/install/interfaces/include/interfaces/interfaces/msg/detail/combo_image__rosidl_typesupport_introspection_c.h\n'}
[0.512071] (interfaces) StdoutLine: {'line': b'-- Up-to-date symlink: /home/upo/TFG/ros2_ws/install/interfaces/include/interfaces/interfaces/msg/detail/goal__rosidl_typesupport_introspection_c.h\n'}
[0.512236] (interfaces) StdoutLine: {'line': b'-- Up-to-date symlink: /home/upo/TFG/ros2_ws/install/interfaces/include/interfaces/interfaces/msg/detail/request__rosidl_typesupport_introspection_c.h\n'}
[0.512362] (interfaces) StdoutLine: {'line': b'-- Up-to-date symlink: /home/upo/TFG/ros2_ws/install/interfaces/include/interfaces/interfaces/msg/detail/response__rosidl_typesupport_introspection_c.h\n'}
[0.512471] (interfaces) StdoutLine: {'line': b'-- Up-to-date symlink: /home/upo/TFG/ros2_ws/install/interfaces/include/interfaces/interfaces/msg/rosidl_typesupport_introspection_c__visibility_control.h\n'}
[0.512847] (interfaces) StdoutLine: {'line': b'-- Up-to-date symlink: /home/upo/TFG/ros2_ws/install/interfaces/include/interfaces/interfaces/action/detail/move__rosidl_typesupport_introspection_cpp.hpp\n'}
[0.512970] (interfaces) StdoutLine: {'line': b'-- Up-to-date symlink: /home/upo/TFG/ros2_ws/install/interfaces/include/interfaces/interfaces/msg/detail/combo_image__rosidl_typesupport_introspection_cpp.hpp\n'}
[0.513085] (interfaces) StdoutLine: {'line': b'-- Up-to-date symlink: /home/upo/TFG/ros2_ws/install/interfaces/include/interfaces/interfaces/msg/detail/goal__rosidl_typesupport_introspection_cpp.hpp\n'}
[0.513212] (interfaces) StdoutLine: {'line': b'-- Up-to-date symlink: /home/upo/TFG/ros2_ws/install/interfaces/include/interfaces/interfaces/msg/detail/request__rosidl_typesupport_introspection_cpp.hpp\n'}
[0.513333] (interfaces) StdoutLine: {'line': b'-- Up-to-date symlink: /home/upo/TFG/ros2_ws/install/interfaces/include/interfaces/interfaces/msg/detail/response__rosidl_typesupport_introspection_cpp.hpp\n'}
[0.513476] (interfaces) StdoutLine: {'line': b'-- Up-to-date symlink: /home/upo/TFG/ros2_ws/install/interfaces/share/interfaces/environment/pythonpath.sh\n'}
[0.513608] (interfaces) StdoutLine: {'line': b'-- Up-to-date symlink: /home/upo/TFG/ros2_ws/install/interfaces/share/interfaces/environment/pythonpath.dsv\n'}
[0.514015] (interfaces) StdoutLine: {'line': b'-- Up-to-date symlink: /home/upo/TFG/ros2_ws/install/interfaces/lib/python3.12/site-packages/interfaces-0.0.0-py3.12.egg-info/PKG-INFO\n'}
[0.514195] (interfaces) StdoutLine: {'line': b'-- Up-to-date symlink: /home/upo/TFG/ros2_ws/install/interfaces/lib/python3.12/site-packages/interfaces-0.0.0-py3.12.egg-info/SOURCES.txt\n'}
[0.514322] (interfaces) StdoutLine: {'line': b'-- Up-to-date symlink: /home/upo/TFG/ros2_ws/install/interfaces/lib/python3.12/site-packages/interfaces-0.0.0-py3.12.egg-info/dependency_links.txt\n'}
[0.514465] (interfaces) StdoutLine: {'line': b'-- Up-to-date symlink: /home/upo/TFG/ros2_ws/install/interfaces/lib/python3.12/site-packages/interfaces-0.0.0-py3.12.egg-info/top_level.txt\n'}
[0.515458] (interfaces) StdoutLine: {'line': b'-- Up-to-date symlink: /home/upo/TFG/ros2_ws/install/interfaces/lib/python3.12/site-packages/interfaces/__init__.py\n'}
[0.515633] (interfaces) StdoutLine: {'line': b'-- Up-to-date symlink: /home/upo/TFG/ros2_ws/install/interfaces/lib/python3.12/site-packages/interfaces/_interfaces_s.ep.rosidl_typesupport_c.c\n'}
[0.515754] (interfaces) StdoutLine: {'line': b'-- Up-to-date symlink: /home/upo/TFG/ros2_ws/install/interfaces/lib/python3.12/site-packages/interfaces/_interfaces_s.ep.rosidl_typesupport_fastrtps_c.c\n'}
[0.515890] (interfaces) StdoutLine: {'line': b'-- Up-to-date symlink: /home/upo/TFG/ros2_ws/install/interfaces/lib/python3.12/site-packages/interfaces/_interfaces_s.ep.rosidl_typesupport_introspection_c.c\n'}
[0.516038] (interfaces) StdoutLine: {'line': b'-- Up-to-date symlink: /home/upo/TFG/ros2_ws/install/interfaces/lib/python3.12/site-packages/interfaces/action/__init__.py\n'}
[0.516176] (interfaces) StdoutLine: {'line': b'-- Up-to-date symlink: /home/upo/TFG/ros2_ws/install/interfaces/lib/python3.12/site-packages/interfaces/action/_move.py\n'}
[0.516300] (interfaces) StdoutLine: {'line': b'-- Up-to-date symlink: /home/upo/TFG/ros2_ws/install/interfaces/lib/python3.12/site-packages/interfaces/action/_move_s.c\n'}
[0.516417] (interfaces) StdoutLine: {'line': b'-- Up-to-date symlink: /home/upo/TFG/ros2_ws/install/interfaces/lib/python3.12/site-packages/interfaces/interfaces_s__rosidl_typesupport_c.so\n'}
[0.516549] (interfaces) StdoutLine: {'line': b'-- Up-to-date symlink: /home/upo/TFG/ros2_ws/install/interfaces/lib/python3.12/site-packages/interfaces/interfaces_s__rosidl_typesupport_fastrtps_c.so\n'}
[0.516683] (interfaces) StdoutLine: {'line': b'-- Up-to-date symlink: /home/upo/TFG/ros2_ws/install/interfaces/lib/python3.12/site-packages/interfaces/interfaces_s__rosidl_typesupport_introspection_c.so\n'}
[0.516885] (interfaces) StdoutLine: {'line': b'-- Up-to-date symlink: /home/upo/TFG/ros2_ws/install/interfaces/lib/python3.12/site-packages/interfaces/msg/__init__.py\n'}
[0.517211] (interfaces) StdoutLine: {'line': b'-- Up-to-date symlink: /home/upo/TFG/ros2_ws/install/interfaces/lib/python3.12/site-packages/interfaces/msg/_combo_image.py\n'}
[0.517371] (interfaces) StdoutLine: {'line': b'-- Up-to-date symlink: /home/upo/TFG/ros2_ws/install/interfaces/lib/python3.12/site-packages/interfaces/msg/_combo_image_s.c\n'}
[0.517495] (interfaces) StdoutLine: {'line': b'-- Up-to-date symlink: /home/upo/TFG/ros2_ws/install/interfaces/lib/python3.12/site-packages/interfaces/msg/_goal.py\n'}
[0.517745] (interfaces) StdoutLine: {'line': b'-- Up-to-date symlink: /home/upo/TFG/ros2_ws/install/interfaces/lib/python3.12/site-packages/interfaces/msg/_goal_s.c\n'}
[0.517892] (interfaces) StdoutLine: {'line': b'-- Up-to-date symlink: /home/upo/TFG/ros2_ws/install/interfaces/lib/python3.12/site-packages/interfaces/msg/_request.py\n'}
[0.517990] (interfaces) StdoutLine: {'line': b'-- Up-to-date symlink: /home/upo/TFG/ros2_ws/install/interfaces/lib/python3.12/site-packages/interfaces/msg/_request_s.c\n'}
[0.518110] (interfaces) StdoutLine: {'line': b'-- Up-to-date symlink: /home/upo/TFG/ros2_ws/install/interfaces/lib/python3.12/site-packages/interfaces/msg/_response.py\n'}
[0.518269] (interfaces) StdoutLine: {'line': b'-- Up-to-date symlink: /home/upo/TFG/ros2_ws/install/interfaces/lib/python3.12/site-packages/interfaces/msg/_response_s.c\n'}
[0.518632] (interfaces) StdoutLine: {'line': b'-- Up-to-date symlink: /home/upo/TFG/ros2_ws/install/interfaces/lib/python3.12/site-packages/interfaces/interfaces_s__rosidl_typesupport_fastrtps_c.so\n'}
[0.518804] (interfaces) StdoutLine: {'line': b'-- Up-to-date symlink: /home/upo/TFG/ros2_ws/install/interfaces/lib/python3.12/site-packages/interfaces/interfaces_s__rosidl_typesupport_introspection_c.so\n'}
[0.519060] (interfaces) StdoutLine: {'line': b'-- Up-to-date symlink: /home/upo/TFG/ros2_ws/install/interfaces/lib/python3.12/site-packages/interfaces/interfaces_s__rosidl_typesupport_c.so\n'}
[0.519296] (interfaces) StdoutLine: {'line': b'-- Up-to-date symlink: /home/upo/TFG/ros2_ws/install/interfaces/share/ament_index/resource_index/rust_packages/interfaces\n'}
[0.519814] (interfaces) StdoutLine: {'line': b'-- Up-to-date symlink: /home/upo/TFG/ros2_ws/install/interfaces/share/interfaces/rust/Cargo.toml\n'}
[0.519978] (interfaces) StdoutLine: {'line': b'-- Up-to-date symlink: /home/upo/TFG/ros2_ws/install/interfaces/share/interfaces/rust/build.rs\n'}
[0.520153] (interfaces) StdoutLine: {'line': b'-- Up-to-date symlink: /home/upo/TFG/ros2_ws/install/interfaces/share/interfaces/rust/src/action.rs\n'}
[0.520346] (interfaces) StdoutLine: {'line': b'-- Up-to-date symlink: /home/upo/TFG/ros2_ws/install/interfaces/share/interfaces/rust/src/action/rmw.rs\n'}
[0.520512] (interfaces) StdoutLine: {'line': b'-- Up-to-date symlink: /home/upo/TFG/ros2_ws/install/interfaces/share/interfaces/rust/src/lib.rs\n'}
[0.520676] (interfaces) StdoutLine: {'line': b'-- Up-to-date symlink: /home/upo/TFG/ros2_ws/install/interfaces/share/interfaces/rust/src/msg.rs\n'}
[0.520844] (interfaces) StdoutLine: {'line': b'-- Up-to-date symlink: /home/upo/TFG/ros2_ws/install/interfaces/share/interfaces/rust/src/msg/rmw.rs\n'}
[0.521076] (interfaces) StdoutLine: {'line': b'-- Up-to-date symlink: /home/upo/TFG/ros2_ws/install/interfaces/share/interfaces/msg/Goal.idl\n'}
[0.521254] (interfaces) StdoutLine: {'line': b'-- Up-to-date symlink: /home/upo/TFG/ros2_ws/install/interfaces/share/interfaces/msg/ComboImage.idl\n'}
[0.521488] (interfaces) StdoutLine: {'line': b'-- Up-to-date symlink: /home/upo/TFG/ros2_ws/install/interfaces/share/interfaces/msg/Request.idl\n'}
[0.521696] (interfaces) StdoutLine: {'line': b'-- Up-to-date symlink: /home/upo/TFG/ros2_ws/install/interfaces/share/interfaces/msg/Response.idl\n'}
[0.521933] (interfaces) StdoutLine: {'line': b'-- Up-to-date symlink: /home/upo/TFG/ros2_ws/install/interfaces/share/interfaces/action/Move.idl\n'}
[0.522127] (interfaces) StdoutLine: {'line': b'-- Up-to-date symlink: /home/upo/TFG/ros2_ws/install/interfaces/share/interfaces/msg/Goal.msg\n'}
[0.522261] (interfaces) StdoutLine: {'line': b'-- Up-to-date symlink: /home/upo/TFG/ros2_ws/install/interfaces/share/interfaces/msg/ComboImage.msg\n'}
[0.522452] (interfaces) StdoutLine: {'line': b'-- Up-to-date symlink: /home/upo/TFG/ros2_ws/install/interfaces/share/interfaces/msg/Request.msg\n'}
[0.522652] (interfaces) StdoutLine: {'line': b'-- Up-to-date symlink: /home/upo/TFG/ros2_ws/install/interfaces/share/interfaces/msg/Response.msg\n'}
[0.522846] (interfaces) StdoutLine: {'line': b'-- Up-to-date symlink: /home/upo/TFG/ros2_ws/install/interfaces/share/interfaces/action/Move.action\n'}
[0.523084] (interfaces) StdoutLine: {'line': b'-- Up-to-date symlink: /home/upo/TFG/ros2_ws/install/interfaces/share/ament_index/resource_index/package_run_dependencies/interfaces\n'}
[0.523304] (interfaces) StdoutLine: {'line': b'-- Up-to-date symlink: /home/upo/TFG/ros2_ws/install/interfaces/share/ament_index/resource_index/parent_prefix_path/interfaces\n'}
[0.523496] (interfaces) StdoutLine: {'line': b'-- Up-to-date symlink: /home/upo/TFG/ros2_ws/install/interfaces/share/interfaces/environment/ament_prefix_path.sh\n'}
[0.523695] (interfaces) StdoutLine: {'line': b'-- Up-to-date symlink: /home/upo/TFG/ros2_ws/install/interfaces/share/interfaces/environment/ament_prefix_path.dsv\n'}
[0.523902] (interfaces) StdoutLine: {'line': b'-- Up-to-date symlink: /home/upo/TFG/ros2_ws/install/interfaces/share/interfaces/environment/path.sh\n'}
[0.524106] (interfaces) StdoutLine: {'line': b'-- Up-to-date symlink: /home/upo/TFG/ros2_ws/install/interfaces/share/interfaces/environment/path.dsv\n'}
[0.524304] (interfaces) StdoutLine: {'line': b'-- Up-to-date symlink: /home/upo/TFG/ros2_ws/install/interfaces/share/interfaces/local_setup.bash\n'}
[0.524498] (interfaces) StdoutLine: {'line': b'-- Up-to-date symlink: /home/upo/TFG/ros2_ws/install/interfaces/share/interfaces/local_setup.sh\n'}
[0.524691] (interfaces) StdoutLine: {'line': b'-- Up-to-date symlink: /home/upo/TFG/ros2_ws/install/interfaces/share/interfaces/local_setup.zsh\n'}
[0.524893] (interfaces) StdoutLine: {'line': b'-- Up-to-date symlink: /home/upo/TFG/ros2_ws/install/interfaces/share/interfaces/local_setup.dsv\n'}
[0.525041] (interfaces) StdoutLine: {'line': b'-- Symlinking: /home/upo/TFG/ros2_ws/install/interfaces/share/interfaces/package.dsv\n'}
[0.539118] (interfaces) StdoutLine: {'line': b'-- Up-to-date symlink: /home/upo/TFG/ros2_ws/install/interfaces/share/ament_index/resource_index/packages/interfaces\n'}
[0.539325] (interfaces) StdoutLine: {'line': b'-- Up-to-date symlink: /home/upo/TFG/ros2_ws/install/interfaces/share/interfaces/cmake/rosidl_cmake-extras.cmake\n'}
[0.539440] (interfaces) StdoutLine: {'line': b'-- Up-to-date symlink: /home/upo/TFG/ros2_ws/install/interfaces/share/interfaces/cmake/ament_cmake_export_dependencies-extras.cmake\n'}
[0.539542] (interfaces) StdoutLine: {'line': b'-- Up-to-date symlink: /home/upo/TFG/ros2_ws/install/interfaces/share/interfaces/cmake/ament_cmake_export_include_directories-extras.cmake\n'}
[0.539630] (interfaces) StdoutLine: {'line': b'-- Up-to-date symlink: /home/upo/TFG/ros2_ws/install/interfaces/share/interfaces/cmake/ament_cmake_export_libraries-extras.cmake\n'}
[0.539759] (interfaces) StdoutLine: {'line': b'-- Up-to-date symlink: /home/upo/TFG/ros2_ws/install/interfaces/share/interfaces/cmake/ament_cmake_export_targets-extras.cmake\n'}
[0.539897] (interfaces) StdoutLine: {'line': b'-- Up-to-date symlink: /home/upo/TFG/ros2_ws/install/interfaces/share/interfaces/cmake/rosidl_cmake_export_typesupport_targets-extras.cmake\n'}
[0.540028] (interfaces) StdoutLine: {'line': b'-- Up-to-date symlink: /home/upo/TFG/ros2_ws/install/interfaces/share/interfaces/cmake/rosidl_cmake_export_typesupport_libraries-extras.cmake\n'}
[0.540152] (interfaces) StdoutLine: {'line': b'-- Up-to-date symlink: /home/upo/TFG/ros2_ws/install/interfaces/share/interfaces/cmake/rosidl_cmake_aggregate_target-extras.cmake\n'}
[0.540286] (interfaces) StdoutLine: {'line': b'-- Up-to-date symlink: /home/upo/TFG/ros2_ws/install/interfaces/share/interfaces/cmake/interfacesConfig.cmake\n'}
[0.540404] (interfaces) StdoutLine: {'line': b'-- Up-to-date symlink: /home/upo/TFG/ros2_ws/install/interfaces/share/interfaces/cmake/interfacesConfig-version.cmake\n'}
[0.540512] (interfaces) StdoutLine: {'line': b'-- Up-to-date symlink: /home/upo/TFG/ros2_ws/install/interfaces/share/interfaces/package.xml\n'}
[0.540760] (interfaces) StdoutLine: {'line': b'-- Up-to-date: /home/upo/TFG/ros2_ws/install/interfaces/lib/libinterfaces__rosidl_generator_c.so\n'}
[0.541110] (interfaces) StdoutLine: {'line': b'-- Up-to-date: /home/upo/TFG/ros2_ws/install/interfaces/lib/libinterfaces__rosidl_typesupport_fastrtps_c.so\n'}
[0.541504] (interfaces) StdoutLine: {'line': b'-- Up-to-date: /home/upo/TFG/ros2_ws/install/interfaces/lib/libinterfaces__rosidl_typesupport_fastrtps_cpp.so\n'}
[0.541806] (interfaces) StdoutLine: {'line': b'-- Up-to-date: /home/upo/TFG/ros2_ws/install/interfaces/lib/libinterfaces__rosidl_typesupport_introspection_c.so\n'}
[0.542106] (interfaces) StdoutLine: {'line': b'-- Up-to-date: /home/upo/TFG/ros2_ws/install/interfaces/lib/libinterfaces__rosidl_typesupport_c.so\n'}
[0.542408] (interfaces) StdoutLine: {'line': b'-- Up-to-date: /home/upo/TFG/ros2_ws/install/interfaces/lib/libinterfaces__rosidl_typesupport_introspection_cpp.so\n'}
[0.542719] (interfaces) StdoutLine: {'line': b'-- Up-to-date: /home/upo/TFG/ros2_ws/install/interfaces/lib/libinterfaces__rosidl_typesupport_cpp.so\n'}
[0.580845] (interfaces) StdoutLine: {'line': b"Listing '/home/upo/TFG/ros2_ws/install/interfaces/lib/python3.12/site-packages/interfaces'...\n"}
[0.581104] (interfaces) StdoutLine: {'line': b"Listing '/home/upo/TFG/ros2_ws/install/interfaces/lib/python3.12/site-packages/interfaces/action'...\n"}
[0.581215] (interfaces) StdoutLine: {'line': b"Listing '/home/upo/TFG/ros2_ws/install/interfaces/lib/python3.12/site-packages/interfaces/msg'...\n"}
[0.588801] (interfaces) StdoutLine: {'line': b'-- Up-to-date: /home/upo/TFG/ros2_ws/install/interfaces/lib/libinterfaces__rosidl_generator_py.so\n'}
[0.589241] (interfaces) StdoutLine: {'line': b'-- Up-to-date: /home/upo/TFG/ros2_ws/install/interfaces/share/interfaces/cmake/export_interfaces__rosidl_generator_cExport.cmake\n'}
[0.589360] (interfaces) StdoutLine: {'line': b'-- Up-to-date: /home/upo/TFG/ros2_ws/install/interfaces/share/interfaces/cmake/export_interfaces__rosidl_generator_cExport-noconfig.cmake\n'}
[0.589494] (interfaces) StdoutLine: {'line': b'-- Up-to-date: /home/upo/TFG/ros2_ws/install/interfaces/share/interfaces/cmake/export_interfaces__rosidl_typesupport_fastrtps_cExport.cmake\n'}
[0.589590] (interfaces) StdoutLine: {'line': b'-- Up-to-date: /home/upo/TFG/ros2_ws/install/interfaces/share/interfaces/cmake/export_interfaces__rosidl_typesupport_fastrtps_cExport-noconfig.cmake\n'}
[0.589695] (interfaces) StdoutLine: {'line': b'-- Up-to-date: /home/upo/TFG/ros2_ws/install/interfaces/share/interfaces/cmake/export_interfaces__rosidl_generator_cppExport.cmake\n'}
[0.589841] (interfaces) StdoutLine: {'line': b'-- Up-to-date: /home/upo/TFG/ros2_ws/install/interfaces/share/interfaces/cmake/export_interfaces__rosidl_typesupport_fastrtps_cppExport.cmake\n'}
[0.589944] (interfaces) StdoutLine: {'line': b'-- Up-to-date: /home/upo/TFG/ros2_ws/install/interfaces/share/interfaces/cmake/export_interfaces__rosidl_typesupport_fastrtps_cppExport-noconfig.cmake\n'}
[0.590084] (interfaces) StdoutLine: {'line': b'-- Up-to-date: /home/upo/TFG/ros2_ws/install/interfaces/share/interfaces/cmake/interfaces__rosidl_typesupport_introspection_cExport.cmake\n'}
[0.590178] (interfaces) StdoutLine: {'line': b'-- Up-to-date: /home/upo/TFG/ros2_ws/install/interfaces/share/interfaces/cmake/interfaces__rosidl_typesupport_introspection_cExport-noconfig.cmake\n'}
[0.590267] (interfaces) StdoutLine: {'line': b'-- Up-to-date: /home/upo/TFG/ros2_ws/install/interfaces/share/interfaces/cmake/interfaces__rosidl_typesupport_cExport.cmake\n'}
[0.590355] (interfaces) StdoutLine: {'line': b'-- Up-to-date: /home/upo/TFG/ros2_ws/install/interfaces/share/interfaces/cmake/interfaces__rosidl_typesupport_cExport-noconfig.cmake\n'}
[0.590490] (interfaces) StdoutLine: {'line': b'-- Up-to-date: /home/upo/TFG/ros2_ws/install/interfaces/share/interfaces/cmake/interfaces__rosidl_typesupport_introspection_cppExport.cmake\n'}
[0.590574] (interfaces) StdoutLine: {'line': b'-- Up-to-date: /home/upo/TFG/ros2_ws/install/interfaces/share/interfaces/cmake/interfaces__rosidl_typesupport_introspection_cppExport-noconfig.cmake\n'}
[0.590655] (interfaces) StdoutLine: {'line': b'-- Up-to-date: /home/upo/TFG/ros2_ws/install/interfaces/share/interfaces/cmake/interfaces__rosidl_typesupport_cppExport.cmake\n'}
[0.590734] (interfaces) StdoutLine: {'line': b'-- Up-to-date: /home/upo/TFG/ros2_ws/install/interfaces/share/interfaces/cmake/interfaces__rosidl_typesupport_cppExport-noconfig.cmake\n'}
[0.590815] (interfaces) StdoutLine: {'line': b'-- Up-to-date: /home/upo/TFG/ros2_ws/install/interfaces/share/interfaces/cmake/export_interfaces__rosidl_generator_pyExport.cmake\n'}
[0.590904] (interfaces) StdoutLine: {'line': b'-- Up-to-date: /home/upo/TFG/ros2_ws/install/interfaces/share/interfaces/cmake/export_interfaces__rosidl_generator_pyExport-noconfig.cmake\n'}
[0.592554] (interfaces) CommandEnded: {'returncode': 0}
[0.600151] (-) TimerEvent: {}
[0.611897] (interfaces) JobEnded: {'identifier': 'interfaces', 'rc': 0}
[0.612681] (VLMProcessing) JobStarted: {'identifier': 'VLMProcessing'}
[0.620183] (robotCommunication) JobStarted: {'identifier': 'robotCommunication'}
[0.627906] (robotMovement) JobStarted: {'identifier': 'robotMovement'}
[0.700243] (-) TimerEvent: {}
[0.800490] (-) TimerEvent: {}
[0.900835] (-) TimerEvent: {}
[1.001225] (-) TimerEvent: {}
[1.101555] (-) TimerEvent: {}
[1.201856] (-) TimerEvent: {}
[1.302295] (-) TimerEvent: {}
[1.402660] (-) TimerEvent: {}
[1.502997] (-) TimerEvent: {}
[1.603266] (-) TimerEvent: {}
[1.703606] (-) TimerEvent: {}
[1.741440] (userCommunication) Command: {'cmd': ['/usr/bin/python3', '-W', 'ignore:setup.py install is deprecated', '-W', 'ignore:easy_install command is deprecated', 'setup.py', 'develop', '--editable', '--build-directory', '/home/upo/TFG/ros2_ws/build/userCommunication/build', '--no-deps', 'symlink_data'], 'cwd': '/home/upo/TFG/ros2_ws/build/userCommunication', 'env': {'LESSOPEN': '| /usr/bin/lesspipe %s', 'GZ_SIM_RESOURCE_PATH': '/opt/ros/jazzy/share', 'USER': 'upo', 'GZ_CONFIG_PATH': '/opt/ros/jazzy/opt/gz_sim_vendor/share/gz:/opt/ros/jazzy/opt/sdformat_vendor/share/gz:/opt/ros/jazzy/opt/gz_gui_vendor/share/gz:/opt/ros/jazzy/opt/gz_transport_vendor/share/gz:/opt/ros/jazzy/opt/gz_rendering_vendor/share/gz:/opt/ros/jazzy/opt/gz_plugin_vendor/share/gz:/opt/ros/jazzy/opt/gz_fuel_tools_vendor/share/gz:/opt/ros/jazzy/opt/gz_msgs_vendor/share/gz:/opt/ros/jazzy/opt/gz_common_vendor/share/gz', 'XDG_SESSION_TYPE': 'x11', 'GIT_ASKPASS': '/usr/share/code/resources/app/extensions/git/dist/askpass.sh', 'SHLVL': '3', 'LD_LIBRARY_PATH': '/home/upo/turtlebot3_ws/install/interfaces/lib:/opt/ros/jazzy/opt/gz_sim_vendor/lib:/opt/ros/jazzy/opt/gz_sensors_vendor/lib:/opt/ros/jazzy/opt/gz_physics_vendor/lib:/opt/ros/jazzy/opt/sdformat_vendor/lib:/opt/ros/jazzy/opt/rviz_ogre_vendor/lib:/opt/ros/jazzy/lib/x86_64-linux-gnu:/opt/ros/jazzy/opt/gz_gui_vendor/lib:/opt/ros/jazzy/opt/gz_transport_vendor/lib:/opt/ros/jazzy/opt/gz_rendering_vendor/lib:/opt/ros/jazzy/opt/gz_plugin_vendor/lib:/opt/ros/jazzy/opt/gz_fuel_tools_vendor/lib:/opt/ros/jazzy/opt/gz_msgs_vendor/lib:/opt/ros/jazzy/opt/gz_common_vendor/lib:/opt/ros/jazzy/opt/gz_math_vendor/lib:/opt/ros/jazzy/opt/gz_utils_vendor/lib:/opt/ros/jazzy/opt/gz_tools_vendor/lib:/opt/ros/jazzy/opt/gz_ogre_next_vendor/lib:/opt/ros/jazzy/opt/gz_dartsim_vendor/lib:/opt/ros/jazzy/opt/gz_cmake_vendor/lib:/opt/ros/jazzy/lib', 'HOME': '/home/upo', 'CHROME_DESKTOP': 'code.desktop', 'OLDPWD': '/home/upo/TFG', 'TERM_PROGRAM_VERSION': '1.126.0', 'DESKTOP_SESSION': 'ubuntu', 'ROS_PYTHON_VERSION': '3', 'GNOME_SHELL_SESSION_MODE': 'ubuntu', 'GTK_MODULES': 'gail:atk-bridge', 'VSCODE_GIT_ASKPASS_MAIN': '/usr/share/code/resources/app/extensions/git/dist/askpass-main.js', 'VSCODE_GIT_ASKPASS_NODE': '/usr/share/code/code', 'DBUS_STARTER_BUS_TYPE': 'session', 'SYSTEMD_EXEC_PID': '2495', 'VSCODE_PYTHON_AUTOACTIVATE_GUARD': '1', 'GSM_SKIP_SSH_AGENT_WORKAROUND': 'true', 'DBUS_SESSION_BUS_ADDRESS': 'unix:path=/run/user/1000/bus,guid=363d1e468aca3fabeca0c6d56a4df74b', 'COLORTERM': 'truecolor', 'DEBUGINFOD_URLS': 'https://debuginfod.ubuntu.com', 'COLCON_PREFIX_PATH': '/home/upo/turtlebot3_ws/install', 'ROS_DISTRO': 'jazzy', 'LOGNAME': 'upo', '_': '/usr/bin/colcon', 'ROS_VERSION': '2', 'MEMORY_PRESSURE_WATCH': '/sys/fs/cgroup/user.slice/user-1000.slice/user@1000.service/app.slice/app-gnome\\x2dsession\\x2dmanager.slice/gnome-session-manager@ubuntu.service/memory.pressure', 'CLAUDE_CODE_SSE_PORT': '55408', 'XDG_SESSION_CLASS': 'user', 'USERNAME': 'upo', 'TERM': 'xterm-256color', 'GNOME_DESKTOP_SESSION_ID': 'this-is-deprecated', 'FC_FONTATIONS': '1', 'WINDOWPATH': '2', 'PATH': '/home/upo/platform-tools:/home/upo/.npm-global/bin:/home/upo/.config/Code/User/globalStorage/github.copilot-chat/debugCommand:/home/upo/.config/Code/User/globalStorage/github.copilot-chat/copilotCli:/opt/ros/jazzy/opt/gz_msgs_vendor/bin:/opt/ros/jazzy/opt/gz_tools_vendor/bin:/opt/ros/jazzy/opt/gz_ogre_next_vendor/bin:/opt/ros/jazzy/bin:/home/upo/platform-tools:/home/upo/.npm-global/bin:/home/upo/.local/bin:/usr/local/sbin:/usr/local/bin:/usr/sbin:/usr/bin:/sbin:/bin:/usr/games:/usr/local/games:/snap/bin:/snap/bin', 'SESSION_MANAGER': 'local/upo-ASUS-TUF-Gaming-A15-FA507RR-TUF507RR:@/tmp/.ICE-unix/2495,unix/upo-ASUS-TUF-Gaming-A15-FA507RR-TUF507RR:/tmp/.ICE-unix/2495', 'XDG_MENU_PREFIX': 'gnome-', 'GNOME_TERMINAL_SCREEN': '/org/gnome/Terminal/screen/2478bdcd_4a6f_4f09_acc2_ea0ad9e073f2', 'XDG_RUNTIME_DIR': '/run/user/1000', 'GDK_BACKEND': 'x11', 'DISPLAY': ':0', 'LANG': 'en_US.UTF-8', 'XDG_CURRENT_DESKTOP': 'ubuntu:GNOME', 'XMODIFIERS': '@im=ibus', 'XDG_SESSION_DESKTOP': 'ubuntu', 'XAUTHORITY': '/run/user/1000/gdm/Xauthority', 'LS_COLORS': 'rs=0:di=01;34:ln=01;36:mh=00:pi=40;33:so=01;35:do=01;35:bd=40;33;01:cd=40;33;01:or=40;31;01:mi=00:su=37;41:sg=30;43:ca=00:tw=30;42:ow=34;42:st=37;44:ex=01;32:*.tar=01;31:*.tgz=01;31:*.arc=01;31:*.arj=01;31:*.taz=01;31:*.lha=01;31:*.lz4=01;31:*.lzh=01;31:*.lzma=01;31:*.tlz=01;31:*.txz=01;31:*.tzo=01;31:*.t7z=01;31:*.zip=01;31:*.z=01;31:*.dz=01;31:*.gz=01;31:*.lrz=01;31:*.lz=01;31:*.lzo=01;31:*.xz=01;31:*.zst=01;31:*.tzst=01;31:*.bz2=01;31:*.bz=01;31:*.tbz=01;31:*.tbz2=01;31:*.tz=01;31:*.deb=01;31:*.rpm=01;31:*.jar=01;31:*.war=01;31:*.ear=01;31:*.sar=01;31:*.rar=01;31:*.alz=01;31:*.ace=01;31:*.zoo=01;31:*.cpio=01;31:*.7z=01;31:*.rz=01;31:*.cab=01;31:*.wim=01;31:*.swm=01;31:*.dwm=01;31:*.esd=01;31:*.avif=01;35:*.jpg=01;35:*.jpeg=01;35:*.mjpg=01;35:*.mjpeg=01;35:*.gif=01;35:*.bmp=01;35:*.pbm=01;35:*.pgm=01;35:*.ppm=01;35:*.tga=01;35:*.xbm=01;35:*.xpm=01;35:*.tif=01;35:*.tiff=01;35:*.png=01;35:*.svg=01;35:*.svgz=01;35:*.mng=01;35:*.pcx=01;35:*.mov=01;35:*.mpg=01;35:*.mpeg=01;35:*.m2v=01;35:*.mkv=01;35:*.webm=01;35:*.webp=01;35:*.ogm=01;35:*.mp4=01;35:*.m4v=01;35:*.mp4v=01;35:*.vob=01;35:*.qt=01;35:*.nuv=01;35:*.wmv=01;35:*.asf=01;35:*.rm=01;35:*.rmvb=01;35:*.flc=01;35:*.avi=01;35:*.fli=01;35:*.flv=01;35:*.gl=01;35:*.dl=01;35:*.xcf=01;35:*.xwd=01;35:*.yuv=01;35:*.cgm=01;35:*.emf=01;35:*.ogv=01;35:*.ogx=01;35:*.aac=00;36:*.au=00;36:*.flac=00;36:*.m4a=00;36:*.mid=00;36:*.midi=00;36:*.mka=00;36:*.mp3=00;36:*.mpc=00;36:*.ogg=00;36:*.ra=00;36:*.wav=00;36:*.oga=00;36:*.opus=00;36:*.spx=00;36:*.xspf=00;36:*~=00;90:*#=00;90:*.bak=00;90:*.crdownload=00;90:*.dpkg-dist=00;90:*.dpkg-new=00;90:*.dpkg-old=00;90:*.dpkg-tmp=00;90:*.old=00;90:*.orig=00;90:*.part=00;90:*.rej=00;90:*.rpmnew=00;90:*.rpmorig=00;90:*.rpmsave=00;90:*.swp=00;90:*.tmp=00;90:*.ucf-dist=00;90:*.ucf-new=00;90:*.ucf-old=00;90:', 'VSCODE_GIT_IPC_HANDLE': '/run/user/1000/vscode-git-466a10eeed.sock', 'GNOME_TERMINAL_SERVICE': ':1.153', 'TERM_PROGRAM': 'vscode', 'SSH_AUTH_SOCK': '/run/user/1000/keyring/ssh', 'AMENT_PREFIX_PATH': '/home/upo/turtlebot3_ws/install/userCommunication:/home/upo/turtlebot3_ws/install/turtlebot3:/home/upo/turtlebot3_ws/install/turtlebot3_teleop:/home/upo/turtlebot3_ws/install/turtlebot3_simulations:/home/upo/turtlebot3_ws/install/turtlebot3_bringup:/home/upo/turtlebot3_ws/install/turtlebot3_node:/home/upo/turtlebot3_ws/install/turtlebot3_navigation2:/home/upo/turtlebot3_ws/install/turtlebot3_gazebo:/home/upo/turtlebot3_ws/install/turtlebot3_fake_node:/home/upo/turtlebot3_ws/install/turtlebot3_example:/home/upo/turtlebot3_ws/install/turtlebot3_description:/home/upo/turtlebot3_ws/install/turtlebot3_cartographer:/home/upo/turtlebot3_ws/install/robotMovement:/home/upo/turtlebot3_ws/install/robotCommunication:/home/upo/turtlebot3_ws/install/VLMProcessing:/home/upo/turtlebot3_ws/install/interfaces:/opt/ros/jazzy', 'SHELL': '/bin/bash', 'QT_ACCESSIBILITY': '1', 'GDMSESSION': 'ubuntu', 'LESSCLOSE': '/usr/bin/lesspipe %s %s', 'GPG_AGENT_INFO': '/run/user/1000/gnupg/S.gpg-agent:0:1', 'ROS_AUTOMATIC_DISCOVERY_RANGE': 'SUBNET', 'VSCODE_GIT_ASKPASS_EXTRA_ARGS': '', 'QT_IM_MODULE': 'ibus', 'PWD': '/home/upo/TFG/ros2_ws/build/userCommunication', 'TURTLEBOT3_MODEL': 'waffle', 'LC_ALL': 'en_US.UTF-8', 'XDG_CONFIG_DIRS': '/etc/xdg/xdg-ubuntu:/etc/xdg', 'COPILOT_DEBUG_NONCE': 'b1d28ae3d882b8fabe7a3762c8804e8c', 'DBUS_STARTER_ADDRESS': 'unix:path=/run/user/1000/bus,guid=363d1e468aca3fabeca0c6d56a4df74b', 'XDG_DATA_DIRS': '/usr/share/ubuntu:/usr/share/gnome:/home/upo/.local/share/flatpak/exports/share:/var/lib/flatpak/exports/share:/usr/local/share/:/usr/share/:/var/lib/snapd/desktop', 'PYTHONPATH': '/home/upo/TFG/ros2_ws/build/userCommunication/prefix_override:/usr/lib/python3/dist-packages/colcon_core/task/python/colcon_distutils_commands:/home/upo/TFG/ros2_ws/install/userCommunication/lib/python3.12/site-packages:/home/upo/turtlebot3_ws/install/userCommunication/lib/python3.12/site-packages:/home/upo/turtlebot3_ws/build/turtlebot3_teleop:/home/upo/turtlebot3_ws/install/turtlebot3_teleop/lib/python3.12/site-packages:/home/upo/turtlebot3_ws/build/turtlebot3_example:/home/upo/turtlebot3_ws/install/turtlebot3_example/lib/python3.12/site-packages:/home/upo/turtlebot3_ws/install/robotMovement/lib/python3.12/site-packages:/home/upo/turtlebot3_ws/install/robotCommunication/lib/python3.12/site-packages:/home/upo/turtlebot3_ws/install/VLMProcessing/lib/python3.12/site-packages:/home/upo/turtlebot3_ws/install/interfaces/lib/python3.12/site-packages:/opt/ros/jazzy/lib/python3.12/site-packages', 'COLCON': '1', 'MEMORY_PRESSURE_WRITE': 'c29tZSAyMDAwMDAgMjAwMDAwMAA=', 'VTE_VERSION': '7600', 'CMAKE_PREFIX_PATH': '/home/upo/turtlebot3_ws/install/turtlebot3:/home/upo/turtlebot3_ws/install/turtlebot3_simulations:/home/upo/turtlebot3_ws/install/turtlebot3_bringup:/home/upo/turtlebot3_ws/install/turtlebot3_node:/home/upo/turtlebot3_ws/install/turtlebot3_navigation2:/home/upo/turtlebot3_ws/install/turtlebot3_gazebo:/home/upo/turtlebot3_ws/install/turtlebot3_fake_node:/home/upo/turtlebot3_ws/install/turtlebot3_description:/home/upo/turtlebot3_ws/install/turtlebot3_cartographer:/home/upo/turtlebot3_ws/install/interfaces:/opt/ros/jazzy/opt/gz_sim_vendor:/opt/ros/jazzy/opt/gz_sensors_vendor:/opt/ros/jazzy/opt/gz_physics_vendor:/opt/ros/jazzy/opt/sdformat_vendor:/opt/ros/jazzy/opt/gz_gui_vendor:/opt/ros/jazzy/opt/gz_transport_vendor:/opt/ros/jazzy/opt/gz_rendering_vendor:/opt/ros/jazzy/opt/gz_plugin_vendor:/opt/ros/jazzy/opt/gz_fuel_tools_vendor:/opt/ros/jazzy/opt/gz_msgs_vendor:/opt/ros/jazzy/opt/gz_common_vendor:/opt/ros/jazzy/opt/gz_math_vendor:/opt/ros/jazzy/opt/gz_utils_vendor:/opt/ros/jazzy/opt/gz_tools_vendor:/opt/ros/jazzy/opt/gz_ogre_next_vendor:/opt/ros/jazzy/opt/gz_dartsim_vendor:/opt/ros/jazzy/opt/gz_cmake_vendor'}, 'shell': False}
[1.803689] (-) TimerEvent: {}
[1.904011] (-) TimerEvent: {}
[2.004235] (-) TimerEvent: {}
[2.100555] (userCommunication) StdoutLine: {'line': b'running develop\n'}
[2.104334] (-) TimerEvent: {}
[2.204645] (-) TimerEvent: {}
[2.304967] (-) TimerEvent: {}
[2.338545] (userCommunication) StdoutLine: {'line': b'running egg_info\n'}
[2.360031] (userCommunication) StdoutLine: {'line': b'writing userCommunication.egg-info/PKG-INFO\n'}
[2.360252] (userCommunication) StdoutLine: {'line': b'writing dependency_links to userCommunication.egg-info/dependency_links.txt\n'}
[2.360404] (userCommunication) StdoutLine: {'line': b'writing entry points to userCommunication.egg-info/entry_points.txt\n'}
[2.360542] (userCommunication) StdoutLine: {'line': b'writing requirements to userCommunication.egg-info/requires.txt\n'}
[2.360672] (userCommunication) StdoutLine: {'line': b'writing top-level names to userCommunication.egg-info/top_level.txt\n'}
[2.405054] (-) TimerEvent: {}
[2.405472] (userCommunication) StdoutLine: {'line': b"reading manifest file 'userCommunication.egg-info/SOURCES.txt'\n"}
[2.406162] (userCommunication) StdoutLine: {'line': b"writing manifest file 'userCommunication.egg-info/SOURCES.txt'\n"}
[2.410772] (robotCommunication) Command: {'cmd': ['/usr/bin/python3', '-W', 'ignore:setup.py install is deprecated', '-W', 'ignore:easy_install command is deprecated', 'setup.py', 'develop', '--editable', '--build-directory', '/home/upo/TFG/ros2_ws/build/robotCommunication/build', '--no-deps', 'symlink_data'], 'cwd': '/home/upo/TFG/ros2_ws/build/robotCommunication', 'env': {'LESSOPEN': '| /usr/bin/lesspipe %s', 'GZ_SIM_RESOURCE_PATH': '/opt/ros/jazzy/share', 'USER': 'upo', 'GZ_CONFIG_PATH': '/opt/ros/jazzy/opt/gz_sim_vendor/share/gz:/opt/ros/jazzy/opt/sdformat_vendor/share/gz:/opt/ros/jazzy/opt/gz_gui_vendor/share/gz:/opt/ros/jazzy/opt/gz_transport_vendor/share/gz:/opt/ros/jazzy/opt/gz_rendering_vendor/share/gz:/opt/ros/jazzy/opt/gz_plugin_vendor/share/gz:/opt/ros/jazzy/opt/gz_fuel_tools_vendor/share/gz:/opt/ros/jazzy/opt/gz_msgs_vendor/share/gz:/opt/ros/jazzy/opt/gz_common_vendor/share/gz', 'XDG_SESSION_TYPE': 'x11', 'GIT_ASKPASS': '/usr/share/code/resources/app/extensions/git/dist/askpass.sh', 'SHLVL': '3', 'LD_LIBRARY_PATH': '/home/upo/TFG/ros2_ws/install/interfaces/lib:/home/upo/turtlebot3_ws/install/interfaces/lib:/opt/ros/jazzy/opt/gz_sim_vendor/lib:/opt/ros/jazzy/opt/gz_sensors_vendor/lib:/opt/ros/jazzy/opt/gz_physics_vendor/lib:/opt/ros/jazzy/opt/sdformat_vendor/lib:/opt/ros/jazzy/opt/rviz_ogre_vendor/lib:/opt/ros/jazzy/lib/x86_64-linux-gnu:/opt/ros/jazzy/opt/gz_gui_vendor/lib:/opt/ros/jazzy/opt/gz_transport_vendor/lib:/opt/ros/jazzy/opt/gz_rendering_vendor/lib:/opt/ros/jazzy/opt/gz_plugin_vendor/lib:/opt/ros/jazzy/opt/gz_fuel_tools_vendor/lib:/opt/ros/jazzy/opt/gz_msgs_vendor/lib:/opt/ros/jazzy/opt/gz_common_vendor/lib:/opt/ros/jazzy/opt/gz_math_vendor/lib:/opt/ros/jazzy/opt/gz_utils_vendor/lib:/opt/ros/jazzy/opt/gz_tools_vendor/lib:/opt/ros/jazzy/opt/gz_ogre_next_vendor/lib:/opt/ros/jazzy/opt/gz_dartsim_vendor/lib:/opt/ros/jazzy/opt/gz_cmake_vendor/lib:/opt/ros/jazzy/lib', 'HOME': '/home/upo', 'CHROME_DESKTOP': 'code.desktop', 'OLDPWD': '/home/upo/TFG', 'TERM_PROGRAM_VERSION': '1.126.0', 'DESKTOP_SESSION': 'ubuntu', 'ROS_PYTHON_VERSION': '3', 'GNOME_SHELL_SESSION_MODE': 'ubuntu', 'GTK_MODULES': 'gail:atk-bridge', 'VSCODE_GIT_ASKPASS_MAIN': '/usr/share/code/resources/app/extensions/git/dist/askpass-main.js', 'VSCODE_GIT_ASKPASS_NODE': '/usr/share/code/code', 'DBUS_STARTER_BUS_TYPE': 'session', 'SYSTEMD_EXEC_PID': '2495', 'VSCODE_PYTHON_AUTOACTIVATE_GUARD': '1', 'GSM_SKIP_SSH_AGENT_WORKAROUND': 'true', 'DBUS_SESSION_BUS_ADDRESS': 'unix:path=/run/user/1000/bus,guid=363d1e468aca3fabeca0c6d56a4df74b', 'COLORTERM': 'truecolor', 'DEBUGINFOD_URLS': 'https://debuginfod.ubuntu.com', 'COLCON_PREFIX_PATH': '/home/upo/turtlebot3_ws/install', 'ROS_DISTRO': 'jazzy', 'LOGNAME': 'upo', '_': '/usr/bin/colcon', 'ROS_VERSION': '2', 'MEMORY_PRESSURE_WATCH': '/sys/fs/cgroup/user.slice/user-1000.slice/user@1000.service/app.slice/app-gnome\\x2dsession\\x2dmanager.slice/gnome-session-manager@ubuntu.service/memory.pressure', 'CLAUDE_CODE_SSE_PORT': '55408', 'XDG_SESSION_CLASS': 'user', 'USERNAME': 'upo', 'TERM': 'xterm-256color', 'GNOME_DESKTOP_SESSION_ID': 'this-is-deprecated', 'FC_FONTATIONS': '1', 'WINDOWPATH': '2', 'PATH': '/home/upo/platform-tools:/home/upo/.npm-global/bin:/home/upo/.config/Code/User/globalStorage/github.copilot-chat/debugCommand:/home/upo/.config/Code/User/globalStorage/github.copilot-chat/copilotCli:/opt/ros/jazzy/opt/gz_msgs_vendor/bin:/opt/ros/jazzy/opt/gz_tools_vendor/bin:/opt/ros/jazzy/opt/gz_ogre_next_vendor/bin:/opt/ros/jazzy/bin:/home/upo/platform-tools:/home/upo/.npm-global/bin:/home/upo/.local/bin:/usr/local/sbin:/usr/local/bin:/usr/sbin:/usr/bin:/sbin:/bin:/usr/games:/usr/local/games:/snap/bin:/snap/bin', 'SESSION_MANAGER': 'local/upo-ASUS-TUF-Gaming-A15-FA507RR-TUF507RR:@/tmp/.ICE-unix/2495,unix/upo-ASUS-TUF-Gaming-A15-FA507RR-TUF507RR:/tmp/.ICE-unix/2495', 'XDG_MENU_PREFIX': 'gnome-', 'GNOME_TERMINAL_SCREEN': '/org/gnome/Terminal/screen/2478bdcd_4a6f_4f09_acc2_ea0ad9e073f2', 'XDG_RUNTIME_DIR': '/run/user/1000', 'GDK_BACKEND': 'x11', 'DISPLAY': ':0', 'LANG': 'en_US.UTF-8', 'XDG_CURRENT_DESKTOP': 'ubuntu:GNOME', 'XMODIFIERS': '@im=ibus', 'XDG_SESSION_DESKTOP': 'ubuntu', 'XAUTHORITY': '/run/user/1000/gdm/Xauthority', 'LS_COLORS': 'rs=0:di=01;34:ln=01;36:mh=00:pi=40;33:so=01;35:do=01;35:bd=40;33;01:cd=40;33;01:or=40;31;01:mi=00:su=37;41:sg=30;43:ca=00:tw=30;42:ow=34;42:st=37;44:ex=01;32:*.tar=01;31:*.tgz=01;31:*.arc=01;31:*.arj=01;31:*.taz=01;31:*.lha=01;31:*.lz4=01;31:*.lzh=01;31:*.lzma=01;31:*.tlz=01;31:*.txz=01;31:*.tzo=01;31:*.t7z=01;31:*.zip=01;31:*.z=01;31:*.dz=01;31:*.gz=01;31:*.lrz=01;31:*.lz=01;31:*.lzo=01;31:*.xz=01;31:*.zst=01;31:*.tzst=01;31:*.bz2=01;31:*.bz=01;31:*.tbz=01;31:*.tbz2=01;31:*.tz=01;31:*.deb=01;31:*.rpm=01;31:*.jar=01;31:*.war=01;31:*.ear=01;31:*.sar=01;31:*.rar=01;31:*.alz=01;31:*.ace=01;31:*.zoo=01;31:*.cpio=01;31:*.7z=01;31:*.rz=01;31:*.cab=01;31:*.wim=01;31:*.swm=01;31:*.dwm=01;31:*.esd=01;31:*.avif=01;35:*.jpg=01;35:*.jpeg=01;35:*.mjpg=01;35:*.mjpeg=01;35:*.gif=01;35:*.bmp=01;35:*.pbm=01;35:*.pgm=01;35:*.ppm=01;35:*.tga=01;35:*.xbm=01;35:*.xpm=01;35:*.tif=01;35:*.tiff=01;35:*.png=01;35:*.svg=01;35:*.svgz=01;35:*.mng=01;35:*.pcx=01;35:*.mov=01;35:*.mpg=01;35:*.mpeg=01;35:*.m2v=01;35:*.mkv=01;35:*.webm=01;35:*.webp=01;35:*.ogm=01;35:*.mp4=01;35:*.m4v=01;35:*.mp4v=01;35:*.vob=01;35:*.qt=01;35:*.nuv=01;35:*.wmv=01;35:*.asf=01;35:*.rm=01;35:*.rmvb=01;35:*.flc=01;35:*.avi=01;35:*.fli=01;35:*.flv=01;35:*.gl=01;35:*.dl=01;35:*.xcf=01;35:*.xwd=01;35:*.yuv=01;35:*.cgm=01;35:*.emf=01;35:*.ogv=01;35:*.ogx=01;35:*.aac=00;36:*.au=00;36:*.flac=00;36:*.m4a=00;36:*.mid=00;36:*.midi=00;36:*.mka=00;36:*.mp3=00;36:*.mpc=00;36:*.ogg=00;36:*.ra=00;36:*.wav=00;36:*.oga=00;36:*.opus=00;36:*.spx=00;36:*.xspf=00;36:*~=00;90:*#=00;90:*.bak=00;90:*.crdownload=00;90:*.dpkg-dist=00;90:*.dpkg-new=00;90:*.dpkg-old=00;90:*.dpkg-tmp=00;90:*.old=00;90:*.orig=00;90:*.part=00;90:*.rej=00;90:*.rpmnew=00;90:*.rpmorig=00;90:*.rpmsave=00;90:*.swp=00;90:*.tmp=00;90:*.ucf-dist=00;90:*.ucf-new=00;90:*.ucf-old=00;90:', 'VSCODE_GIT_IPC_HANDLE': '/run/user/1000/vscode-git-466a10eeed.sock', 'GNOME_TERMINAL_SERVICE': ':1.153', 'TERM_PROGRAM': 'vscode', 'SSH_AUTH_SOCK': '/run/user/1000/keyring/ssh', 'AMENT_PREFIX_PATH': '/home/upo/TFG/ros2_ws/install/interfaces:/home/upo/turtlebot3_ws/install/userCommunication:/home/upo/turtlebot3_ws/install/turtlebot3:/home/upo/turtlebot3_ws/install/turtlebot3_teleop:/home/upo/turtlebot3_ws/install/turtlebot3_simulations:/home/upo/turtlebot3_ws/install/turtlebot3_bringup:/home/upo/turtlebot3_ws/install/turtlebot3_node:/home/upo/turtlebot3_ws/install/turtlebot3_navigation2:/home/upo/turtlebot3_ws/install/turtlebot3_gazebo:/home/upo/turtlebot3_ws/install/turtlebot3_fake_node:/home/upo/turtlebot3_ws/install/turtlebot3_example:/home/upo/turtlebot3_ws/install/turtlebot3_description:/home/upo/turtlebot3_ws/install/turtlebot3_cartographer:/home/upo/turtlebot3_ws/install/robotMovement:/home/upo/turtlebot3_ws/install/robotCommunication:/home/upo/turtlebot3_ws/install/VLMProcessing:/home/upo/turtlebot3_ws/install/interfaces:/opt/ros/jazzy', 'SHELL': '/bin/bash', 'QT_ACCESSIBILITY': '1', 'GDMSESSION': 'ubuntu', 'LESSCLOSE': '/usr/bin/lesspipe %s %s', 'GPG_AGENT_INFO': '/run/user/1000/gnupg/S.gpg-agent:0:1', 'ROS_AUTOMATIC_DISCOVERY_RANGE': 'SUBNET', 'VSCODE_GIT_ASKPASS_EXTRA_ARGS': '', 'QT_IM_MODULE': 'ibus', 'PWD': '/home/upo/TFG/ros2_ws/build/robotCommunication', 'TURTLEBOT3_MODEL': 'waffle', 'LC_ALL': 'en_US.UTF-8', 'XDG_CONFIG_DIRS': '/etc/xdg/xdg-ubuntu:/etc/xdg', 'COPILOT_DEBUG_NONCE': 'b1d28ae3d882b8fabe7a3762c8804e8c', 'DBUS_STARTER_ADDRESS': 'unix:path=/run/user/1000/bus,guid=363d1e468aca3fabeca0c6d56a4df74b', 'XDG_DATA_DIRS': '/usr/share/ubuntu:/usr/share/gnome:/home/upo/.local/share/flatpak/exports/share:/var/lib/flatpak/exports/share:/usr/local/share/:/usr/share/:/var/lib/snapd/desktop', 'PYTHONPATH': '/home/upo/TFG/ros2_ws/build/robotCommunication/prefix_override:/usr/lib/python3/dist-packages/colcon_core/task/python/colcon_distutils_commands:/home/upo/TFG/ros2_ws/install/robotCommunication/lib/python3.12/site-packages:/home/upo/TFG/ros2_ws/install/interfaces/lib/python3.12/site-packages:/home/upo/turtlebot3_ws/install/userCommunication/lib/python3.12/site-packages:/home/upo/turtlebot3_ws/build/turtlebot3_teleop:/home/upo/turtlebot3_ws/install/turtlebot3_teleop/lib/python3.12/site-packages:/home/upo/turtlebot3_ws/build/turtlebot3_example:/home/upo/turtlebot3_ws/install/turtlebot3_example/lib/python3.12/site-packages:/home/upo/turtlebot3_ws/install/robotMovement/lib/python3.12/site-packages:/home/upo/turtlebot3_ws/install/robotCommunication/lib/python3.12/site-packages:/home/upo/turtlebot3_ws/install/VLMProcessing/lib/python3.12/site-packages:/home/upo/turtlebot3_ws/install/interfaces/lib/python3.12/site-packages:/opt/ros/jazzy/lib/python3.12/site-packages', 'COLCON': '1', 'MEMORY_PRESSURE_WRITE': 'c29tZSAyMDAwMDAgMjAwMDAwMAA=', 'VTE_VERSION': '7600', 'CMAKE_PREFIX_PATH': '/home/upo/TFG/ros2_ws/install/interfaces:/home/upo/turtlebot3_ws/install/turtlebot3:/home/upo/turtlebot3_ws/install/turtlebot3_simulations:/home/upo/turtlebot3_ws/install/turtlebot3_bringup:/home/upo/turtlebot3_ws/install/turtlebot3_node:/home/upo/turtlebot3_ws/install/turtlebot3_navigation2:/home/upo/turtlebot3_ws/install/turtlebot3_gazebo:/home/upo/turtlebot3_ws/install/turtlebot3_fake_node:/home/upo/turtlebot3_ws/install/turtlebot3_description:/home/upo/turtlebot3_ws/install/turtlebot3_cartographer:/home/upo/turtlebot3_ws/install/interfaces:/opt/ros/jazzy/opt/gz_sim_vendor:/opt/ros/jazzy/opt/gz_sensors_vendor:/opt/ros/jazzy/opt/gz_physics_vendor:/opt/ros/jazzy/opt/sdformat_vendor:/opt/ros/jazzy/opt/gz_gui_vendor:/opt/ros/jazzy/opt/gz_transport_vendor:/opt/ros/jazzy/opt/gz_rendering_vendor:/opt/ros/jazzy/opt/gz_plugin_vendor:/opt/ros/jazzy/opt/gz_fuel_tools_vendor:/opt/ros/jazzy/opt/gz_msgs_vendor:/opt/ros/jazzy/opt/gz_common_vendor:/opt/ros/jazzy/opt/gz_math_vendor:/opt/ros/jazzy/opt/gz_utils_vendor:/opt/ros/jazzy/opt/gz_tools_vendor:/opt/ros/jazzy/opt/gz_ogre_next_vendor:/opt/ros/jazzy/opt/gz_dartsim_vendor:/opt/ros/jazzy/opt/gz_cmake_vendor'}, 'shell': False}
[2.417902] (robotMovement) Command: {'cmd': ['/usr/bin/python3', '-W', 'ignore:setup.py install is deprecated', '-W', 'ignore:easy_install command is deprecated', 'setup.py', 'develop', '--editable', '--build-directory', '/home/upo/TFG/ros2_ws/build/robotMovement/build', '--no-deps', 'symlink_data'], 'cwd': '/home/upo/TFG/ros2_ws/build/robotMovement', 'env': {'LESSOPEN': '| /usr/bin/lesspipe %s', 'GZ_SIM_RESOURCE_PATH': '/opt/ros/jazzy/share', 'USER': 'upo', 'GZ_CONFIG_PATH': '/opt/ros/jazzy/opt/gz_sim_vendor/share/gz:/opt/ros/jazzy/opt/sdformat_vendor/share/gz:/opt/ros/jazzy/opt/gz_gui_vendor/share/gz:/opt/ros/jazzy/opt/gz_transport_vendor/share/gz:/opt/ros/jazzy/opt/gz_rendering_vendor/share/gz:/opt/ros/jazzy/opt/gz_plugin_vendor/share/gz:/opt/ros/jazzy/opt/gz_fuel_tools_vendor/share/gz:/opt/ros/jazzy/opt/gz_msgs_vendor/share/gz:/opt/ros/jazzy/opt/gz_common_vendor/share/gz', 'XDG_SESSION_TYPE': 'x11', 'GIT_ASKPASS': '/usr/share/code/resources/app/extensions/git/dist/askpass.sh', 'SHLVL': '3', 'LD_LIBRARY_PATH': '/home/upo/TFG/ros2_ws/install/interfaces/lib:/home/upo/turtlebot3_ws/install/interfaces/lib:/opt/ros/jazzy/opt/gz_sim_vendor/lib:/opt/ros/jazzy/opt/gz_sensors_vendor/lib:/opt/ros/jazzy/opt/gz_physics_vendor/lib:/opt/ros/jazzy/opt/sdformat_vendor/lib:/opt/ros/jazzy/opt/rviz_ogre_vendor/lib:/opt/ros/jazzy/lib/x86_64-linux-gnu:/opt/ros/jazzy/opt/gz_gui_vendor/lib:/opt/ros/jazzy/opt/gz_transport_vendor/lib:/opt/ros/jazzy/opt/gz_rendering_vendor/lib:/opt/ros/jazzy/opt/gz_plugin_vendor/lib:/opt/ros/jazzy/opt/gz_fuel_tools_vendor/lib:/opt/ros/jazzy/opt/gz_msgs_vendor/lib:/opt/ros/jazzy/opt/gz_common_vendor/lib:/opt/ros/jazzy/opt/gz_math_vendor/lib:/opt/ros/jazzy/opt/gz_utils_vendor/lib:/opt/ros/jazzy/opt/gz_tools_vendor/lib:/opt/ros/jazzy/opt/gz_ogre_next_vendor/lib:/opt/ros/jazzy/opt/gz_dartsim_vendor/lib:/opt/ros/jazzy/opt/gz_cmake_vendor/lib:/opt/ros/jazzy/lib', 'HOME': '/home/upo', 'CHROME_DESKTOP': 'code.desktop', 'OLDPWD': '/home/upo/TFG', 'TERM_PROGRAM_VERSION': '1.126.0', 'DESKTOP_SESSION': 'ubuntu', 'ROS_PYTHON_VERSION': '3', 'GNOME_SHELL_SESSION_MODE': 'ubuntu', 'GTK_MODULES': 'gail:atk-bridge', 'VSCODE_GIT_ASKPASS_MAIN': '/usr/share/code/resources/app/extensions/git/dist/askpass-main.js', 'VSCODE_GIT_ASKPASS_NODE': '/usr/share/code/code', 'DBUS_STARTER_BUS_TYPE': 'session', 'SYSTEMD_EXEC_PID': '2495', 'VSCODE_PYTHON_AUTOACTIVATE_GUARD': '1', 'GSM_SKIP_SSH_AGENT_WORKAROUND': 'true', 'DBUS_SESSION_BUS_ADDRESS': 'unix:path=/run/user/1000/bus,guid=363d1e468aca3fabeca0c6d56a4df74b', 'COLORTERM': 'truecolor', 'DEBUGINFOD_URLS': 'https://debuginfod.ubuntu.com', 'COLCON_PREFIX_PATH': '/home/upo/turtlebot3_ws/install', 'ROS_DISTRO': 'jazzy', 'LOGNAME': 'upo', '_': '/usr/bin/colcon', 'ROS_VERSION': '2', 'MEMORY_PRESSURE_WATCH': '/sys/fs/cgroup/user.slice/user-1000.slice/user@1000.service/app.slice/app-gnome\\x2dsession\\x2dmanager.slice/gnome-session-manager@ubuntu.service/memory.pressure', 'CLAUDE_CODE_SSE_PORT': '55408', 'XDG_SESSION_CLASS': 'user', 'USERNAME': 'upo', 'TERM': 'xterm-256color', 'GNOME_DESKTOP_SESSION_ID': 'this-is-deprecated', 'FC_FONTATIONS': '1', 'WINDOWPATH': '2', 'PATH': '/home/upo/platform-tools:/home/upo/.npm-global/bin:/home/upo/.config/Code/User/globalStorage/github.copilot-chat/debugCommand:/home/upo/.config/Code/User/globalStorage/github.copilot-chat/copilotCli:/opt/ros/jazzy/opt/gz_msgs_vendor/bin:/opt/ros/jazzy/opt/gz_tools_vendor/bin:/opt/ros/jazzy/opt/gz_ogre_next_vendor/bin:/opt/ros/jazzy/bin:/home/upo/platform-tools:/home/upo/.npm-global/bin:/home/upo/.local/bin:/usr/local/sbin:/usr/local/bin:/usr/sbin:/usr/bin:/sbin:/bin:/usr/games:/usr/local/games:/snap/bin:/snap/bin', 'SESSION_MANAGER': 'local/upo-ASUS-TUF-Gaming-A15-FA507RR-TUF507RR:@/tmp/.ICE-unix/2495,unix/upo-ASUS-TUF-Gaming-A15-FA507RR-TUF507RR:/tmp/.ICE-unix/2495', 'XDG_MENU_PREFIX': 'gnome-', 'GNOME_TERMINAL_SCREEN': '/org/gnome/Terminal/screen/2478bdcd_4a6f_4f09_acc2_ea0ad9e073f2', 'XDG_RUNTIME_DIR': '/run/user/1000', 'GDK_BACKEND': 'x11', 'DISPLAY': ':0', 'LANG': 'en_US.UTF-8', 'XDG_CURRENT_DESKTOP': 'ubuntu:GNOME', 'XMODIFIERS': '@im=ibus', 'XDG_SESSION_DESKTOP': 'ubuntu', 'XAUTHORITY': '/run/user/1000/gdm/Xauthority', 'LS_COLORS': 'rs=0:di=01;34:ln=01;36:mh=00:pi=40;33:so=01;35:do=01;35:bd=40;33;01:cd=40;33;01:or=40;31;01:mi=00:su=37;41:sg=30;43:ca=00:tw=30;42:ow=34;42:st=37;44:ex=01;32:*.tar=01;31:*.tgz=01;31:*.arc=01;31:*.arj=01;31:*.taz=01;31:*.lha=01;31:*.lz4=01;31:*.lzh=01;31:*.lzma=01;31:*.tlz=01;31:*.txz=01;31:*.tzo=01;31:*.t7z=01;31:*.zip=01;31:*.z=01;31:*.dz=01;31:*.gz=01;31:*.lrz=01;31:*.lz=01;31:*.lzo=01;31:*.xz=01;31:*.zst=01;31:*.tzst=01;31:*.bz2=01;31:*.bz=01;31:*.tbz=01;31:*.tbz2=01;31:*.tz=01;31:*.deb=01;31:*.rpm=01;31:*.jar=01;31:*.war=01;31:*.ear=01;31:*.sar=01;31:*.rar=01;31:*.alz=01;31:*.ace=01;31:*.zoo=01;31:*.cpio=01;31:*.7z=01;31:*.rz=01;31:*.cab=01;31:*.wim=01;31:*.swm=01;31:*.dwm=01;31:*.esd=01;31:*.avif=01;35:*.jpg=01;35:*.jpeg=01;35:*.mjpg=01;35:*.mjpeg=01;35:*.gif=01;35:*.bmp=01;35:*.pbm=01;35:*.pgm=01;35:*.ppm=01;35:*.tga=01;35:*.xbm=01;35:*.xpm=01;35:*.tif=01;35:*.tiff=01;35:*.png=01;35:*.svg=01;35:*.svgz=01;35:*.mng=01;35:*.pcx=01;35:*.mov=01;35:*.mpg=01;35:*.mpeg=01;35:*.m2v=01;35:*.mkv=01;35:*.webm=01;35:*.webp=01;35:*.ogm=01;35:*.mp4=01;35:*.m4v=01;35:*.mp4v=01;35:*.vob=01;35:*.qt=01;35:*.nuv=01;35:*.wmv=01;35:*.asf=01;35:*.rm=01;35:*.rmvb=01;35:*.flc=01;35:*.avi=01;35:*.fli=01;35:*.flv=01;35:*.gl=01;35:*.dl=01;35:*.xcf=01;35:*.xwd=01;35:*.yuv=01;35:*.cgm=01;35:*.emf=01;35:*.ogv=01;35:*.ogx=01;35:*.aac=00;36:*.au=00;36:*.flac=00;36:*.m4a=00;36:*.mid=00;36:*.midi=00;36:*.mka=00;36:*.mp3=00;36:*.mpc=00;36:*.ogg=00;36:*.ra=00;36:*.wav=00;36:*.oga=00;36:*.opus=00;36:*.spx=00;36:*.xspf=00;36:*~=00;90:*#=00;90:*.bak=00;90:*.crdownload=00;90:*.dpkg-dist=00;90:*.dpkg-new=00;90:*.dpkg-old=00;90:*.dpkg-tmp=00;90:*.old=00;90:*.orig=00;90:*.part=00;90:*.rej=00;90:*.rpmnew=00;90:*.rpmorig=00;90:*.rpmsave=00;90:*.swp=00;90:*.tmp=00;90:*.ucf-dist=00;90:*.ucf-new=00;90:*.ucf-old=00;90:', 'VSCODE_GIT_IPC_HANDLE': '/run/user/1000/vscode-git-466a10eeed.sock', 'GNOME_TERMINAL_SERVICE': ':1.153', 'TERM_PROGRAM': 'vscode', 'SSH_AUTH_SOCK': '/run/user/1000/keyring/ssh', 'AMENT_PREFIX_PATH': '/home/upo/TFG/ros2_ws/install/interfaces:/home/upo/turtlebot3_ws/install/userCommunication:/home/upo/turtlebot3_ws/install/turtlebot3:/home/upo/turtlebot3_ws/install/turtlebot3_teleop:/home/upo/turtlebot3_ws/install/turtlebot3_simulations:/home/upo/turtlebot3_ws/install/turtlebot3_bringup:/home/upo/turtlebot3_ws/install/turtlebot3_node:/home/upo/turtlebot3_ws/install/turtlebot3_navigation2:/home/upo/turtlebot3_ws/install/turtlebot3_gazebo:/home/upo/turtlebot3_ws/install/turtlebot3_fake_node:/home/upo/turtlebot3_ws/install/turtlebot3_example:/home/upo/turtlebot3_ws/install/turtlebot3_description:/home/upo/turtlebot3_ws/install/turtlebot3_cartographer:/home/upo/turtlebot3_ws/install/robotMovement:/home/upo/turtlebot3_ws/install/robotCommunication:/home/upo/turtlebot3_ws/install/VLMProcessing:/home/upo/turtlebot3_ws/install/interfaces:/opt/ros/jazzy', 'SHELL': '/bin/bash', 'QT_ACCESSIBILITY': '1', 'GDMSESSION': 'ubuntu', 'LESSCLOSE': '/usr/bin/lesspipe %s %s', 'GPG_AGENT_INFO': '/run/user/1000/gnupg/S.gpg-agent:0:1', 'ROS_AUTOMATIC_DISCOVERY_RANGE': 'SUBNET', 'VSCODE_GIT_ASKPASS_EXTRA_ARGS': '', 'QT_IM_MODULE': 'ibus', 'PWD': '/home/upo/TFG/ros2_ws/build/robotMovement', 'TURTLEBOT3_MODEL': 'waffle', 'LC_ALL': 'en_US.UTF-8', 'XDG_CONFIG_DIRS': '/etc/xdg/xdg-ubuntu:/etc/xdg', 'COPILOT_DEBUG_NONCE': 'b1d28ae3d882b8fabe7a3762c8804e8c', 'DBUS_STARTER_ADDRESS': 'unix:path=/run/user/1000/bus,guid=363d1e468aca3fabeca0c6d56a4df74b', 'XDG_DATA_DIRS': '/usr/share/ubuntu:/usr/share/gnome:/home/upo/.local/share/flatpak/exports/share:/var/lib/flatpak/exports/share:/usr/local/share/:/usr/share/:/var/lib/snapd/desktop', 'PYTHONPATH': '/home/upo/TFG/ros2_ws/build/robotMovement/prefix_override:/usr/lib/python3/dist-packages/colcon_core/task/python/colcon_distutils_commands:/home/upo/TFG/ros2_ws/install/robotMovement/lib/python3.12/site-packages:/home/upo/TFG/ros2_ws/install/interfaces/lib/python3.12/site-packages:/home/upo/turtlebot3_ws/install/userCommunication/lib/python3.12/site-packages:/home/upo/turtlebot3_ws/build/turtlebot3_teleop:/home/upo/turtlebot3_ws/install/turtlebot3_teleop/lib/python3.12/site-packages:/home/upo/turtlebot3_ws/build/turtlebot3_example:/home/upo/turtlebot3_ws/install/turtlebot3_example/lib/python3.12/site-packages:/home/upo/turtlebot3_ws/install/robotMovement/lib/python3.12/site-packages:/home/upo/turtlebot3_ws/install/robotCommunication/lib/python3.12/site-packages:/home/upo/turtlebot3_ws/install/VLMProcessing/lib/python3.12/site-packages:/home/upo/turtlebot3_ws/install/interfaces/lib/python3.12/site-packages:/opt/ros/jazzy/lib/python3.12/site-packages', 'COLCON': '1', 'MEMORY_PRESSURE_WRITE': 'c29tZSAyMDAwMDAgMjAwMDAwMAA=', 'VTE_VERSION': '7600', 'CMAKE_PREFIX_PATH': '/home/upo/TFG/ros2_ws/install/interfaces:/home/upo/turtlebot3_ws/install/turtlebot3:/home/upo/turtlebot3_ws/install/turtlebot3_simulations:/home/upo/turtlebot3_ws/install/turtlebot3_bringup:/home/upo/turtlebot3_ws/install/turtlebot3_node:/home/upo/turtlebot3_ws/install/turtlebot3_navigation2:/home/upo/turtlebot3_ws/install/turtlebot3_gazebo:/home/upo/turtlebot3_ws/install/turtlebot3_fake_node:/home/upo/turtlebot3_ws/install/turtlebot3_description:/home/upo/turtlebot3_ws/install/turtlebot3_cartographer:/home/upo/turtlebot3_ws/install/interfaces:/opt/ros/jazzy/opt/gz_sim_vendor:/opt/ros/jazzy/opt/gz_sensors_vendor:/opt/ros/jazzy/opt/gz_physics_vendor:/opt/ros/jazzy/opt/sdformat_vendor:/opt/ros/jazzy/opt/gz_gui_vendor:/opt/ros/jazzy/opt/gz_transport_vendor:/opt/ros/jazzy/opt/gz_rendering_vendor:/opt/ros/jazzy/opt/gz_plugin_vendor:/opt/ros/jazzy/opt/gz_fuel_tools_vendor:/opt/ros/jazzy/opt/gz_msgs_vendor:/opt/ros/jazzy/opt/gz_common_vendor:/opt/ros/jazzy/opt/gz_math_vendor:/opt/ros/jazzy/opt/gz_utils_vendor:/opt/ros/jazzy/opt/gz_tools_vendor:/opt/ros/jazzy/opt/gz_ogre_next_vendor:/opt/ros/jazzy/opt/gz_dartsim_vendor:/opt/ros/jazzy/opt/gz_cmake_vendor'}, 'shell': False}
[2.428463] (userCommunication) StdoutLine: {'line': b'running build_ext\n'}
[2.428666] (userCommunication) StdoutLine: {'line': b'Creating /home/upo/TFG/ros2_ws/install/userCommunication/lib/python3.12/site-packages/userCommunication.egg-link (link to .)\n'}
[2.429240] (userCommunication) StdoutLine: {'line': b'Installing userCommunication script to /home/upo/TFG/ros2_ws/install/userCommunication/lib/userCommunication\n'}
[2.429516] (userCommunication) StdoutLine: {'line': b'\n'}
[2.429671] (userCommunication) StdoutLine: {'line': b'Installed /home/upo/TFG/ros2_ws/build/userCommunication\n'}
[2.429826] (userCommunication) StdoutLine: {'line': b'running symlink_data\n'}
[2.430765] (VLMProcessing) Command: {'cmd': ['/usr/bin/python3', '-W', 'ignore:setup.py install is deprecated', '-W', 'ignore:easy_install command is deprecated', 'setup.py', 'develop', '--editable', '--build-directory', '/home/upo/TFG/ros2_ws/build/VLMProcessing/build', '--no-deps', 'symlink_data'], 'cwd': '/home/upo/TFG/ros2_ws/build/VLMProcessing', 'env': {'LESSOPEN': '| /usr/bin/lesspipe %s', 'GZ_SIM_RESOURCE_PATH': '/opt/ros/jazzy/share', 'USER': 'upo', 'GZ_CONFIG_PATH': '/opt/ros/jazzy/opt/gz_sim_vendor/share/gz:/opt/ros/jazzy/opt/sdformat_vendor/share/gz:/opt/ros/jazzy/opt/gz_gui_vendor/share/gz:/opt/ros/jazzy/opt/gz_transport_vendor/share/gz:/opt/ros/jazzy/opt/gz_rendering_vendor/share/gz:/opt/ros/jazzy/opt/gz_plugin_vendor/share/gz:/opt/ros/jazzy/opt/gz_fuel_tools_vendor/share/gz:/opt/ros/jazzy/opt/gz_msgs_vendor/share/gz:/opt/ros/jazzy/opt/gz_common_vendor/share/gz', 'XDG_SESSION_TYPE': 'x11', 'GIT_ASKPASS': '/usr/share/code/resources/app/extensions/git/dist/askpass.sh', 'SHLVL': '3', 'LD_LIBRARY_PATH': '/home/upo/TFG/ros2_ws/install/interfaces/lib:/home/upo/turtlebot3_ws/install/interfaces/lib:/opt/ros/jazzy/opt/gz_sim_vendor/lib:/opt/ros/jazzy/opt/gz_sensors_vendor/lib:/opt/ros/jazzy/opt/gz_physics_vendor/lib:/opt/ros/jazzy/opt/sdformat_vendor/lib:/opt/ros/jazzy/opt/rviz_ogre_vendor/lib:/opt/ros/jazzy/lib/x86_64-linux-gnu:/opt/ros/jazzy/opt/gz_gui_vendor/lib:/opt/ros/jazzy/opt/gz_transport_vendor/lib:/opt/ros/jazzy/opt/gz_rendering_vendor/lib:/opt/ros/jazzy/opt/gz_plugin_vendor/lib:/opt/ros/jazzy/opt/gz_fuel_tools_vendor/lib:/opt/ros/jazzy/opt/gz_msgs_vendor/lib:/opt/ros/jazzy/opt/gz_common_vendor/lib:/opt/ros/jazzy/opt/gz_math_vendor/lib:/opt/ros/jazzy/opt/gz_utils_vendor/lib:/opt/ros/jazzy/opt/gz_tools_vendor/lib:/opt/ros/jazzy/opt/gz_ogre_next_vendor/lib:/opt/ros/jazzy/opt/gz_dartsim_vendor/lib:/opt/ros/jazzy/opt/gz_cmake_vendor/lib:/opt/ros/jazzy/lib', 'HOME': '/home/upo', 'CHROME_DESKTOP': 'code.desktop', 'OLDPWD': '/home/upo/TFG', 'TERM_PROGRAM_VERSION': '1.126.0', 'DESKTOP_SESSION': 'ubuntu', 'ROS_PYTHON_VERSION': '3', 'GNOME_SHELL_SESSION_MODE': 'ubuntu', 'GTK_MODULES': 'gail:atk-bridge', 'VSCODE_GIT_ASKPASS_MAIN': '/usr/share/code/resources/app/extensions/git/dist/askpass-main.js', 'VSCODE_GIT_ASKPASS_NODE': '/usr/share/code/code', 'DBUS_STARTER_BUS_TYPE': 'session', 'SYSTEMD_EXEC_PID': '2495', 'VSCODE_PYTHON_AUTOACTIVATE_GUARD': '1', 'GSM_SKIP_SSH_AGENT_WORKAROUND': 'true', 'DBUS_SESSION_BUS_ADDRESS': 'unix:path=/run/user/1000/bus,guid=363d1e468aca3fabeca0c6d56a4df74b', 'COLORTERM': 'truecolor', 'DEBUGINFOD_URLS': 'https://debuginfod.ubuntu.com', 'COLCON_PREFIX_PATH': '/home/upo/turtlebot3_ws/install', 'ROS_DISTRO': 'jazzy', 'LOGNAME': 'upo', '_': '/usr/bin/colcon', 'ROS_VERSION': '2', 'MEMORY_PRESSURE_WATCH': '/sys/fs/cgroup/user.slice/user-1000.slice/user@1000.service/app.slice/app-gnome\\x2dsession\\x2dmanager.slice/gnome-session-manager@ubuntu.service/memory.pressure', 'CLAUDE_CODE_SSE_PORT': '55408', 'XDG_SESSION_CLASS': 'user', 'USERNAME': 'upo', 'TERM': 'xterm-256color', 'GNOME_DESKTOP_SESSION_ID': 'this-is-deprecated', 'FC_FONTATIONS': '1', 'WINDOWPATH': '2', 'PATH': '/home/upo/platform-tools:/home/upo/.npm-global/bin:/home/upo/.config/Code/User/globalStorage/github.copilot-chat/debugCommand:/home/upo/.config/Code/User/globalStorage/github.copilot-chat/copilotCli:/opt/ros/jazzy/opt/gz_msgs_vendor/bin:/opt/ros/jazzy/opt/gz_tools_vendor/bin:/opt/ros/jazzy/opt/gz_ogre_next_vendor/bin:/opt/ros/jazzy/bin:/home/upo/platform-tools:/home/upo/.npm-global/bin:/home/upo/.local/bin:/usr/local/sbin:/usr/local/bin:/usr/sbin:/usr/bin:/sbin:/bin:/usr/games:/usr/local/games:/snap/bin:/snap/bin', 'SESSION_MANAGER': 'local/upo-ASUS-TUF-Gaming-A15-FA507RR-TUF507RR:@/tmp/.ICE-unix/2495,unix/upo-ASUS-TUF-Gaming-A15-FA507RR-TUF507RR:/tmp/.ICE-unix/2495', 'XDG_MENU_PREFIX': 'gnome-', 'GNOME_TERMINAL_SCREEN': '/org/gnome/Terminal/screen/2478bdcd_4a6f_4f09_acc2_ea0ad9e073f2', 'XDG_RUNTIME_DIR': '/run/user/1000', 'GDK_BACKEND': 'x11', 'DISPLAY': ':0', 'LANG': 'en_US.UTF-8', 'XDG_CURRENT_DESKTOP': 'ubuntu:GNOME', 'XMODIFIERS': '@im=ibus', 'XDG_SESSION_DESKTOP': 'ubuntu', 'XAUTHORITY': '/run/user/1000/gdm/Xauthority', 'LS_COLORS': 'rs=0:di=01;34:ln=01;36:mh=00:pi=40;33:so=01;35:do=01;35:bd=40;33;01:cd=40;33;01:or=40;31;01:mi=00:su=37;41:sg=30;43:ca=00:tw=30;42:ow=34;42:st=37;44:ex=01;32:*.tar=01;31:*.tgz=01;31:*.arc=01;31:*.arj=01;31:*.taz=01;31:*.lha=01;31:*.lz4=01;31:*.lzh=01;31:*.lzma=01;31:*.tlz=01;31:*.txz=01;31:*.tzo=01;31:*.t7z=01;31:*.zip=01;31:*.z=01;31:*.dz=01;31:*.gz=01;31:*.lrz=01;31:*.lz=01;31:*.lzo=01;31:*.xz=01;31:*.zst=01;31:*.tzst=01;31:*.bz2=01;31:*.bz=01;31:*.tbz=01;31:*.tbz2=01;31:*.tz=01;31:*.deb=01;31:*.rpm=01;31:*.jar=01;31:*.war=01;31:*.ear=01;31:*.sar=01;31:*.rar=01;31:*.alz=01;31:*.ace=01;31:*.zoo=01;31:*.cpio=01;31:*.7z=01;31:*.rz=01;31:*.cab=01;31:*.wim=01;31:*.swm=01;31:*.dwm=01;31:*.esd=01;31:*.avif=01;35:*.jpg=01;35:*.jpeg=01;35:*.mjpg=01;35:*.mjpeg=01;35:*.gif=01;35:*.bmp=01;35:*.pbm=01;35:*.pgm=01;35:*.ppm=01;35:*.tga=01;35:*.xbm=01;35:*.xpm=01;35:*.tif=01;35:*.tiff=01;35:*.png=01;35:*.svg=01;35:*.svgz=01;35:*.mng=01;35:*.pcx=01;35:*.mov=01;35:*.mpg=01;35:*.mpeg=01;35:*.m2v=01;35:*.mkv=01;35:*.webm=01;35:*.webp=01;35:*.ogm=01;35:*.mp4=01;35:*.m4v=01;35:*.mp4v=01;35:*.vob=01;35:*.qt=01;35:*.nuv=01;35:*.wmv=01;35:*.asf=01;35:*.rm=01;35:*.rmvb=01;35:*.flc=01;35:*.avi=01;35:*.fli=01;35:*.flv=01;35:*.gl=01;35:*.dl=01;35:*.xcf=01;35:*.xwd=01;35:*.yuv=01;35:*.cgm=01;35:*.emf=01;35:*.ogv=01;35:*.ogx=01;35:*.aac=00;36:*.au=00;36:*.flac=00;36:*.m4a=00;36:*.mid=00;36:*.midi=00;36:*.mka=00;36:*.mp3=00;36:*.mpc=00;36:*.ogg=00;36:*.ra=00;36:*.wav=00;36:*.oga=00;36:*.opus=00;36:*.spx=00;36:*.xspf=00;36:*~=00;90:*#=00;90:*.bak=00;90:*.crdownload=00;90:*.dpkg-dist=00;90:*.dpkg-new=00;90:*.dpkg-old=00;90:*.dpkg-tmp=00;90:*.old=00;90:*.orig=00;90:*.part=00;90:*.rej=00;90:*.rpmnew=00;90:*.rpmorig=00;90:*.rpmsave=00;90:*.swp=00;90:*.tmp=00;90:*.ucf-dist=00;90:*.ucf-new=00;90:*.ucf-old=00;90:', 'VSCODE_GIT_IPC_HANDLE': '/run/user/1000/vscode-git-466a10eeed.sock', 'GNOME_TERMINAL_SERVICE': ':1.153', 'TERM_PROGRAM': 'vscode', 'SSH_AUTH_SOCK': '/run/user/1000/keyring/ssh', 'AMENT_PREFIX_PATH': '/home/upo/TFG/ros2_ws/install/interfaces:/home/upo/turtlebot3_ws/install/userCommunication:/home/upo/turtlebot3_ws/install/turtlebot3:/home/upo/turtlebot3_ws/install/turtlebot3_teleop:/home/upo/turtlebot3_ws/install/turtlebot3_simulations:/home/upo/turtlebot3_ws/install/turtlebot3_bringup:/home/upo/turtlebot3_ws/install/turtlebot3_node:/home/upo/turtlebot3_ws/install/turtlebot3_navigation2:/home/upo/turtlebot3_ws/install/turtlebot3_gazebo:/home/upo/turtlebot3_ws/install/turtlebot3_fake_node:/home/upo/turtlebot3_ws/install/turtlebot3_example:/home/upo/turtlebot3_ws/install/turtlebot3_description:/home/upo/turtlebot3_ws/install/turtlebot3_cartographer:/home/upo/turtlebot3_ws/install/robotMovement:/home/upo/turtlebot3_ws/install/robotCommunication:/home/upo/turtlebot3_ws/install/VLMProcessing:/home/upo/turtlebot3_ws/install/interfaces:/opt/ros/jazzy', 'SHELL': '/bin/bash', 'QT_ACCESSIBILITY': '1', 'GDMSESSION': 'ubuntu', 'LESSCLOSE': '/usr/bin/lesspipe %s %s', 'GPG_AGENT_INFO': '/run/user/1000/gnupg/S.gpg-agent:0:1', 'ROS_AUTOMATIC_DISCOVERY_RANGE': 'SUBNET', 'VSCODE_GIT_ASKPASS_EXTRA_ARGS': '', 'QT_IM_MODULE': 'ibus', 'PWD': '/home/upo/TFG/ros2_ws/build/VLMProcessing', 'TURTLEBOT3_MODEL': 'waffle', 'LC_ALL': 'en_US.UTF-8', 'XDG_CONFIG_DIRS': '/etc/xdg/xdg-ubuntu:/etc/xdg', 'COPILOT_DEBUG_NONCE': 'b1d28ae3d882b8fabe7a3762c8804e8c', 'DBUS_STARTER_ADDRESS': 'unix:path=/run/user/1000/bus,guid=363d1e468aca3fabeca0c6d56a4df74b', 'XDG_DATA_DIRS': '/usr/share/ubuntu:/usr/share/gnome:/home/upo/.local/share/flatpak/exports/share:/var/lib/flatpak/exports/share:/usr/local/share/:/usr/share/:/var/lib/snapd/desktop', 'PYTHONPATH': '/home/upo/TFG/ros2_ws/build/VLMProcessing/prefix_override:/usr/lib/python3/dist-packages/colcon_core/task/python/colcon_distutils_commands:/home/upo/TFG/ros2_ws/install/VLMProcessing/lib/python3.12/site-packages:/home/upo/TFG/ros2_ws/install/interfaces/lib/python3.12/site-packages:/home/upo/turtlebot3_ws/install/userCommunication/lib/python3.12/site-packages:/home/upo/turtlebot3_ws/build/turtlebot3_teleop:/home/upo/turtlebot3_ws/install/turtlebot3_teleop/lib/python3.12/site-packages:/home/upo/turtlebot3_ws/build/turtlebot3_example:/home/upo/turtlebot3_ws/install/turtlebot3_example/lib/python3.12/site-packages:/home/upo/turtlebot3_ws/install/robotMovement/lib/python3.12/site-packages:/home/upo/turtlebot3_ws/install/robotCommunication/lib/python3.12/site-packages:/home/upo/turtlebot3_ws/install/VLMProcessing/lib/python3.12/site-packages:/home/upo/turtlebot3_ws/install/interfaces/lib/python3.12/site-packages:/opt/ros/jazzy/lib/python3.12/site-packages', 'COLCON': '1', 'MEMORY_PRESSURE_WRITE': 'c29tZSAyMDAwMDAgMjAwMDAwMAA=', 'VTE_VERSION': '7600', 'CMAKE_PREFIX_PATH': '/home/upo/TFG/ros2_ws/install/interfaces:/home/upo/turtlebot3_ws/install/turtlebot3:/home/upo/turtlebot3_ws/install/turtlebot3_simulations:/home/upo/turtlebot3_ws/install/turtlebot3_bringup:/home/upo/turtlebot3_ws/install/turtlebot3_node:/home/upo/turtlebot3_ws/install/turtlebot3_navigation2:/home/upo/turtlebot3_ws/install/turtlebot3_gazebo:/home/upo/turtlebot3_ws/install/turtlebot3_fake_node:/home/upo/turtlebot3_ws/install/turtlebot3_description:/home/upo/turtlebot3_ws/install/turtlebot3_cartographer:/home/upo/turtlebot3_ws/install/interfaces:/opt/ros/jazzy/opt/gz_sim_vendor:/opt/ros/jazzy/opt/gz_sensors_vendor:/opt/ros/jazzy/opt/gz_physics_vendor:/opt/ros/jazzy/opt/sdformat_vendor:/opt/ros/jazzy/opt/gz_gui_vendor:/opt/ros/jazzy/opt/gz_transport_vendor:/opt/ros/jazzy/opt/gz_rendering_vendor:/opt/ros/jazzy/opt/gz_plugin_vendor:/opt/ros/jazzy/opt/gz_fuel_tools_vendor:/opt/ros/jazzy/opt/gz_msgs_vendor:/opt/ros/jazzy/opt/gz_common_vendor:/opt/ros/jazzy/opt/gz_math_vendor:/opt/ros/jazzy/opt/gz_utils_vendor:/opt/ros/jazzy/opt/gz_tools_vendor:/opt/ros/jazzy/opt/gz_ogre_next_vendor:/opt/ros/jazzy/opt/gz_dartsim_vendor:/opt/ros/jazzy/opt/gz_cmake_vendor'}, 'shell': False}
[2.477160] (userCommunication) CommandEnded: {'returncode': 0}
[2.485327] (userCommunication) JobEnded: {'identifier': 'userCommunication', 'rc': 0}
[2.505149] (-) TimerEvent: {}
[2.605433] (-) TimerEvent: {}
[2.705820] (-) TimerEvent: {}
[2.781657] (robotCommunication) StdoutLine: {'line': b'running develop\n'}
[2.793006] (robotMovement) StdoutLine: {'line': b'running develop\n'}
[2.805108] (VLMProcessing) StdoutLine: {'line': b'running develop\n'}
[2.805888] (-) TimerEvent: {}
[2.906087] (-) TimerEvent: {}
[3.006380] (-) TimerEvent: {}
[3.020314] (robotCommunication) StdoutLine: {'line': b'running egg_info\n'}
[3.041170] (robotMovement) StdoutLine: {'line': b'running egg_info\n'}
[3.043893] (VLMProcessing) StdoutLine: {'line': b'running egg_info\n'}
[3.044894] (robotCommunication) StdoutLine: {'line': b'writing robotCommunication.egg-info/PKG-INFO\n'}
[3.045129] (robotCommunication) StdoutLine: {'line': b'writing dependency_links to robotCommunication.egg-info/dependency_links.txt\n'}
[3.045281] (robotCommunication) StdoutLine: {'line': b'writing entry points to robotCommunication.egg-info/entry_points.txt\n'}
[3.045432] (robotCommunication) StdoutLine: {'line': b'writing requirements to robotCommunication.egg-info/requires.txt\n'}
[3.045547] (robotCommunication) StdoutLine: {'line': b'writing top-level names to robotCommunication.egg-info/top_level.txt\n'}
[3.064615] (robotMovement) StdoutLine: {'line': b'writing robotMovement.egg-info/PKG-INFO\n'}
[3.065064] (robotMovement) StdoutLine: {'line': b'writing dependency_links to robotMovement.egg-info/dependency_links.txt\n'}
[3.065335] (robotMovement) StdoutLine: {'line': b'writing entry points to robotMovement.egg-info/entry_points.txt\n'}
[3.065594] (robotMovement) StdoutLine: {'line': b'writing requirements to robotMovement.egg-info/requires.txt\n'}
[3.065779] (robotMovement) StdoutLine: {'line': b'writing top-level names to robotMovement.egg-info/top_level.txt\n'}
[3.067846] (VLMProcessing) StdoutLine: {'line': b'writing VLMProcessing.egg-info/PKG-INFO\n'}
[3.068187] (VLMProcessing) StdoutLine: {'line': b'writing dependency_links to VLMProcessing.egg-info/dependency_links.txt\n'}
[3.068409] (VLMProcessing) StdoutLine: {'line': b'writing entry points to VLMProcessing.egg-info/entry_points.txt\n'}
[3.068578] (VLMProcessing) StdoutLine: {'line': b'writing requirements to VLMProcessing.egg-info/requires.txt\n'}
[3.068746] (VLMProcessing) StdoutLine: {'line': b'writing top-level names to VLMProcessing.egg-info/top_level.txt\n'}
[3.093196] (robotCommunication) StdoutLine: {'line': b"reading manifest file 'robotCommunication.egg-info/SOURCES.txt'\n"}
[3.093822] (robotCommunication) StdoutLine: {'line': b"writing manifest file 'robotCommunication.egg-info/SOURCES.txt'\n"}
[3.106453] (-) TimerEvent: {}
[3.114180] (robotMovement) StdoutLine: {'line': b"reading manifest file 'robotMovement.egg-info/SOURCES.txt'\n"}
[3.115015] (robotMovement) StdoutLine: {'line': b"writing manifest file 'robotMovement.egg-info/SOURCES.txt'\n"}
[3.115289] (VLMProcessing) StdoutLine: {'line': b"reading manifest file 'VLMProcessing.egg-info/SOURCES.txt'\n"}
[3.116167] (VLMProcessing) StdoutLine: {'line': b"writing manifest file 'VLMProcessing.egg-info/SOURCES.txt'\n"}
[3.117180] (robotCommunication) StdoutLine: {'line': b'running build_ext\n'}
[3.117385] (robotCommunication) StdoutLine: {'line': b'Creating /home/upo/TFG/ros2_ws/install/robotCommunication/lib/python3.12/site-packages/robotCommunication.egg-link (link to .)\n'}
[3.118026] (robotCommunication) StdoutLine: {'line': b'Installing robotCommunication script to /home/upo/TFG/ros2_ws/install/robotCommunication/lib/robotCommunication\n'}
[3.118441] (robotCommunication) StdoutLine: {'line': b'\n'}
[3.118553] (robotCommunication) StdoutLine: {'line': b'Installed /home/upo/TFG/ros2_ws/build/robotCommunication\n'}
[3.118658] (robotCommunication) StdoutLine: {'line': b'running symlink_data\n'}
[3.140905] (VLMProcessing) StdoutLine: {'line': b'running build_ext\n'}
[3.141155] (VLMProcessing) StdoutLine: {'line': b'Creating /home/upo/TFG/ros2_ws/install/VLMProcessing/lib/python3.12/site-packages/VLMProcessing.egg-link (link to .)\n'}
[3.141594] (VLMProcessing) StdoutLine: {'line': b'Installing VLMProcessing script to /home/upo/TFG/ros2_ws/install/VLMProcessing/lib/VLMProcessing\n'}
[3.141832] (VLMProcessing) StdoutLine: {'line': b'\n'}
[3.141984] (VLMProcessing) StdoutLine: {'line': b'Installed /home/upo/TFG/ros2_ws/build/VLMProcessing\n'}
[3.142070] (VLMProcessing) StdoutLine: {'line': b'running symlink_data\n'}
[3.142166] (robotMovement) StdoutLine: {'line': b'running build_ext\n'}
[3.142258] (robotMovement) StdoutLine: {'line': b'Creating /home/upo/TFG/ros2_ws/install/robotMovement/lib/python3.12/site-packages/robotMovement.egg-link (link to .)\n'}
[3.142634] (robotMovement) StdoutLine: {'line': b'Installing robotMovement script to /home/upo/TFG/ros2_ws/install/robotMovement/lib/robotMovement\n'}
[3.142871] (robotMovement) StdoutLine: {'line': b'\n'}
[3.142967] (robotMovement) StdoutLine: {'line': b'Installed /home/upo/TFG/ros2_ws/build/robotMovement\n'}
[3.143060] (robotMovement) StdoutLine: {'line': b'running symlink_data\n'}
[3.173567] (robotCommunication) CommandEnded: {'returncode': 0}
[3.180753] (robotCommunication) JobEnded: {'identifier': 'robotCommunication', 'rc': 0}
[3.206567] (-) TimerEvent: {}
[3.210114] (VLMProcessing) CommandEnded: {'returncode': 0}
[3.218050] (VLMProcessing) JobEnded: {'identifier': 'VLMProcessing', 'rc': 0}
[3.219173] (robotMovement) CommandEnded: {'returncode': 0}
[3.226287] (robotMovement) JobEnded: {'identifier': 'robotMovement', 'rc': 0}
[3.227267] (-) EventReactorShutdown: {}
