[0.000000] (-) TimerEvent: {}
[0.000312] (interfaces) JobQueued: {'identifier': 'interfaces', 'dependencies': OrderedDict()}
[0.000344] (userCommunication) JobQueued: {'identifier': 'userCommunication', 'dependencies': OrderedDict()}
[0.000545] (VLMProcessing) JobQueued: {'identifier': 'VLMProcessing', 'dependencies': OrderedDict({'interfaces': '/home/upo/TFG/ros2_ws/install/interfaces'})}
[0.000574] (robotCommunication) JobQueued: {'identifier': 'robotCommunication', 'dependencies': OrderedDict({'interfaces': '/home/upo/TFG/ros2_ws/install/interfaces'})}
[0.000600] (robotMovement) JobQueued: {'identifier': 'robotMovement', 'dependencies': OrderedDict({'interfaces': '/home/upo/TFG/ros2_ws/install/interfaces'})}
[0.000616] (interfaces) JobStarted: {'identifier': 'interfaces'}
[0.006352] (userCommunication) JobStarted: {'identifier': 'userCommunication'}
[0.012926] (interfaces) JobProgress: {'identifier': 'interfaces', 'progress': 'cmake'}
[0.013396] (interfaces) JobProgress: {'identifier': 'interfaces', 'progress': 'build'}
[0.013989] (interfaces) Command: {'cmd': ['/usr/bin/cmake', '--build', '/home/upo/TFG/ros2_ws/build/interfaces', '--', '-j16', '-l16'], 'cwd': '/home/upo/TFG/ros2_ws/build/interfaces', 'env': OrderedDict({'LESSOPEN': '| /usr/bin/lesspipe %s', 'GZ_SIM_RESOURCE_PATH': '/opt/ros/jazzy/share', 'USER': 'upo', 'GZ_CONFIG_PATH': '/opt/ros/jazzy/opt/gz_sim_vendor/share/gz:/opt/ros/jazzy/opt/sdformat_vendor/share/gz:/opt/ros/jazzy/opt/gz_gui_vendor/share/gz:/opt/ros/jazzy/opt/gz_transport_vendor/share/gz:/opt/ros/jazzy/opt/gz_rendering_vendor/share/gz:/opt/ros/jazzy/opt/gz_plugin_vendor/share/gz:/opt/ros/jazzy/opt/gz_fuel_tools_vendor/share/gz:/opt/ros/jazzy/opt/gz_msgs_vendor/share/gz:/opt/ros/jazzy/opt/gz_common_vendor/share/gz', 'XDG_SESSION_TYPE': 'x11', 'GIT_ASKPASS': '/usr/share/code/resources/app/extensions/git/dist/askpass.sh', 'SHLVL': '3', 'LD_LIBRARY_PATH': '/home/upo/turtlebot3_ws/install/interfaces/lib:/opt/ros/jazzy/opt/gz_sim_vendor/lib:/opt/ros/jazzy/opt/gz_sensors_vendor/lib:/opt/ros/jazzy/opt/gz_physics_vendor/lib:/opt/ros/jazzy/opt/sdformat_vendor/lib:/opt/ros/jazzy/opt/rviz_ogre_vendor/lib:/opt/ros/jazzy/lib/x86_64-linux-gnu:/opt/ros/jazzy/opt/gz_gui_vendor/lib:/opt/ros/jazzy/opt/gz_transport_vendor/lib:/opt/ros/jazzy/opt/gz_rendering_vendor/lib:/opt/ros/jazzy/opt/gz_plugin_vendor/lib:/opt/ros/jazzy/opt/gz_fuel_tools_vendor/lib:/opt/ros/jazzy/opt/gz_msgs_vendor/lib:/opt/ros/jazzy/opt/gz_common_vendor/lib:/opt/ros/jazzy/opt/gz_math_vendor/lib:/opt/ros/jazzy/opt/gz_utils_vendor/lib:/opt/ros/jazzy/opt/gz_tools_vendor/lib:/opt/ros/jazzy/opt/gz_ogre_next_vendor/lib:/opt/ros/jazzy/opt/gz_dartsim_vendor/lib:/opt/ros/jazzy/opt/gz_cmake_vendor/lib:/opt/ros/jazzy/lib', 'HOME': '/home/upo', 'CHROME_DESKTOP': 'code.desktop', 'OLDPWD': '/home/upo/TFG', 'TERM_PROGRAM_VERSION': '1.126.0', 'DESKTOP_SESSION': 'ubuntu', 'ROS_PYTHON_VERSION': '3', 'GNOME_SHELL_SESSION_MODE': 'ubuntu', 'GTK_MODULES': 'gail:atk-bridge', 'VSCODE_GIT_ASKPASS_MAIN': '/usr/share/code/resources/app/extensions/git/dist/askpass-main.js', 'VSCODE_GIT_ASKPASS_NODE': '/usr/share/code/code', 'DBUS_STARTER_BUS_TYPE': 'session', 'SYSTEMD_EXEC_PID': '2495', 'VSCODE_PYTHON_AUTOACTIVATE_GUARD': '1', 'GSM_SKIP_SSH_AGENT_WORKAROUND': 'true', 'DBUS_SESSION_BUS_ADDRESS': 'unix:path=/run/user/1000/bus,guid=363d1e468aca3fabeca0c6d56a4df74b', 'COLORTERM': 'truecolor', 'DEBUGINFOD_URLS': 'https://debuginfod.ubuntu.com', 'COLCON_PREFIX_PATH': '/home/upo/turtlebot3_ws/install', 'ROS_DISTRO': 'jazzy', 'LOGNAME': 'upo', '_': '/usr/bin/colcon', 'ROS_VERSION': '2', 'MEMORY_PRESSURE_WATCH': '/sys/fs/cgroup/user.slice/user-1000.slice/user@1000.service/app.slice/app-gnome\\x2dsession\\x2dmanager.slice/gnome-session-manager@ubuntu.service/memory.pressure', 'CLAUDE_CODE_SSE_PORT': '55408', 'XDG_SESSION_CLASS': 'user', 'USERNAME': 'upo', 'TERM': 'xterm-256color', 'GNOME_DESKTOP_SESSION_ID': 'this-is-deprecated', 'FC_FONTATIONS': '1', 'WINDOWPATH': '2', 'PATH': '/home/upo/platform-tools:/home/upo/.npm-global/bin:/home/upo/.config/Code/User/globalStorage/github.copilot-chat/debugCommand:/home/upo/.config/Code/User/globalStorage/github.copilot-chat/copilotCli:/opt/ros/jazzy/opt/gz_msgs_vendor/bin:/opt/ros/jazzy/opt/gz_tools_vendor/bin:/opt/ros/jazzy/opt/gz_ogre_next_vendor/bin:/opt/ros/jazzy/bin:/home/upo/platform-tools:/home/upo/.npm-global/bin:/home/upo/.local/bin:/usr/local/sbin:/usr/local/bin:/usr/sbin:/usr/bin:/sbin:/bin:/usr/games:/usr/local/games:/snap/bin:/snap/bin', 'SESSION_MANAGER': 'local/upo-ASUS-TUF-Gaming-A15-FA507RR-TUF507RR:@/tmp/.ICE-unix/2495,unix/upo-ASUS-TUF-Gaming-A15-FA507RR-TUF507RR:/tmp/.ICE-unix/2495', 'XDG_MENU_PREFIX': 'gnome-', 'GNOME_TERMINAL_SCREEN': '/org/gnome/Terminal/screen/2478bdcd_4a6f_4f09_acc2_ea0ad9e073f2', 'XDG_RUNTIME_DIR': '/run/user/1000', 'GDK_BACKEND': 'x11', 'DISPLAY': ':0', 'LANG': 'en_US.UTF-8', 'XDG_CURRENT_DESKTOP': 'ubuntu:GNOME', 'XMODIFIERS': '@im=ibus', 'XDG_SESSION_DESKTOP': 'ubuntu', 'XAUTHORITY': '/run/user/1000/gdm/Xauthority', 'LS_COLORS': 'rs=0:di=01;34:ln=01;36:mh=00:pi=40;33:so=01;35:do=01;35:bd=40;33;01:cd=40;33;01:or=40;31;01:mi=00:su=37;41:sg=30;43:ca=00:tw=30;42:ow=34;42:st=37;44:ex=01;32:*.tar=01;31:*.tgz=01;31:*.arc=01;31:*.arj=01;31:*.taz=01;31:*.lha=01;31:*.lz4=01;31:*.lzh=01;31:*.lzma=01;31:*.tlz=01;31:*.txz=01;31:*.tzo=01;31:*.t7z=01;31:*.zip=01;31:*.z=01;31:*.dz=01;31:*.gz=01;31:*.lrz=01;31:*.lz=01;31:*.lzo=01;31:*.xz=01;31:*.zst=01;31:*.tzst=01;31:*.bz2=01;31:*.bz=01;31:*.tbz=01;31:*.tbz2=01;31:*.tz=01;31:*.deb=01;31:*.rpm=01;31:*.jar=01;31:*.war=01;31:*.ear=01;31:*.sar=01;31:*.rar=01;31:*.alz=01;31:*.ace=01;31:*.zoo=01;31:*.cpio=01;31:*.7z=01;31:*.rz=01;31:*.cab=01;31:*.wim=01;31:*.swm=01;31:*.dwm=01;31:*.esd=01;31:*.avif=01;35:*.jpg=01;35:*.jpeg=01;35:*.mjpg=01;35:*.mjpeg=01;35:*.gif=01;35:*.bmp=01;35:*.pbm=01;35:*.pgm=01;35:*.ppm=01;35:*.tga=01;35:*.xbm=01;35:*.xpm=01;35:*.tif=01;35:*.tiff=01;35:*.png=01;35:*.svg=01;35:*.svgz=01;35:*.mng=01;35:*.pcx=01;35:*.mov=01;35:*.mpg=01;35:*.mpeg=01;35:*.m2v=01;35:*.mkv=01;35:*.webm=01;35:*.webp=01;35:*.ogm=01;35:*.mp4=01;35:*.m4v=01;35:*.mp4v=01;35:*.vob=01;35:*.qt=01;35:*.nuv=01;35:*.wmv=01;35:*.asf=01;35:*.rm=01;35:*.rmvb=01;35:*.flc=01;35:*.avi=01;35:*.fli=01;35:*.flv=01;35:*.gl=01;35:*.dl=01;35:*.xcf=01;35:*.xwd=01;35:*.yuv=01;35:*.cgm=01;35:*.emf=01;35:*.ogv=01;35:*.ogx=01;35:*.aac=00;36:*.au=00;36:*.flac=00;36:*.m4a=00;36:*.mid=00;36:*.midi=00;36:*.mka=00;36:*.mp3=00;36:*.mpc=00;36:*.ogg=00;36:*.ra=00;36:*.wav=00;36:*.oga=00;36:*.opus=00;36:*.spx=00;36:*.xspf=00;36:*~=00;90:*#=00;90:*.bak=00;90:*.crdownload=00;90:*.dpkg-dist=00;90:*.dpkg-new=00;90:*.dpkg-old=00;90:*.dpkg-tmp=00;90:*.old=00;90:*.orig=00;90:*.part=00;90:*.rej=00;90:*.rpmnew=00;90:*.rpmorig=00;90:*.rpmsave=00;90:*.swp=00;90:*.tmp=00;90:*.ucf-dist=00;90:*.ucf-new=00;90:*.ucf-old=00;90:', 'VSCODE_GIT_IPC_HANDLE': '/run/user/1000/vscode-git-466a10eeed.sock', 'GNOME_TERMINAL_SERVICE': ':1.153', 'TERM_PROGRAM': 'vscode', 'SSH_AUTH_SOCK': '/run/user/1000/keyring/ssh', 'AMENT_PREFIX_PATH': '/home/upo/turtlebot3_ws/install/userCommunication:/home/upo/turtlebot3_ws/install/turtlebot3:/home/upo/turtlebot3_ws/install/turtlebot3_teleop:/home/upo/turtlebot3_ws/install/turtlebot3_simulations:/home/upo/turtlebot3_ws/install/turtlebot3_bringup:/home/upo/turtlebot3_ws/install/turtlebot3_node:/home/upo/turtlebot3_ws/install/turtlebot3_navigation2:/home/upo/turtlebot3_ws/install/turtlebot3_gazebo:/home/upo/turtlebot3_ws/install/turtlebot3_fake_node:/home/upo/turtlebot3_ws/install/turtlebot3_example:/home/upo/turtlebot3_ws/install/turtlebot3_description:/home/upo/turtlebot3_ws/install/turtlebot3_cartographer:/home/upo/turtlebot3_ws/install/robotMovement:/home/upo/turtlebot3_ws/install/robotCommunication:/home/upo/turtlebot3_ws/install/VLMProcessing:/home/upo/turtlebot3_ws/install/interfaces:/opt/ros/jazzy', 'SHELL': '/bin/bash', 'QT_ACCESSIBILITY': '1', 'GDMSESSION': 'ubuntu', 'LESSCLOSE': '/usr/bin/lesspipe %s %s', 'GPG_AGENT_INFO': '/run/user/1000/gnupg/S.gpg-agent:0:1', 'ROS_AUTOMATIC_DISCOVERY_RANGE': 'SUBNET', 'VSCODE_GIT_ASKPASS_EXTRA_ARGS': '', 'QT_IM_MODULE': 'ibus', 'PWD': '/home/upo/TFG/ros2_ws/build/interfaces', 'TURTLEBOT3_MODEL': 'waffle', 'LC_ALL': 'en_US.UTF-8', 'XDG_CONFIG_DIRS': '/etc/xdg/xdg-ubuntu:/etc/xdg', 'COPILOT_DEBUG_NONCE': 'b1d28ae3d882b8fabe7a3762c8804e8c', 'DBUS_STARTER_ADDRESS': 'unix:path=/run/user/1000/bus,guid=363d1e468aca3fabeca0c6d56a4df74b', 'XDG_DATA_DIRS': '/usr/share/ubuntu:/usr/share/gnome:/home/upo/.local/share/flatpak/exports/share:/var/lib/flatpak/exports/share:/usr/local/share/:/usr/share/:/var/lib/snapd/desktop', 'PYTHONPATH': '/home/upo/turtlebot3_ws/install/userCommunication/lib/python3.12/site-packages:/home/upo/turtlebot3_ws/build/turtlebot3_teleop:/home/upo/turtlebot3_ws/install/turtlebot3_teleop/lib/python3.12/site-packages:/home/upo/turtlebot3_ws/build/turtlebot3_example:/home/upo/turtlebot3_ws/install/turtlebot3_example/lib/python3.12/site-packages:/home/upo/turtlebot3_ws/install/robotMovement/lib/python3.12/site-packages:/home/upo/turtlebot3_ws/install/robotCommunication/lib/python3.12/site-packages:/home/upo/turtlebot3_ws/install/VLMProcessing/lib/python3.12/site-packages:/home/upo/turtlebot3_ws/install/interfaces/lib/python3.12/site-packages:/opt/ros/jazzy/lib/python3.12/site-packages', 'COLCON': '1', 'MEMORY_PRESSURE_WRITE': 'c29tZSAyMDAwMDAgMjAwMDAwMAA=', 'VTE_VERSION': '7600', 'CMAKE_PREFIX_PATH': '/home/upo/turtlebot3_ws/install/turtlebot3:/home/upo/turtlebot3_ws/install/turtlebot3_simulations:/home/upo/turtlebot3_ws/install/turtlebot3_bringup:/home/upo/turtlebot3_ws/install/turtlebot3_node:/home/upo/turtlebot3_ws/install/turtlebot3_navigation2:/home/upo/turtlebot3_ws/install/turtlebot3_gazebo:/home/upo/turtlebot3_ws/install/turtlebot3_fake_node:/home/upo/turtlebot3_ws/install/turtlebot3_description:/home/upo/turtlebot3_ws/install/turtlebot3_cartographer:/home/upo/turtlebot3_ws/install/interfaces:/opt/ros/jazzy/opt/gz_sim_vendor:/opt/ros/jazzy/opt/gz_sensors_vendor:/opt/ros/jazzy/opt/gz_physics_vendor:/opt/ros/jazzy/opt/sdformat_vendor:/opt/ros/jazzy/opt/gz_gui_vendor:/opt/ros/jazzy/opt/gz_transport_vendor:/opt/ros/jazzy/opt/gz_rendering_vendor:/opt/ros/jazzy/opt/gz_plugin_vendor:/opt/ros/jazzy/opt/gz_fuel_tools_vendor:/opt/ros/jazzy/opt/gz_msgs_vendor:/opt/ros/jazzy/opt/gz_common_vendor:/opt/ros/jazzy/opt/gz_math_vendor:/opt/ros/jazzy/opt/gz_utils_vendor:/opt/ros/jazzy/opt/gz_tools_vendor:/opt/ros/jazzy/opt/gz_ogre_next_vendor:/opt/ros/jazzy/opt/gz_dartsim_vendor:/opt/ros/jazzy/opt/gz_cmake_vendor:/home/upo/turtlebot3_ws/install/userCommunication:/home/upo/turtlebot3_ws/install/turtlebot3_teleop:/home/upo/turtlebot3_ws/install/turtlebot3_example:/home/upo/turtlebot3_ws/install/robotMovement:/home/upo/turtlebot3_ws/install/robotCommunication:/home/upo/turtlebot3_ws/install/VLMProcessing:/opt/ros/jazzy'}), 'shell': False}
[0.074867] (interfaces) StdoutLine: {'line': b'[  2%] Built target interfaces__rs\n'}
[0.075138] (interfaces) StdoutLine: {'line': b'[  2%] Built target interfaces__rosidl_generator_type_description\n'}
[0.085538] (interfaces) StdoutLine: {'line': b'[  2%] Built target ament_cmake_python_symlink_interfaces\n'}
[0.097403] (interfaces) StdoutLine: {'line': b'[  4%] Built target interfaces__cpp\n'}
[0.099467] (-) TimerEvent: {}
[0.099921] (interfaces) StdoutLine: {'line': b'[ 26%] Built target interfaces__rosidl_generator_c\n'}
[0.126377] (interfaces) StdoutLine: {'line': b'[ 49%] Built target interfaces__rosidl_typesupport_c\n'}
[0.126614] (interfaces) StdoutLine: {'line': b'[ 49%] Built target interfaces__rosidl_typesupport_introspection_c\n'}
[0.126790] (interfaces) StdoutLine: {'line': b'[ 68%] Built target interfaces__rosidl_typesupport_cpp\n'}
[0.126901] (interfaces) StdoutLine: {'line': b'[ 68%] Built target interfaces__rosidl_typesupport_introspection_cpp\n'}
[0.126994] (interfaces) StdoutLine: {'line': b'[ 73%] Built target interfaces__rosidl_typesupport_fastrtps_cpp\n'}
[0.130577] (interfaces) StdoutLine: {'line': b'[ 82%] Built target interfaces__rosidl_typesupport_fastrtps_c\n'}
[0.156019] (interfaces) StdoutLine: {'line': b'[ 82%] Built target interfaces\n'}
[0.181641] (interfaces) StdoutLine: {'line': b'[ 84%] Built target interfaces__py\n'}
[0.199575] (-) TimerEvent: {}
[0.211536] (interfaces) StdoutLine: {'line': b'[ 92%] Built target interfaces__rosidl_generator_py\n'}
[0.235830] (interfaces) StdoutLine: {'line': b'[100%] Built target interfaces_s__rosidl_typesupport_c\n'}
[0.236026] (interfaces) StdoutLine: {'line': b'[100%] Built target interfaces_s__rosidl_typesupport_fastrtps_c\n'}
[0.236129] (interfaces) StdoutLine: {'line': b'[100%] Built target interfaces_s__rosidl_typesupport_introspection_c\n'}
[0.295810] (interfaces) StdoutLine: {'line': b'running egg_info\n'}
[0.299680] (-) TimerEvent: {}
[0.315334] (interfaces) StdoutLine: {'line': b'writing interfaces.egg-info/PKG-INFO\n'}
[0.315606] (interfaces) StdoutLine: {'line': b'writing dependency_links to interfaces.egg-info/dependency_links.txt\n'}
[0.315773] (interfaces) StdoutLine: {'line': b'writing top-level names to interfaces.egg-info/top_level.txt\n'}
[0.371442] (interfaces) StdoutLine: {'line': b"reading manifest file 'interfaces.egg-info/SOURCES.txt'\n"}
[0.371925] (interfaces) StdoutLine: {'line': b"writing manifest file 'interfaces.egg-info/SOURCES.txt'\n"}
[0.398369] (interfaces) StdoutLine: {'line': b'[100%] Built target ament_cmake_python_build_interfaces_egg\n'}
[0.399739] (-) TimerEvent: {}
[0.414073] (interfaces) CommandEnded: {'returncode': 0}
[0.414714] (interfaces) JobProgress: {'identifier': 'interfaces', 'progress': 'install'}
[0.427585] (interfaces) Command: {'cmd': ['/usr/bin/cmake', '--install', '/home/upo/TFG/ros2_ws/build/interfaces'], 'cwd': '/home/upo/TFG/ros2_ws/build/interfaces', 'env': OrderedDict({'LESSOPEN': '| /usr/bin/lesspipe %s', 'GZ_SIM_RESOURCE_PATH': '/opt/ros/jazzy/share', 'USER': 'upo', 'GZ_CONFIG_PATH': '/opt/ros/jazzy/opt/gz_sim_vendor/share/gz:/opt/ros/jazzy/opt/sdformat_vendor/share/gz:/opt/ros/jazzy/opt/gz_gui_vendor/share/gz:/opt/ros/jazzy/opt/gz_transport_vendor/share/gz:/opt/ros/jazzy/opt/gz_rendering_vendor/share/gz:/opt/ros/jazzy/opt/gz_plugin_vendor/share/gz:/opt/ros/jazzy/opt/gz_fuel_tools_vendor/share/gz:/opt/ros/jazzy/opt/gz_msgs_vendor/share/gz:/opt/ros/jazzy/opt/gz_common_vendor/share/gz', 'XDG_SESSION_TYPE': 'x11', 'GIT_ASKPASS': '/usr/share/code/resources/app/extensions/git/dist/askpass.sh', 'SHLVL': '3', 'LD_LIBRARY_PATH': '/home/upo/turtlebot3_ws/install/interfaces/lib:/opt/ros/jazzy/opt/gz_sim_vendor/lib:/opt/ros/jazzy/opt/gz_sensors_vendor/lib:/opt/ros/jazzy/opt/gz_physics_vendor/lib:/opt/ros/jazzy/opt/sdformat_vendor/lib:/opt/ros/jazzy/opt/rviz_ogre_vendor/lib:/opt/ros/jazzy/lib/x86_64-linux-gnu:/opt/ros/jazzy/opt/gz_gui_vendor/lib:/opt/ros/jazzy/opt/gz_transport_vendor/lib:/opt/ros/jazzy/opt/gz_rendering_vendor/lib:/opt/ros/jazzy/opt/gz_plugin_vendor/lib:/opt/ros/jazzy/opt/gz_fuel_tools_vendor/lib:/opt/ros/jazzy/opt/gz_msgs_vendor/lib:/opt/ros/jazzy/opt/gz_common_vendor/lib:/opt/ros/jazzy/opt/gz_math_vendor/lib:/opt/ros/jazzy/opt/gz_utils_vendor/lib:/opt/ros/jazzy/opt/gz_tools_vendor/lib:/opt/ros/jazzy/opt/gz_ogre_next_vendor/lib:/opt/ros/jazzy/opt/gz_dartsim_vendor/lib:/opt/ros/jazzy/opt/gz_cmake_vendor/lib:/opt/ros/jazzy/lib', 'HOME': '/home/upo', 'CHROME_DESKTOP': 'code.desktop', 'OLDPWD': '/home/upo/TFG', 'TERM_PROGRAM_VERSION': '1.126.0', 'DESKTOP_SESSION': 'ubuntu', 'ROS_PYTHON_VERSION': '3', 'GNOME_SHELL_SESSION_MODE': 'ubuntu', 'GTK_MODULES': 'gail:atk-bridge', 'VSCODE_GIT_ASKPASS_MAIN': '/usr/share/code/resources/app/extensions/git/dist/askpass-main.js', 'VSCODE_GIT_ASKPASS_NODE': '/usr/share/code/code', 'DBUS_STARTER_BUS_TYPE': 'session', 'SYSTEMD_EXEC_PID': '2495', 'VSCODE_PYTHON_AUTOACTIVATE_GUARD': '1', 'GSM_SKIP_SSH_AGENT_WORKAROUND': 'true', 'DBUS_SESSION_BUS_ADDRESS': 'unix:path=/run/user/1000/bus,guid=363d1e468aca3fabeca0c6d56a4df74b', 'COLORTERM': 'truecolor', 'DEBUGINFOD_URLS': 'https://debuginfod.ubuntu.com', 'COLCON_PREFIX_PATH': '/home/upo/turtlebot3_ws/install', 'ROS_DISTRO': 'jazzy', 'LOGNAME': 'upo', '_': '/usr/bin/colcon', 'ROS_VERSION': '2', 'MEMORY_PRESSURE_WATCH': '/sys/fs/cgroup/user.slice/user-1000.slice/user@1000.service/app.slice/app-gnome\\x2dsession\\x2dmanager.slice/gnome-session-manager@ubuntu.service/memory.pressure', 'CLAUDE_CODE_SSE_PORT': '55408', 'XDG_SESSION_CLASS': 'user', 'USERNAME': 'upo', 'TERM': 'xterm-256color', 'GNOME_DESKTOP_SESSION_ID': 'this-is-deprecated', 'FC_FONTATIONS': '1', 'WINDOWPATH': '2', 'PATH': '/home/upo/platform-tools:/home/upo/.npm-global/bin:/home/upo/.config/Code/User/globalStorage/github.copilot-chat/debugCommand:/home/upo/.config/Code/User/globalStorage/github.copilot-chat/copilotCli:/opt/ros/jazzy/opt/gz_msgs_vendor/bin:/opt/ros/jazzy/opt/gz_tools_vendor/bin:/opt/ros/jazzy/opt/gz_ogre_next_vendor/bin:/opt/ros/jazzy/bin:/home/upo/platform-tools:/home/upo/.npm-global/bin:/home/upo/.local/bin:/usr/local/sbin:/usr/local/bin:/usr/sbin:/usr/bin:/sbin:/bin:/usr/games:/usr/local/games:/snap/bin:/snap/bin', 'SESSION_MANAGER': 'local/upo-ASUS-TUF-Gaming-A15-FA507RR-TUF507RR:@/tmp/.ICE-unix/2495,unix/upo-ASUS-TUF-Gaming-A15-FA507RR-TUF507RR:/tmp/.ICE-unix/2495', 'XDG_MENU_PREFIX': 'gnome-', 'GNOME_TERMINAL_SCREEN': '/org/gnome/Terminal/screen/2478bdcd_4a6f_4f09_acc2_ea0ad9e073f2', 'XDG_RUNTIME_DIR': '/run/user/1000', 'GDK_BACKEND': 'x11', 'DISPLAY': ':0', 'LANG': 'en_US.UTF-8', 'XDG_CURRENT_DESKTOP': 'ubuntu:GNOME', 'XMODIFIERS': '@im=ibus', 'XDG_SESSION_DESKTOP': 'ubuntu', 'XAUTHORITY': '/run/user/1000/gdm/Xauthority', 'LS_COLORS': 'rs=0:di=01;34:ln=01;36:mh=00:pi=40;33:so=01;35:do=01;35:bd=40;33;01:cd=40;33;01:or=40;31;01:mi=00:su=37;41:sg=30;43:ca=00:tw=30;42:ow=34;42:st=37;44:ex=01;32:*.tar=01;31:*.tgz=01;31:*.arc=01;31:*.arj=01;31:*.taz=01;31:*.lha=01;31:*.lz4=01;31:*.lzh=01;31:*.lzma=01;31:*.tlz=01;31:*.txz=01;31:*.tzo=01;31:*.t7z=01;31:*.zip=01;31:*.z=01;31:*.dz=01;31:*.gz=01;31:*.lrz=01;31:*.lz=01;31:*.lzo=01;31:*.xz=01;31:*.zst=01;31:*.tzst=01;31:*.bz2=01;31:*.bz=01;31:*.tbz=01;31:*.tbz2=01;31:*.tz=01;31:*.deb=01;31:*.rpm=01;31:*.jar=01;31:*.war=01;31:*.ear=01;31:*.sar=01;31:*.rar=01;31:*.alz=01;31:*.ace=01;31:*.zoo=01;31:*.cpio=01;31:*.7z=01;31:*.rz=01;31:*.cab=01;31:*.wim=01;31:*.swm=01;31:*.dwm=01;31:*.esd=01;31:*.avif=01;35:*.jpg=01;35:*.jpeg=01;35:*.mjpg=01;35:*.mjpeg=01;35:*.gif=01;35:*.bmp=01;35:*.pbm=01;35:*.pgm=01;35:*.ppm=01;35:*.tga=01;35:*.xbm=01;35:*.xpm=01;35:*.tif=01;35:*.tiff=01;35:*.png=01;35:*.svg=01;35:*.svgz=01;35:*.mng=01;35:*.pcx=01;35:*.mov=01;35:*.mpg=01;35:*.mpeg=01;35:*.m2v=01;35:*.mkv=01;35:*.webm=01;35:*.webp=01;35:*.ogm=01;35:*.mp4=01;35:*.m4v=01;35:*.mp4v=01;35:*.vob=01;35:*.qt=01;35:*.nuv=01;35:*.wmv=01;35:*.asf=01;35:*.rm=01;35:*.rmvb=01;35:*.flc=01;35:*.avi=01;35:*.fli=01;35:*.flv=01;35:*.gl=01;35:*.dl=01;35:*.xcf=01;35:*.xwd=01;35:*.yuv=01;35:*.cgm=01;35:*.emf=01;35:*.ogv=01;35:*.ogx=01;35:*.aac=00;36:*.au=00;36:*.flac=00;36:*.m4a=00;36:*.mid=00;36:*.midi=00;36:*.mka=00;36:*.mp3=00;36:*.mpc=00;36:*.ogg=00;36:*.ra=00;36:*.wav=00;36:*.oga=00;36:*.opus=00;36:*.spx=00;36:*.xspf=00;36:*~=00;90:*#=00;90:*.bak=00;90:*.crdownload=00;90:*.dpkg-dist=00;90:*.dpkg-new=00;90:*.dpkg-old=00;90:*.dpkg-tmp=00;90:*.old=00;90:*.orig=00;90:*.part=00;90:*.rej=00;90:*.rpmnew=00;90:*.rpmorig=00;90:*.rpmsave=00;90:*.swp=00;90:*.tmp=00;90:*.ucf-dist=00;90:*.ucf-new=00;90:*.ucf-old=00;90:', 'VSCODE_GIT_IPC_HANDLE': '/run/user/1000/vscode-git-466a10eeed.sock', 'GNOME_TERMINAL_SERVICE': ':1.153', 'TERM_PROGRAM': 'vscode', 'SSH_AUTH_SOCK': '/run/user/1000/keyring/ssh', 'AMENT_PREFIX_PATH': '/home/upo/turtlebot3_ws/install/userCommunication:/home/upo/turtlebot3_ws/install/turtlebot3:/home/upo/turtlebot3_ws/install/turtlebot3_teleop:/home/upo/turtlebot3_ws/install/turtlebot3_simulations:/home/upo/turtlebot3_ws/install/turtlebot3_bringup:/home/upo/turtlebot3_ws/install/turtlebot3_node:/home/upo/turtlebot3_ws/install/turtlebot3_navigation2:/home/upo/turtlebot3_ws/install/turtlebot3_gazebo:/home/upo/turtlebot3_ws/install/turtlebot3_fake_node:/home/upo/turtlebot3_ws/install/turtlebot3_example:/home/upo/turtlebot3_ws/install/turtlebot3_description:/home/upo/turtlebot3_ws/install/turtlebot3_cartographer:/home/upo/turtlebot3_ws/install/robotMovement:/home/upo/turtlebot3_ws/install/robotCommunication:/home/upo/turtlebot3_ws/install/VLMProcessing:/home/upo/turtlebot3_ws/install/interfaces:/opt/ros/jazzy', 'SHELL': '/bin/bash', 'QT_ACCESSIBILITY': '1', 'GDMSESSION': 'ubuntu', 'LESSCLOSE': '/usr/bin/lesspipe %s %s', 'GPG_AGENT_INFO': '/run/user/1000/gnupg/S.gpg-agent:0:1', 'ROS_AUTOMATIC_DISCOVERY_RANGE': 'SUBNET', 'VSCODE_GIT_ASKPASS_EXTRA_ARGS': '', 'QT_IM_MODULE': 'ibus', 'PWD': '/home/upo/TFG/ros2_ws/build/interfaces', 'TURTLEBOT3_MODEL': 'waffle', 'LC_ALL': 'en_US.UTF-8', 'XDG_CONFIG_DIRS': '/etc/xdg/xdg-ubuntu:/etc/xdg', 'COPILOT_DEBUG_NONCE': 'b1d28ae3d882b8fabe7a3762c8804e8c', 'DBUS_STARTER_ADDRESS': 'unix:path=/run/user/1000/bus,guid=363d1e468aca3fabeca0c6d56a4df74b', 'XDG_DATA_DIRS': '/usr/share/ubuntu:/usr/share/gnome:/home/upo/.local/share/flatpak/exports/share:/var/lib/flatpak/exports/share:/usr/local/share/:/usr/share/:/var/lib/snapd/desktop', 'PYTHONPATH': '/home/upo/turtlebot3_ws/install/userCommunication/lib/python3.12/site-packages:/home/upo/turtlebot3_ws/build/turtlebot3_teleop:/home/upo/turtlebot3_ws/install/turtlebot3_teleop/lib/python3.12/site-packages:/home/upo/turtlebot3_ws/build/turtlebot3_example:/home/upo/turtlebot3_ws/install/turtlebot3_example/lib/python3.12/site-packages:/home/upo/turtlebot3_ws/install/robotMovement/lib/python3.12/site-packages:/home/upo/turtlebot3_ws/install/robotCommunication/lib/python3.12/site-packages:/home/upo/turtlebot3_ws/install/VLMProcessing/lib/python3.12/site-packages:/home/upo/turtlebot3_ws/install/interfaces/lib/python3.12/site-packages:/opt/ros/jazzy/lib/python3.12/site-packages', 'COLCON': '1', 'MEMORY_PRESSURE_WRITE': 'c29tZSAyMDAwMDAgMjAwMDAwMAA=', 'VTE_VERSION': '7600', 'CMAKE_PREFIX_PATH': '/home/upo/turtlebot3_ws/install/turtlebot3:/home/upo/turtlebot3_ws/install/turtlebot3_simulations:/home/upo/turtlebot3_ws/install/turtlebot3_bringup:/home/upo/turtlebot3_ws/install/turtlebot3_node:/home/upo/turtlebot3_ws/install/turtlebot3_navigation2:/home/upo/turtlebot3_ws/install/turtlebot3_gazebo:/home/upo/turtlebot3_ws/install/turtlebot3_fake_node:/home/upo/turtlebot3_ws/install/turtlebot3_description:/home/upo/turtlebot3_ws/install/turtlebot3_cartographer:/home/upo/turtlebot3_ws/install/interfaces:/opt/ros/jazzy/opt/gz_sim_vendor:/opt/ros/jazzy/opt/gz_sensors_vendor:/opt/ros/jazzy/opt/gz_physics_vendor:/opt/ros/jazzy/opt/sdformat_vendor:/opt/ros/jazzy/opt/gz_gui_vendor:/opt/ros/jazzy/opt/gz_transport_vendor:/opt/ros/jazzy/opt/gz_rendering_vendor:/opt/ros/jazzy/opt/gz_plugin_vendor:/opt/ros/jazzy/opt/gz_fuel_tools_vendor:/opt/ros/jazzy/opt/gz_msgs_vendor:/opt/ros/jazzy/opt/gz_common_vendor:/opt/ros/jazzy/opt/gz_math_vendor:/opt/ros/jazzy/opt/gz_utils_vendor:/opt/ros/jazzy/opt/gz_tools_vendor:/opt/ros/jazzy/opt/gz_ogre_next_vendor:/opt/ros/jazzy/opt/gz_dartsim_vendor:/opt/ros/jazzy/opt/gz_cmake_vendor:/home/upo/turtlebot3_ws/install/userCommunication:/home/upo/turtlebot3_ws/install/turtlebot3_teleop:/home/upo/turtlebot3_ws/install/turtlebot3_example:/home/upo/turtlebot3_ws/install/robotMovement:/home/upo/turtlebot3_ws/install/robotCommunication:/home/upo/turtlebot3_ws/install/VLMProcessing:/opt/ros/jazzy'}), 'shell': False}
[0.437411] (interfaces) StdoutLine: {'line': b'-- Install configuration: ""\n'}
[0.437908] (interfaces) StdoutLine: {'line': b'-- Execute custom install script\n'}
[0.438122] (interfaces) StdoutLine: {'line': b'-- Up-to-date symlink: /home/upo/TFG/ros2_ws/install/interfaces/share/ament_index/resource_index/rosidl_interfaces/interfaces\n'}
[0.438275] (interfaces) StdoutLine: {'line': b'-- Up-to-date symlink: /home/upo/TFG/ros2_ws/install/interfaces/share/interfaces/msg/Goal.json\n'}
[0.438421] (interfaces) StdoutLine: {'line': b'-- Up-to-date symlink: /home/upo/TFG/ros2_ws/install/interfaces/share/interfaces/msg/ComboImage.json\n'}
[0.438568] (interfaces) StdoutLine: {'line': b'-- Up-to-date symlink: /home/upo/TFG/ros2_ws/install/interfaces/share/interfaces/msg/Request.json\n'}
[0.438723] (interfaces) StdoutLine: {'line': b'-- Up-to-date symlink: /home/upo/TFG/ros2_ws/install/interfaces/share/interfaces/msg/Response.json\n'}
[0.438863] (interfaces) StdoutLine: {'line': b'-- Up-to-date symlink: /home/upo/TFG/ros2_ws/install/interfaces/share/interfaces/action/Move.json\n'}
[0.439480] (interfaces) StdoutLine: {'line': b'-- Up-to-date symlink: /home/upo/TFG/ros2_ws/install/interfaces/include/interfaces/interfaces/action/detail/move__functions.h\n'}
[0.439636] (interfaces) StdoutLine: {'line': b'-- Up-to-date symlink: /home/upo/TFG/ros2_ws/install/interfaces/include/interfaces/interfaces/action/detail/move__struct.h\n'}
[0.439803] (interfaces) StdoutLine: {'line': b'-- Up-to-date symlink: /home/upo/TFG/ros2_ws/install/interfaces/include/interfaces/interfaces/action/detail/move__type_support.h\n'}
[0.439926] (interfaces) StdoutLine: {'line': b'-- Up-to-date symlink: /home/upo/TFG/ros2_ws/install/interfaces/include/interfaces/interfaces/action/move.h\n'}
[0.440059] (interfaces) StdoutLine: {'line': b'-- Up-to-date symlink: /home/upo/TFG/ros2_ws/install/interfaces/include/interfaces/interfaces/msg/combo_image.h\n'}
[0.440216] (interfaces) StdoutLine: {'line': b'-- Up-to-date symlink: /home/upo/TFG/ros2_ws/install/interfaces/include/interfaces/interfaces/msg/detail/combo_image__functions.h\n'}
[0.440355] (interfaces) StdoutLine: {'line': b'-- Up-to-date symlink: /home/upo/TFG/ros2_ws/install/interfaces/include/interfaces/interfaces/msg/detail/combo_image__struct.h\n'}
[0.440485] (interfaces) StdoutLine: {'line': b'-- Up-to-date symlink: /home/upo/TFG/ros2_ws/install/interfaces/include/interfaces/interfaces/msg/detail/combo_image__type_support.h\n'}
[0.440618] (interfaces) StdoutLine: {'line': b'-- Up-to-date symlink: /home/upo/TFG/ros2_ws/install/interfaces/include/interfaces/interfaces/msg/detail/goal__functions.h\n'}
[0.440778] (interfaces) StdoutLine: {'line': b'-- Up-to-date symlink: /home/upo/TFG/ros2_ws/install/interfaces/include/interfaces/interfaces/msg/detail/goal__struct.h\n'}
[0.440910] (interfaces) StdoutLine: {'line': b'-- Up-to-date symlink: /home/upo/TFG/ros2_ws/install/interfaces/include/interfaces/interfaces/msg/detail/goal__type_support.h\n'}
[0.441032] (interfaces) StdoutLine: {'line': b'-- Up-to-date symlink: /home/upo/TFG/ros2_ws/install/interfaces/include/interfaces/interfaces/msg/detail/request__functions.h\n'}
[0.441151] (interfaces) StdoutLine: {'line': b'-- Up-to-date symlink: /home/upo/TFG/ros2_ws/install/interfaces/include/interfaces/interfaces/msg/detail/request__struct.h\n'}
[0.441274] (interfaces) StdoutLine: {'line': b'-- Up-to-date symlink: /home/upo/TFG/ros2_ws/install/interfaces/include/interfaces/interfaces/msg/detail/request__type_support.h\n'}
[0.441396] (interfaces) StdoutLine: {'line': b'-- Up-to-date symlink: /home/upo/TFG/ros2_ws/install/interfaces/include/interfaces/interfaces/msg/detail/response__functions.h\n'}
[0.441518] (interfaces) StdoutLine: {'line': b'-- Up-to-date symlink: /home/upo/TFG/ros2_ws/install/interfaces/include/interfaces/interfaces/msg/detail/response__struct.h\n'}
[0.441653] (interfaces) StdoutLine: {'line': b'-- Up-to-date symlink: /home/upo/TFG/ros2_ws/install/interfaces/include/interfaces/interfaces/msg/detail/response__type_support.h\n'}
[0.441799] (interfaces) StdoutLine: {'line': b'-- Up-to-date symlink: /home/upo/TFG/ros2_ws/install/interfaces/include/interfaces/interfaces/msg/goal.h\n'}
[0.441936] (interfaces) StdoutLine: {'line': b'-- Up-to-date symlink: /home/upo/TFG/ros2_ws/install/interfaces/include/interfaces/interfaces/msg/request.h\n'}
[0.442051] (interfaces) StdoutLine: {'line': b'-- Up-to-date symlink: /home/upo/TFG/ros2_ws/install/interfaces/include/interfaces/interfaces/msg/response.h\n'}
[0.442179] (interfaces) StdoutLine: {'line': b'-- Up-to-date symlink: /home/upo/TFG/ros2_ws/install/interfaces/include/interfaces/interfaces/msg/rosidl_generator_c__visibility_control.h\n'}
[0.442348] (interfaces) StdoutLine: {'line': b'-- Up-to-date symlink: /home/upo/TFG/ros2_ws/install/interfaces/share/interfaces/environment/library_path.sh\n'}
[0.442483] (interfaces) StdoutLine: {'line': b'-- Up-to-date symlink: /home/upo/TFG/ros2_ws/install/interfaces/share/interfaces/environment/library_path.dsv\n'}
[0.443194] (interfaces) StdoutLine: {'line': b'-- Up-to-date symlink: /home/upo/TFG/ros2_ws/install/interfaces/include/interfaces/interfaces/action/detail/move__rosidl_typesupport_fastrtps_c.h\n'}
[0.443351] (interfaces) StdoutLine: {'line': b'-- Up-to-date symlink: /home/upo/TFG/ros2_ws/install/interfaces/include/interfaces/interfaces/msg/detail/combo_image__rosidl_typesupport_fastrtps_c.h\n'}
[0.443527] (interfaces) StdoutLine: {'line': b'-- Up-to-date symlink: /home/upo/TFG/ros2_ws/install/interfaces/include/interfaces/interfaces/msg/detail/goal__rosidl_typesupport_fastrtps_c.h\n'}
[0.443656] (interfaces) StdoutLine: {'line': b'-- Up-to-date symlink: /home/upo/TFG/ros2_ws/install/interfaces/include/interfaces/interfaces/msg/detail/request__rosidl_typesupport_fastrtps_c.h\n'}
[0.443842] (interfaces) StdoutLine: {'line': b'-- Up-to-date symlink: /home/upo/TFG/ros2_ws/install/interfaces/include/interfaces/interfaces/msg/detail/response__rosidl_typesupport_fastrtps_c.h\n'}
[0.444000] (interfaces) StdoutLine: {'line': b'-- Up-to-date symlink: /home/upo/TFG/ros2_ws/install/interfaces/include/interfaces/interfaces/msg/rosidl_typesupport_fastrtps_c__visibility_control.h\n'}
[0.444641] (interfaces) StdoutLine: {'line': b'-- Up-to-date symlink: /home/upo/TFG/ros2_ws/install/interfaces/include/interfaces/interfaces/action/detail/move__builder.hpp\n'}
[0.444784] (interfaces) StdoutLine: {'line': b'-- Up-to-date symlink: /home/upo/TFG/ros2_ws/install/interfaces/include/interfaces/interfaces/action/detail/move__struct.hpp\n'}
[0.444913] (interfaces) StdoutLine: {'line': b'-- Up-to-date symlink: /home/upo/TFG/ros2_ws/install/interfaces/include/interfaces/interfaces/action/detail/move__traits.hpp\n'}
[0.445048] (interfaces) StdoutLine: {'line': b'-- Up-to-date symlink: /home/upo/TFG/ros2_ws/install/interfaces/include/interfaces/interfaces/action/detail/move__type_support.hpp\n'}
[0.445180] (interfaces) StdoutLine: {'line': b'-- Up-to-date symlink: /home/upo/TFG/ros2_ws/install/interfaces/include/interfaces/interfaces/action/move.hpp\n'}
[0.445311] (interfaces) StdoutLine: {'line': b'-- Up-to-date symlink: /home/upo/TFG/ros2_ws/install/interfaces/include/interfaces/interfaces/msg/combo_image.hpp\n'}
[0.445439] (interfaces) StdoutLine: {'line': b'-- Up-to-date symlink: /home/upo/TFG/ros2_ws/install/interfaces/include/interfaces/interfaces/msg/detail/combo_image__builder.hpp\n'}
[0.445568] (interfaces) StdoutLine: {'line': b'-- Up-to-date symlink: /home/upo/TFG/ros2_ws/install/interfaces/include/interfaces/interfaces/msg/detail/combo_image__struct.hpp\n'}
[0.445702] (interfaces) StdoutLine: {'line': b'-- Up-to-date symlink: /home/upo/TFG/ros2_ws/install/interfaces/include/interfaces/interfaces/msg/detail/combo_image__traits.hpp\n'}
[0.445890] (interfaces) StdoutLine: {'line': b'-- Up-to-date symlink: /home/upo/TFG/ros2_ws/install/interfaces/include/interfaces/interfaces/msg/detail/combo_image__type_support.hpp\n'}
[0.446019] (interfaces) StdoutLine: {'line': b'-- Up-to-date symlink: /home/upo/TFG/ros2_ws/install/interfaces/include/interfaces/interfaces/msg/detail/goal__builder.hpp\n'}
[0.446146] (interfaces) StdoutLine: {'line': b'-- Up-to-date symlink: /home/upo/TFG/ros2_ws/install/interfaces/include/interfaces/interfaces/msg/detail/goal__struct.hpp\n'}
[0.446275] (interfaces) StdoutLine: {'line': b'-- Up-to-date symlink: /home/upo/TFG/ros2_ws/install/interfaces/include/interfaces/interfaces/msg/detail/goal__traits.hpp\n'}
[0.446401] (interfaces) StdoutLine: {'line': b'-- Up-to-date symlink: /home/upo/TFG/ros2_ws/install/interfaces/include/interfaces/interfaces/msg/detail/goal__type_support.hpp\n'}
[0.446527] (interfaces) StdoutLine: {'line': b'-- Up-to-date symlink: /home/upo/TFG/ros2_ws/install/interfaces/include/interfaces/interfaces/msg/detail/request__builder.hpp\n'}
[0.446653] (interfaces) StdoutLine: {'line': b'-- Up-to-date symlink: /home/upo/TFG/ros2_ws/install/interfaces/include/interfaces/interfaces/msg/detail/request__struct.hpp\n'}
[0.446789] (interfaces) StdoutLine: {'line': b'-- Up-to-date symlink: /home/upo/TFG/ros2_ws/install/interfaces/include/interfaces/interfaces/msg/detail/request__traits.hpp\n'}
[0.446918] (interfaces) StdoutLine: {'line': b'-- Up-to-date symlink: /home/upo/TFG/ros2_ws/install/interfaces/include/interfaces/interfaces/msg/detail/request__type_support.hpp\n'}
[0.447045] (interfaces) StdoutLine: {'line': b'-- Up-to-date symlink: /home/upo/TFG/ros2_ws/install/interfaces/include/interfaces/interfaces/msg/detail/response__builder.hpp\n'}
[0.447171] (interfaces) StdoutLine: {'line': b'-- Up-to-date symlink: /home/upo/TFG/ros2_ws/install/interfaces/include/interfaces/interfaces/msg/detail/response__struct.hpp\n'}
[0.447298] (interfaces) StdoutLine: {'line': b'-- Up-to-date symlink: /home/upo/TFG/ros2_ws/install/interfaces/include/interfaces/interfaces/msg/detail/response__traits.hpp\n'}
[0.447438] (interfaces) StdoutLine: {'line': b'-- Up-to-date symlink: /home/upo/TFG/ros2_ws/install/interfaces/include/interfaces/interfaces/msg/detail/response__type_support.hpp\n'}
[0.447564] (interfaces) StdoutLine: {'line': b'-- Up-to-date symlink: /home/upo/TFG/ros2_ws/install/interfaces/include/interfaces/interfaces/msg/goal.hpp\n'}
[0.447680] (interfaces) StdoutLine: {'line': b'-- Up-to-date symlink: /home/upo/TFG/ros2_ws/install/interfaces/include/interfaces/interfaces/msg/request.hpp\n'}
[0.447807] (interfaces) StdoutLine: {'line': b'-- Up-to-date symlink: /home/upo/TFG/ros2_ws/install/interfaces/include/interfaces/interfaces/msg/response.hpp\n'}
[0.447930] (interfaces) StdoutLine: {'line': b'-- Up-to-date symlink: /home/upo/TFG/ros2_ws/install/interfaces/include/interfaces/interfaces/msg/rosidl_generator_cpp__visibility_control.hpp\n'}
[0.448546] (interfaces) StdoutLine: {'line': b'-- Up-to-date symlink: /home/upo/TFG/ros2_ws/install/interfaces/include/interfaces/interfaces/action/detail/move__rosidl_typesupport_fastrtps_cpp.hpp\n'}
[0.448678] (interfaces) StdoutLine: {'line': b'-- Up-to-date symlink: /home/upo/TFG/ros2_ws/install/interfaces/include/interfaces/interfaces/msg/detail/combo_image__rosidl_typesupport_fastrtps_cpp.hpp\n'}
[0.448817] (interfaces) StdoutLine: {'line': b'-- Up-to-date symlink: /home/upo/TFG/ros2_ws/install/interfaces/include/interfaces/interfaces/msg/detail/goal__rosidl_typesupport_fastrtps_cpp.hpp\n'}
[0.448946] (interfaces) StdoutLine: {'line': b'-- Up-to-date symlink: /home/upo/TFG/ros2_ws/install/interfaces/include/interfaces/interfaces/msg/detail/request__rosidl_typesupport_fastrtps_cpp.hpp\n'}
[0.449084] (interfaces) StdoutLine: {'line': b'-- Up-to-date symlink: /home/upo/TFG/ros2_ws/install/interfaces/include/interfaces/interfaces/msg/detail/response__rosidl_typesupport_fastrtps_cpp.hpp\n'}
[0.449209] (interfaces) StdoutLine: {'line': b'-- Up-to-date symlink: /home/upo/TFG/ros2_ws/install/interfaces/include/interfaces/interfaces/msg/rosidl_typesupport_fastrtps_cpp__visibility_control.h\n'}
[0.449643] (interfaces) StdoutLine: {'line': b'-- Up-to-date symlink: /home/upo/TFG/ros2_ws/install/interfaces/include/interfaces/interfaces/action/detail/move__rosidl_typesupport_introspection_c.h\n'}
[0.449817] (interfaces) StdoutLine: {'line': b'-- Up-to-date symlink: /home/upo/TFG/ros2_ws/install/interfaces/include/interfaces/interfaces/msg/detail/combo_image__rosidl_typesupport_introspection_c.h\n'}
[0.450172] (interfaces) StdoutLine: {'line': b'-- Up-to-date symlink: /home/upo/TFG/ros2_ws/install/interfaces/include/interfaces/interfaces/msg/detail/goal__rosidl_typesupport_introspection_c.h\n'}
[0.450258] (interfaces) StdoutLine: {'line': b'-- Up-to-date symlink: /home/upo/TFG/ros2_ws/install/interfaces/include/interfaces/interfaces/msg/detail/request__rosidl_typesupport_introspection_c.h\n'}
[0.450350] (interfaces) StdoutLine: {'line': b'-- Up-to-date symlink: /home/upo/TFG/ros2_ws/install/interfaces/include/interfaces/interfaces/msg/detail/response__rosidl_typesupport_introspection_c.h\n'}
[0.450438] (interfaces) StdoutLine: {'line': b'-- Up-to-date symlink: /home/upo/TFG/ros2_ws/install/interfaces/include/interfaces/interfaces/msg/rosidl_typesupport_introspection_c__visibility_control.h\n'}
[0.450820] (interfaces) StdoutLine: {'line': b'-- Up-to-date symlink: /home/upo/TFG/ros2_ws/install/interfaces/include/interfaces/interfaces/action/detail/move__rosidl_typesupport_introspection_cpp.hpp\n'}
[0.450953] (interfaces) StdoutLine: {'line': b'-- Up-to-date symlink: /home/upo/TFG/ros2_ws/install/interfaces/include/interfaces/interfaces/msg/detail/combo_image__rosidl_typesupport_introspection_cpp.hpp\n'}
[0.451082] (interfaces) StdoutLine: {'line': b'-- Up-to-date symlink: /home/upo/TFG/ros2_ws/install/interfaces/include/interfaces/interfaces/msg/detail/goal__rosidl_typesupport_introspection_cpp.hpp\n'}
[0.451218] (interfaces) StdoutLine: {'line': b'-- Up-to-date symlink: /home/upo/TFG/ros2_ws/install/interfaces/include/interfaces/interfaces/msg/detail/request__rosidl_typesupport_introspection_cpp.hpp\n'}
[0.451348] (interfaces) StdoutLine: {'line': b'-- Up-to-date symlink: /home/upo/TFG/ros2_ws/install/interfaces/include/interfaces/interfaces/msg/detail/response__rosidl_typesupport_introspection_cpp.hpp\n'}
[0.451511] (interfaces) StdoutLine: {'line': b'-- Up-to-date symlink: /home/upo/TFG/ros2_ws/install/interfaces/share/interfaces/environment/pythonpath.sh\n'}
[0.451660] (interfaces) StdoutLine: {'line': b'-- Up-to-date symlink: /home/upo/TFG/ros2_ws/install/interfaces/share/interfaces/environment/pythonpath.dsv\n'}
[0.451949] (interfaces) StdoutLine: {'line': b'-- Up-to-date symlink: /home/upo/TFG/ros2_ws/install/interfaces/lib/python3.12/site-packages/interfaces-0.0.0-py3.12.egg-info/PKG-INFO\n'}
[0.452073] (interfaces) StdoutLine: {'line': b'-- Up-to-date symlink: /home/upo/TFG/ros2_ws/install/interfaces/lib/python3.12/site-packages/interfaces-0.0.0-py3.12.egg-info/SOURCES.txt\n'}
[0.452197] (interfaces) StdoutLine: {'line': b'-- Up-to-date symlink: /home/upo/TFG/ros2_ws/install/interfaces/lib/python3.12/site-packages/interfaces-0.0.0-py3.12.egg-info/dependency_links.txt\n'}
[0.452318] (interfaces) StdoutLine: {'line': b'-- Up-to-date symlink: /home/upo/TFG/ros2_ws/install/interfaces/lib/python3.12/site-packages/interfaces-0.0.0-py3.12.egg-info/top_level.txt\n'}
[0.453006] (interfaces) StdoutLine: {'line': b'-- Up-to-date symlink: /home/upo/TFG/ros2_ws/install/interfaces/lib/python3.12/site-packages/interfaces/__init__.py\n'}
[0.453129] (interfaces) StdoutLine: {'line': b'-- Up-to-date symlink: /home/upo/TFG/ros2_ws/install/interfaces/lib/python3.12/site-packages/interfaces/_interfaces_s.ep.rosidl_typesupport_c.c\n'}
[0.453247] (interfaces) StdoutLine: {'line': b'-- Up-to-date symlink: /home/upo/TFG/ros2_ws/install/interfaces/lib/python3.12/site-packages/interfaces/_interfaces_s.ep.rosidl_typesupport_fastrtps_c.c\n'}
[0.453367] (interfaces) StdoutLine: {'line': b'-- Up-to-date symlink: /home/upo/TFG/ros2_ws/install/interfaces/lib/python3.12/site-packages/interfaces/_interfaces_s.ep.rosidl_typesupport_introspection_c.c\n'}
[0.453489] (interfaces) StdoutLine: {'line': b'-- Up-to-date symlink: /home/upo/TFG/ros2_ws/install/interfaces/lib/python3.12/site-packages/interfaces/action/__init__.py\n'}
[0.453614] (interfaces) StdoutLine: {'line': b'-- Up-to-date symlink: /home/upo/TFG/ros2_ws/install/interfaces/lib/python3.12/site-packages/interfaces/action/_move.py\n'}
[0.453806] (interfaces) StdoutLine: {'line': b'-- Up-to-date symlink: /home/upo/TFG/ros2_ws/install/interfaces/lib/python3.12/site-packages/interfaces/action/_move_s.c\n'}
[0.453930] (interfaces) StdoutLine: {'line': b'-- Up-to-date symlink: /home/upo/TFG/ros2_ws/install/interfaces/lib/python3.12/site-packages/interfaces/interfaces_s__rosidl_typesupport_c.so\n'}
[0.454051] (interfaces) StdoutLine: {'line': b'-- Up-to-date symlink: /home/upo/TFG/ros2_ws/install/interfaces/lib/python3.12/site-packages/interfaces/interfaces_s__rosidl_typesupport_fastrtps_c.so\n'}
[0.454172] (interfaces) StdoutLine: {'line': b'-- Up-to-date symlink: /home/upo/TFG/ros2_ws/install/interfaces/lib/python3.12/site-packages/interfaces/interfaces_s__rosidl_typesupport_introspection_c.so\n'}
[0.454296] (interfaces) StdoutLine: {'line': b'-- Up-to-date symlink: /home/upo/TFG/ros2_ws/install/interfaces/lib/python3.12/site-packages/interfaces/msg/__init__.py\n'}
[0.454420] (interfaces) StdoutLine: {'line': b'-- Up-to-date symlink: /home/upo/TFG/ros2_ws/install/interfaces/lib/python3.12/site-packages/interfaces/msg/_combo_image.py\n'}
[0.454542] (interfaces) StdoutLine: {'line': b'-- Up-to-date symlink: /home/upo/TFG/ros2_ws/install/interfaces/lib/python3.12/site-packages/interfaces/msg/_combo_image_s.c\n'}
[0.454668] (interfaces) StdoutLine: {'line': b'-- Up-to-date symlink: /home/upo/TFG/ros2_ws/install/interfaces/lib/python3.12/site-packages/interfaces/msg/_goal.py\n'}
[0.454798] (interfaces) StdoutLine: {'line': b'-- Up-to-date symlink: /home/upo/TFG/ros2_ws/install/interfaces/lib/python3.12/site-packages/interfaces/msg/_goal_s.c\n'}
[0.454922] (interfaces) StdoutLine: {'line': b'-- Up-to-date symlink: /home/upo/TFG/ros2_ws/install/interfaces/lib/python3.12/site-packages/interfaces/msg/_request.py\n'}
[0.455045] (interfaces) StdoutLine: {'line': b'-- Up-to-date symlink: /home/upo/TFG/ros2_ws/install/interfaces/lib/python3.12/site-packages/interfaces/msg/_request_s.c\n'}
[0.455168] (interfaces) StdoutLine: {'line': b'-- Up-to-date symlink: /home/upo/TFG/ros2_ws/install/interfaces/lib/python3.12/site-packages/interfaces/msg/_response.py\n'}
[0.455295] (interfaces) StdoutLine: {'line': b'-- Up-to-date symlink: /home/upo/TFG/ros2_ws/install/interfaces/lib/python3.12/site-packages/interfaces/msg/_response_s.c\n'}
[0.455551] (interfaces) StdoutLine: {'line': b'-- Up-to-date symlink: /home/upo/TFG/ros2_ws/install/interfaces/lib/python3.12/site-packages/interfaces/interfaces_s__rosidl_typesupport_fastrtps_c.so\n'}
[0.455767] (interfaces) StdoutLine: {'line': b'-- Up-to-date symlink: /home/upo/TFG/ros2_ws/install/interfaces/lib/python3.12/site-packages/interfaces/interfaces_s__rosidl_typesupport_introspection_c.so\n'}
[0.455975] (interfaces) StdoutLine: {'line': b'-- Up-to-date symlink: /home/upo/TFG/ros2_ws/install/interfaces/lib/python3.12/site-packages/interfaces/interfaces_s__rosidl_typesupport_c.so\n'}
[0.456159] (interfaces) StdoutLine: {'line': b'-- Up-to-date symlink: /home/upo/TFG/ros2_ws/install/interfaces/share/ament_index/resource_index/rust_packages/interfaces\n'}
[0.456587] (interfaces) StdoutLine: {'line': b'-- Up-to-date symlink: /home/upo/TFG/ros2_ws/install/interfaces/share/interfaces/rust/Cargo.toml\n'}
[0.456731] (interfaces) StdoutLine: {'line': b'-- Up-to-date symlink: /home/upo/TFG/ros2_ws/install/interfaces/share/interfaces/rust/build.rs\n'}
[0.456860] (interfaces) StdoutLine: {'line': b'-- Up-to-date symlink: /home/upo/TFG/ros2_ws/install/interfaces/share/interfaces/rust/src/action.rs\n'}
[0.456995] (interfaces) StdoutLine: {'line': b'-- Up-to-date symlink: /home/upo/TFG/ros2_ws/install/interfaces/share/interfaces/rust/src/action/rmw.rs\n'}
[0.457124] (interfaces) StdoutLine: {'line': b'-- Up-to-date symlink: /home/upo/TFG/ros2_ws/install/interfaces/share/interfaces/rust/src/lib.rs\n'}
[0.457226] (interfaces) StdoutLine: {'line': b'-- Up-to-date symlink: /home/upo/TFG/ros2_ws/install/interfaces/share/interfaces/rust/src/msg.rs\n'}
[0.457347] (interfaces) StdoutLine: {'line': b'-- Up-to-date symlink: /home/upo/TFG/ros2_ws/install/interfaces/share/interfaces/rust/src/msg/rmw.rs\n'}
[0.457517] (interfaces) StdoutLine: {'line': b'-- Up-to-date symlink: /home/upo/TFG/ros2_ws/install/interfaces/share/interfaces/msg/Goal.idl\n'}
[0.457701] (interfaces) StdoutLine: {'line': b'-- Up-to-date symlink: /home/upo/TFG/ros2_ws/install/interfaces/share/interfaces/msg/ComboImage.idl\n'}
[0.457843] (interfaces) StdoutLine: {'line': b'-- Up-to-date symlink: /home/upo/TFG/ros2_ws/install/interfaces/share/interfaces/msg/Request.idl\n'}
[0.457988] (interfaces) StdoutLine: {'line': b'-- Up-to-date symlink: /home/upo/TFG/ros2_ws/install/interfaces/share/interfaces/msg/Response.idl\n'}
[0.458123] (interfaces) StdoutLine: {'line': b'-- Up-to-date symlink: /home/upo/TFG/ros2_ws/install/interfaces/share/interfaces/action/Move.idl\n'}
[0.458255] (interfaces) StdoutLine: {'line': b'-- Up-to-date symlink: /home/upo/TFG/ros2_ws/install/interfaces/share/interfaces/msg/Goal.msg\n'}
[0.458379] (interfaces) StdoutLine: {'line': b'-- Up-to-date symlink: /home/upo/TFG/ros2_ws/install/interfaces/share/interfaces/msg/ComboImage.msg\n'}
[0.458501] (interfaces) StdoutLine: {'line': b'-- Up-to-date symlink: /home/upo/TFG/ros2_ws/install/interfaces/share/interfaces/msg/Request.msg\n'}
[0.458631] (interfaces) StdoutLine: {'line': b'-- Up-to-date symlink: /home/upo/TFG/ros2_ws/install/interfaces/share/interfaces/msg/Response.msg\n'}
[0.458809] (interfaces) StdoutLine: {'line': b'-- Up-to-date symlink: /home/upo/TFG/ros2_ws/install/interfaces/share/interfaces/action/Move.action\n'}
[0.459007] (interfaces) StdoutLine: {'line': b'-- Up-to-date symlink: /home/upo/TFG/ros2_ws/install/interfaces/share/ament_index/resource_index/package_run_dependencies/interfaces\n'}
[0.459176] (interfaces) StdoutLine: {'line': b'-- Up-to-date symlink: /home/upo/TFG/ros2_ws/install/interfaces/share/ament_index/resource_index/parent_prefix_path/interfaces\n'}
[0.459324] (interfaces) StdoutLine: {'line': b'-- Up-to-date symlink: /home/upo/TFG/ros2_ws/install/interfaces/share/interfaces/environment/ament_prefix_path.sh\n'}
[0.459458] (interfaces) StdoutLine: {'line': b'-- Up-to-date symlink: /home/upo/TFG/ros2_ws/install/interfaces/share/interfaces/environment/ament_prefix_path.dsv\n'}
[0.459594] (interfaces) StdoutLine: {'line': b'-- Up-to-date symlink: /home/upo/TFG/ros2_ws/install/interfaces/share/interfaces/environment/path.sh\n'}
[0.459760] (interfaces) StdoutLine: {'line': b'-- Up-to-date symlink: /home/upo/TFG/ros2_ws/install/interfaces/share/interfaces/environment/path.dsv\n'}
[0.459934] (interfaces) StdoutLine: {'line': b'-- Up-to-date symlink: /home/upo/TFG/ros2_ws/install/interfaces/share/interfaces/local_setup.bash\n'}
[0.460082] (interfaces) StdoutLine: {'line': b'-- Up-to-date symlink: /home/upo/TFG/ros2_ws/install/interfaces/share/interfaces/local_setup.sh\n'}
[0.460235] (interfaces) StdoutLine: {'line': b'-- Up-to-date symlink: /home/upo/TFG/ros2_ws/install/interfaces/share/interfaces/local_setup.zsh\n'}
[0.460380] (interfaces) StdoutLine: {'line': b'-- Up-to-date symlink: /home/upo/TFG/ros2_ws/install/interfaces/share/interfaces/local_setup.dsv\n'}
[0.460519] (interfaces) StdoutLine: {'line': b'-- Symlinking: /home/upo/TFG/ros2_ws/install/interfaces/share/interfaces/package.dsv\n'}
[0.470842] (interfaces) StdoutLine: {'line': b'-- Up-to-date symlink: /home/upo/TFG/ros2_ws/install/interfaces/share/ament_index/resource_index/packages/interfaces\n'}
[0.471076] (interfaces) StdoutLine: {'line': b'-- Up-to-date symlink: /home/upo/TFG/ros2_ws/install/interfaces/share/interfaces/cmake/rosidl_cmake-extras.cmake\n'}
[0.471242] (interfaces) StdoutLine: {'line': b'-- Up-to-date symlink: /home/upo/TFG/ros2_ws/install/interfaces/share/interfaces/cmake/ament_cmake_export_dependencies-extras.cmake\n'}
[0.471389] (interfaces) StdoutLine: {'line': b'-- Up-to-date symlink: /home/upo/TFG/ros2_ws/install/interfaces/share/interfaces/cmake/ament_cmake_export_include_directories-extras.cmake\n'}
[0.471527] (interfaces) StdoutLine: {'line': b'-- Up-to-date symlink: /home/upo/TFG/ros2_ws/install/interfaces/share/interfaces/cmake/ament_cmake_export_libraries-extras.cmake\n'}
[0.471671] (interfaces) StdoutLine: {'line': b'-- Up-to-date symlink: /home/upo/TFG/ros2_ws/install/interfaces/share/interfaces/cmake/ament_cmake_export_targets-extras.cmake\n'}
[0.471816] (interfaces) StdoutLine: {'line': b'-- Up-to-date symlink: /home/upo/TFG/ros2_ws/install/interfaces/share/interfaces/cmake/rosidl_cmake_export_typesupport_targets-extras.cmake\n'}
[0.472046] (interfaces) StdoutLine: {'line': b'-- Up-to-date symlink: /home/upo/TFG/ros2_ws/install/interfaces/share/interfaces/cmake/rosidl_cmake_export_typesupport_libraries-extras.cmake\n'}
[0.472176] (interfaces) StdoutLine: {'line': b'-- Up-to-date symlink: /home/upo/TFG/ros2_ws/install/interfaces/share/interfaces/cmake/rosidl_cmake_aggregate_target-extras.cmake\n'}
[0.472341] (interfaces) StdoutLine: {'line': b'-- Up-to-date symlink: /home/upo/TFG/ros2_ws/install/interfaces/share/interfaces/cmake/interfacesConfig.cmake\n'}
[0.472466] (interfaces) StdoutLine: {'line': b'-- Up-to-date symlink: /home/upo/TFG/ros2_ws/install/interfaces/share/interfaces/cmake/interfacesConfig-version.cmake\n'}
[0.472617] (interfaces) StdoutLine: {'line': b'-- Up-to-date symlink: /home/upo/TFG/ros2_ws/install/interfaces/share/interfaces/package.xml\n'}
[0.472927] (interfaces) StdoutLine: {'line': b'-- Up-to-date: /home/upo/TFG/ros2_ws/install/interfaces/lib/libinterfaces__rosidl_generator_c.so\n'}
[0.473313] (interfaces) StdoutLine: {'line': b'-- Up-to-date: /home/upo/TFG/ros2_ws/install/interfaces/lib/libinterfaces__rosidl_typesupport_fastrtps_c.so\n'}
[0.473683] (interfaces) StdoutLine: {'line': b'-- Up-to-date: /home/upo/TFG/ros2_ws/install/interfaces/lib/libinterfaces__rosidl_typesupport_fastrtps_cpp.so\n'}
[0.474064] (interfaces) StdoutLine: {'line': b'-- Up-to-date: /home/upo/TFG/ros2_ws/install/interfaces/lib/libinterfaces__rosidl_typesupport_introspection_c.so\n'}
[0.474394] (interfaces) StdoutLine: {'line': b'-- Up-to-date: /home/upo/TFG/ros2_ws/install/interfaces/lib/libinterfaces__rosidl_typesupport_c.so\n'}
[0.474753] (interfaces) StdoutLine: {'line': b'-- Up-to-date: /home/upo/TFG/ros2_ws/install/interfaces/lib/libinterfaces__rosidl_typesupport_introspection_cpp.so\n'}
[0.475112] (interfaces) StdoutLine: {'line': b'-- Up-to-date: /home/upo/TFG/ros2_ws/install/interfaces/lib/libinterfaces__rosidl_typesupport_cpp.so\n'}
[0.499833] (-) TimerEvent: {}
[0.507033] (interfaces) StdoutLine: {'line': b"Listing '/home/upo/TFG/ros2_ws/install/interfaces/lib/python3.12/site-packages/interfaces'...\n"}
[0.507275] (interfaces) StdoutLine: {'line': b"Listing '/home/upo/TFG/ros2_ws/install/interfaces/lib/python3.12/site-packages/interfaces/action'...\n"}
[0.507453] (interfaces) StdoutLine: {'line': b"Listing '/home/upo/TFG/ros2_ws/install/interfaces/lib/python3.12/site-packages/interfaces/msg'...\n"}
[0.513174] (interfaces) StdoutLine: {'line': b'-- Up-to-date: /home/upo/TFG/ros2_ws/install/interfaces/lib/libinterfaces__rosidl_generator_py.so\n'}
[0.513469] (interfaces) StdoutLine: {'line': b'-- Up-to-date: /home/upo/TFG/ros2_ws/install/interfaces/share/interfaces/cmake/export_interfaces__rosidl_generator_cExport.cmake\n'}
[0.513560] (interfaces) StdoutLine: {'line': b'-- Up-to-date: /home/upo/TFG/ros2_ws/install/interfaces/share/interfaces/cmake/export_interfaces__rosidl_generator_cExport-noconfig.cmake\n'}
[0.513649] (interfaces) StdoutLine: {'line': b'-- Up-to-date: /home/upo/TFG/ros2_ws/install/interfaces/share/interfaces/cmake/export_interfaces__rosidl_typesupport_fastrtps_cExport.cmake\n'}
[0.513745] (interfaces) StdoutLine: {'line': b'-- Up-to-date: /home/upo/TFG/ros2_ws/install/interfaces/share/interfaces/cmake/export_interfaces__rosidl_typesupport_fastrtps_cExport-noconfig.cmake\n'}
[0.513857] (interfaces) StdoutLine: {'line': b'-- Up-to-date: /home/upo/TFG/ros2_ws/install/interfaces/share/interfaces/cmake/export_interfaces__rosidl_generator_cppExport.cmake\n'}
[0.513986] (interfaces) StdoutLine: {'line': b'-- Up-to-date: /home/upo/TFG/ros2_ws/install/interfaces/share/interfaces/cmake/export_interfaces__rosidl_typesupport_fastrtps_cppExport.cmake\n'}
[0.514100] (interfaces) StdoutLine: {'line': b'-- Up-to-date: /home/upo/TFG/ros2_ws/install/interfaces/share/interfaces/cmake/export_interfaces__rosidl_typesupport_fastrtps_cppExport-noconfig.cmake\n'}
[0.514227] (interfaces) StdoutLine: {'line': b'-- Up-to-date: /home/upo/TFG/ros2_ws/install/interfaces/share/interfaces/cmake/interfaces__rosidl_typesupport_introspection_cExport.cmake\n'}
[0.514341] (interfaces) StdoutLine: {'line': b'-- Up-to-date: /home/upo/TFG/ros2_ws/install/interfaces/share/interfaces/cmake/interfaces__rosidl_typesupport_introspection_cExport-noconfig.cmake\n'}
[0.514458] (interfaces) StdoutLine: {'line': b'-- Up-to-date: /home/upo/TFG/ros2_ws/install/interfaces/share/interfaces/cmake/interfaces__rosidl_typesupport_cExport.cmake\n'}
[0.514573] (interfaces) StdoutLine: {'line': b'-- Up-to-date: /home/upo/TFG/ros2_ws/install/interfaces/share/interfaces/cmake/interfaces__rosidl_typesupport_cExport-noconfig.cmake\n'}
[0.514734] (interfaces) StdoutLine: {'line': b'-- Up-to-date: /home/upo/TFG/ros2_ws/install/interfaces/share/interfaces/cmake/interfaces__rosidl_typesupport_introspection_cppExport.cmake\n'}
[0.514858] (interfaces) StdoutLine: {'line': b'-- Up-to-date: /home/upo/TFG/ros2_ws/install/interfaces/share/interfaces/cmake/interfaces__rosidl_typesupport_introspection_cppExport-noconfig.cmake\n'}
[0.514974] (interfaces) StdoutLine: {'line': b'-- Up-to-date: /home/upo/TFG/ros2_ws/install/interfaces/share/interfaces/cmake/interfaces__rosidl_typesupport_cppExport.cmake\n'}
[0.515048] (interfaces) StdoutLine: {'line': b'-- Up-to-date: /home/upo/TFG/ros2_ws/install/interfaces/share/interfaces/cmake/interfaces__rosidl_typesupport_cppExport-noconfig.cmake\n'}
[0.515106] (interfaces) StdoutLine: {'line': b'-- Up-to-date: /home/upo/TFG/ros2_ws/install/interfaces/share/interfaces/cmake/export_interfaces__rosidl_generator_pyExport.cmake\n'}
[0.515162] (interfaces) StdoutLine: {'line': b'-- Up-to-date: /home/upo/TFG/ros2_ws/install/interfaces/share/interfaces/cmake/export_interfaces__rosidl_generator_pyExport-noconfig.cmake\n'}
[0.517770] (interfaces) CommandEnded: {'returncode': 0}
[0.536720] (interfaces) JobEnded: {'identifier': 'interfaces', 'rc': 0}
[0.537796] (VLMProcessing) JobStarted: {'identifier': 'VLMProcessing'}
[0.542614] (robotCommunication) JobStarted: {'identifier': 'robotCommunication'}
[0.547342] (robotMovement) JobStarted: {'identifier': 'robotMovement'}
[0.599930] (-) TimerEvent: {}
[0.700194] (-) TimerEvent: {}
[0.800468] (-) TimerEvent: {}
[0.900744] (-) TimerEvent: {}
[1.001013] (-) TimerEvent: {}
[1.101308] (-) TimerEvent: {}
[1.201627] (-) TimerEvent: {}
[1.301971] (-) TimerEvent: {}
[1.402292] (-) TimerEvent: {}
[1.433889] (userCommunication) Command: {'cmd': ['/usr/bin/python3', '-W', 'ignore:setup.py install is deprecated', '-W', 'ignore:easy_install command is deprecated', 'setup.py', 'develop', '--editable', '--build-directory', '/home/upo/TFG/ros2_ws/build/userCommunication/build', '--no-deps', 'symlink_data'], 'cwd': '/home/upo/TFG/ros2_ws/build/userCommunication', 'env': {'LESSOPEN': '| /usr/bin/lesspipe %s', 'GZ_SIM_RESOURCE_PATH': '/opt/ros/jazzy/share', 'USER': 'upo', 'GZ_CONFIG_PATH': '/opt/ros/jazzy/opt/gz_sim_vendor/share/gz:/opt/ros/jazzy/opt/sdformat_vendor/share/gz:/opt/ros/jazzy/opt/gz_gui_vendor/share/gz:/opt/ros/jazzy/opt/gz_transport_vendor/share/gz:/opt/ros/jazzy/opt/gz_rendering_vendor/share/gz:/opt/ros/jazzy/opt/gz_plugin_vendor/share/gz:/opt/ros/jazzy/opt/gz_fuel_tools_vendor/share/gz:/opt/ros/jazzy/opt/gz_msgs_vendor/share/gz:/opt/ros/jazzy/opt/gz_common_vendor/share/gz', 'XDG_SESSION_TYPE': 'x11', 'GIT_ASKPASS': '/usr/share/code/resources/app/extensions/git/dist/askpass.sh', 'SHLVL': '3', 'LD_LIBRARY_PATH': '/home/upo/turtlebot3_ws/install/interfaces/lib:/opt/ros/jazzy/opt/gz_sim_vendor/lib:/opt/ros/jazzy/opt/gz_sensors_vendor/lib:/opt/ros/jazzy/opt/gz_physics_vendor/lib:/opt/ros/jazzy/opt/sdformat_vendor/lib:/opt/ros/jazzy/opt/rviz_ogre_vendor/lib:/opt/ros/jazzy/lib/x86_64-linux-gnu:/opt/ros/jazzy/opt/gz_gui_vendor/lib:/opt/ros/jazzy/opt/gz_transport_vendor/lib:/opt/ros/jazzy/opt/gz_rendering_vendor/lib:/opt/ros/jazzy/opt/gz_plugin_vendor/lib:/opt/ros/jazzy/opt/gz_fuel_tools_vendor/lib:/opt/ros/jazzy/opt/gz_msgs_vendor/lib:/opt/ros/jazzy/opt/gz_common_vendor/lib:/opt/ros/jazzy/opt/gz_math_vendor/lib:/opt/ros/jazzy/opt/gz_utils_vendor/lib:/opt/ros/jazzy/opt/gz_tools_vendor/lib:/opt/ros/jazzy/opt/gz_ogre_next_vendor/lib:/opt/ros/jazzy/opt/gz_dartsim_vendor/lib:/opt/ros/jazzy/opt/gz_cmake_vendor/lib:/opt/ros/jazzy/lib', 'HOME': '/home/upo', 'CHROME_DESKTOP': 'code.desktop', 'OLDPWD': '/home/upo/TFG', 'TERM_PROGRAM_VERSION': '1.126.0', 'DESKTOP_SESSION': 'ubuntu', 'ROS_PYTHON_VERSION': '3', 'GNOME_SHELL_SESSION_MODE': 'ubuntu', 'GTK_MODULES': 'gail:atk-bridge', 'VSCODE_GIT_ASKPASS_MAIN': '/usr/share/code/resources/app/extensions/git/dist/askpass-main.js', 'VSCODE_GIT_ASKPASS_NODE': '/usr/share/code/code', 'DBUS_STARTER_BUS_TYPE': 'session', 'SYSTEMD_EXEC_PID': '2495', 'VSCODE_PYTHON_AUTOACTIVATE_GUARD': '1', 'GSM_SKIP_SSH_AGENT_WORKAROUND': 'true', 'DBUS_SESSION_BUS_ADDRESS': 'unix:path=/run/user/1000/bus,guid=363d1e468aca3fabeca0c6d56a4df74b', 'COLORTERM': 'truecolor', 'DEBUGINFOD_URLS': 'https://debuginfod.ubuntu.com', 'COLCON_PREFIX_PATH': '/home/upo/turtlebot3_ws/install', 'ROS_DISTRO': 'jazzy', 'LOGNAME': 'upo', '_': '/usr/bin/colcon', 'ROS_VERSION': '2', 'MEMORY_PRESSURE_WATCH': '/sys/fs/cgroup/user.slice/user-1000.slice/user@1000.service/app.slice/app-gnome\\x2dsession\\x2dmanager.slice/gnome-session-manager@ubuntu.service/memory.pressure', 'CLAUDE_CODE_SSE_PORT': '55408', 'XDG_SESSION_CLASS': 'user', 'USERNAME': 'upo', 'TERM': 'xterm-256color', 'GNOME_DESKTOP_SESSION_ID': 'this-is-deprecated', 'FC_FONTATIONS': '1', 'WINDOWPATH': '2', 'PATH': '/home/upo/platform-tools:/home/upo/.npm-global/bin:/home/upo/.config/Code/User/globalStorage/github.copilot-chat/debugCommand:/home/upo/.config/Code/User/globalStorage/github.copilot-chat/copilotCli:/opt/ros/jazzy/opt/gz_msgs_vendor/bin:/opt/ros/jazzy/opt/gz_tools_vendor/bin:/opt/ros/jazzy/opt/gz_ogre_next_vendor/bin:/opt/ros/jazzy/bin:/home/upo/platform-tools:/home/upo/.npm-global/bin:/home/upo/.local/bin:/usr/local/sbin:/usr/local/bin:/usr/sbin:/usr/bin:/sbin:/bin:/usr/games:/usr/local/games:/snap/bin:/snap/bin', 'SESSION_MANAGER': 'local/upo-ASUS-TUF-Gaming-A15-FA507RR-TUF507RR:@/tmp/.ICE-unix/2495,unix/upo-ASUS-TUF-Gaming-A15-FA507RR-TUF507RR:/tmp/.ICE-unix/2495', 'XDG_MENU_PREFIX': 'gnome-', 'GNOME_TERMINAL_SCREEN': '/org/gnome/Terminal/screen/2478bdcd_4a6f_4f09_acc2_ea0ad9e073f2', 'XDG_RUNTIME_DIR': '/run/user/1000', 'GDK_BACKEND': 'x11', 'DISPLAY': ':0', 'LANG': 'en_US.UTF-8', 'XDG_CURRENT_DESKTOP': 'ubuntu:GNOME', 'XMODIFIERS': '@im=ibus', 'XDG_SESSION_DESKTOP': 'ubuntu', 'XAUTHORITY': '/run/user/1000/gdm/Xauthority', 'LS_COLORS': 'rs=0:di=01;34:ln=01;36:mh=00:pi=40;33:so=01;35:do=01;35:bd=40;33;01:cd=40;33;01:or=40;31;01:mi=00:su=37;41:sg=30;43:ca=00:tw=30;42:ow=34;42:st=37;44:ex=01;32:*.tar=01;31:*.tgz=01;31:*.arc=01;31:*.arj=01;31:*.taz=01;31:*.lha=01;31:*.lz4=01;31:*.lzh=01;31:*.lzma=01;31:*.tlz=01;31:*.txz=01;31:*.tzo=01;31:*.t7z=01;31:*.zip=01;31:*.z=01;31:*.dz=01;31:*.gz=01;31:*.lrz=01;31:*.lz=01;31:*.lzo=01;31:*.xz=01;31:*.zst=01;31:*.tzst=01;31:*.bz2=01;31:*.bz=01;31:*.tbz=01;31:*.tbz2=01;31:*.tz=01;31:*.deb=01;31:*.rpm=01;31:*.jar=01;31:*.war=01;31:*.ear=01;31:*.sar=01;31:*.rar=01;31:*.alz=01;31:*.ace=01;31:*.zoo=01;31:*.cpio=01;31:*.7z=01;31:*.rz=01;31:*.cab=01;31:*.wim=01;31:*.swm=01;31:*.dwm=01;31:*.esd=01;31:*.avif=01;35:*.jpg=01;35:*.jpeg=01;35:*.mjpg=01;35:*.mjpeg=01;35:*.gif=01;35:*.bmp=01;35:*.pbm=01;35:*.pgm=01;35:*.ppm=01;35:*.tga=01;35:*.xbm=01;35:*.xpm=01;35:*.tif=01;35:*.tiff=01;35:*.png=01;35:*.svg=01;35:*.svgz=01;35:*.mng=01;35:*.pcx=01;35:*.mov=01;35:*.mpg=01;35:*.mpeg=01;35:*.m2v=01;35:*.mkv=01;35:*.webm=01;35:*.webp=01;35:*.ogm=01;35:*.mp4=01;35:*.m4v=01;35:*.mp4v=01;35:*.vob=01;35:*.qt=01;35:*.nuv=01;35:*.wmv=01;35:*.asf=01;35:*.rm=01;35:*.rmvb=01;35:*.flc=01;35:*.avi=01;35:*.fli=01;35:*.flv=01;35:*.gl=01;35:*.dl=01;35:*.xcf=01;35:*.xwd=01;35:*.yuv=01;35:*.cgm=01;35:*.emf=01;35:*.ogv=01;35:*.ogx=01;35:*.aac=00;36:*.au=00;36:*.flac=00;36:*.m4a=00;36:*.mid=00;36:*.midi=00;36:*.mka=00;36:*.mp3=00;36:*.mpc=00;36:*.ogg=00;36:*.ra=00;36:*.wav=00;36:*.oga=00;36:*.opus=00;36:*.spx=00;36:*.xspf=00;36:*~=00;90:*#=00;90:*.bak=00;90:*.crdownload=00;90:*.dpkg-dist=00;90:*.dpkg-new=00;90:*.dpkg-old=00;90:*.dpkg-tmp=00;90:*.old=00;90:*.orig=00;90:*.part=00;90:*.rej=00;90:*.rpmnew=00;90:*.rpmorig=00;90:*.rpmsave=00;90:*.swp=00;90:*.tmp=00;90:*.ucf-dist=00;90:*.ucf-new=00;90:*.ucf-old=00;90:', 'VSCODE_GIT_IPC_HANDLE': '/run/user/1000/vscode-git-466a10eeed.sock', 'GNOME_TERMINAL_SERVICE': ':1.153', 'TERM_PROGRAM': 'vscode', 'SSH_AUTH_SOCK': '/run/user/1000/keyring/ssh', 'AMENT_PREFIX_PATH': '/home/upo/turtlebot3_ws/install/userCommunication:/home/upo/turtlebot3_ws/install/turtlebot3:/home/upo/turtlebot3_ws/install/turtlebot3_teleop:/home/upo/turtlebot3_ws/install/turtlebot3_simulations:/home/upo/turtlebot3_ws/install/turtlebot3_bringup:/home/upo/turtlebot3_ws/install/turtlebot3_node:/home/upo/turtlebot3_ws/install/turtlebot3_navigation2:/home/upo/turtlebot3_ws/install/turtlebot3_gazebo:/home/upo/turtlebot3_ws/install/turtlebot3_fake_node:/home/upo/turtlebot3_ws/install/turtlebot3_example:/home/upo/turtlebot3_ws/install/turtlebot3_description:/home/upo/turtlebot3_ws/install/turtlebot3_cartographer:/home/upo/turtlebot3_ws/install/robotMovement:/home/upo/turtlebot3_ws/install/robotCommunication:/home/upo/turtlebot3_ws/install/VLMProcessing:/home/upo/turtlebot3_ws/install/interfaces:/opt/ros/jazzy', 'SHELL': '/bin/bash', 'QT_ACCESSIBILITY': '1', 'GDMSESSION': 'ubuntu', 'LESSCLOSE': '/usr/bin/lesspipe %s %s', 'GPG_AGENT_INFO': '/run/user/1000/gnupg/S.gpg-agent:0:1', 'ROS_AUTOMATIC_DISCOVERY_RANGE': 'SUBNET', 'VSCODE_GIT_ASKPASS_EXTRA_ARGS': '', 'QT_IM_MODULE': 'ibus', 'PWD': '/home/upo/TFG/ros2_ws/build/userCommunication', 'TURTLEBOT3_MODEL': 'waffle', 'LC_ALL': 'en_US.UTF-8', 'XDG_CONFIG_DIRS': '/etc/xdg/xdg-ubuntu:/etc/xdg', 'COPILOT_DEBUG_NONCE': 'b1d28ae3d882b8fabe7a3762c8804e8c', 'DBUS_STARTER_ADDRESS': 'unix:path=/run/user/1000/bus,guid=363d1e468aca3fabeca0c6d56a4df74b', 'XDG_DATA_DIRS': '/usr/share/ubuntu:/usr/share/gnome:/home/upo/.local/share/flatpak/exports/share:/var/lib/flatpak/exports/share:/usr/local/share/:/usr/share/:/var/lib/snapd/desktop', 'PYTHONPATH': '/home/upo/TFG/ros2_ws/build/userCommunication/prefix_override:/usr/lib/python3/dist-packages/colcon_core/task/python/colcon_distutils_commands:/home/upo/TFG/ros2_ws/install/userCommunication/lib/python3.12/site-packages:/home/upo/turtlebot3_ws/install/userCommunication/lib/python3.12/site-packages:/home/upo/turtlebot3_ws/build/turtlebot3_teleop:/home/upo/turtlebot3_ws/install/turtlebot3_teleop/lib/python3.12/site-packages:/home/upo/turtlebot3_ws/build/turtlebot3_example:/home/upo/turtlebot3_ws/install/turtlebot3_example/lib/python3.12/site-packages:/home/upo/turtlebot3_ws/install/robotMovement/lib/python3.12/site-packages:/home/upo/turtlebot3_ws/install/robotCommunication/lib/python3.12/site-packages:/home/upo/turtlebot3_ws/install/VLMProcessing/lib/python3.12/site-packages:/home/upo/turtlebot3_ws/install/interfaces/lib/python3.12/site-packages:/opt/ros/jazzy/lib/python3.12/site-packages', 'COLCON': '1', 'MEMORY_PRESSURE_WRITE': 'c29tZSAyMDAwMDAgMjAwMDAwMAA=', 'VTE_VERSION': '7600', 'CMAKE_PREFIX_PATH': '/home/upo/turtlebot3_ws/install/turtlebot3:/home/upo/turtlebot3_ws/install/turtlebot3_simulations:/home/upo/turtlebot3_ws/install/turtlebot3_bringup:/home/upo/turtlebot3_ws/install/turtlebot3_node:/home/upo/turtlebot3_ws/install/turtlebot3_navigation2:/home/upo/turtlebot3_ws/install/turtlebot3_gazebo:/home/upo/turtlebot3_ws/install/turtlebot3_fake_node:/home/upo/turtlebot3_ws/install/turtlebot3_description:/home/upo/turtlebot3_ws/install/turtlebot3_cartographer:/home/upo/turtlebot3_ws/install/interfaces:/opt/ros/jazzy/opt/gz_sim_vendor:/opt/ros/jazzy/opt/gz_sensors_vendor:/opt/ros/jazzy/opt/gz_physics_vendor:/opt/ros/jazzy/opt/sdformat_vendor:/opt/ros/jazzy/opt/gz_gui_vendor:/opt/ros/jazzy/opt/gz_transport_vendor:/opt/ros/jazzy/opt/gz_rendering_vendor:/opt/ros/jazzy/opt/gz_plugin_vendor:/opt/ros/jazzy/opt/gz_fuel_tools_vendor:/opt/ros/jazzy/opt/gz_msgs_vendor:/opt/ros/jazzy/opt/gz_common_vendor:/opt/ros/jazzy/opt/gz_math_vendor:/opt/ros/jazzy/opt/gz_utils_vendor:/opt/ros/jazzy/opt/gz_tools_vendor:/opt/ros/jazzy/opt/gz_ogre_next_vendor:/opt/ros/jazzy/opt/gz_dartsim_vendor:/opt/ros/jazzy/opt/gz_cmake_vendor'}, 'shell': False}
[1.502414] (-) TimerEvent: {}
[1.602746] (-) TimerEvent: {}
[1.703090] (-) TimerEvent: {}
[1.752284] (userCommunication) StdoutLine: {'line': b'running develop\n'}
[1.803216] (-) TimerEvent: {}
[1.903575] (-) TimerEvent: {}
[1.956366] (userCommunication) StdoutLine: {'line': b'running egg_info\n'}
[1.976207] (userCommunication) StdoutLine: {'line': b'writing userCommunication.egg-info/PKG-INFO\n'}
[1.976474] (userCommunication) StdoutLine: {'line': b'writing dependency_links to userCommunication.egg-info/dependency_links.txt\n'}
[1.976772] (userCommunication) StdoutLine: {'line': b'writing entry points to userCommunication.egg-info/entry_points.txt\n'}
[1.976947] (userCommunication) StdoutLine: {'line': b'writing requirements to userCommunication.egg-info/requires.txt\n'}
[1.977064] (userCommunication) StdoutLine: {'line': b'writing top-level names to userCommunication.egg-info/top_level.txt\n'}
[1.988385] (VLMProcessing) Command: {'cmd': ['/usr/bin/python3', '-W', 'ignore:setup.py install is deprecated', '-W', 'ignore:easy_install command is deprecated', 'setup.py', 'develop', '--editable', '--build-directory', '/home/upo/TFG/ros2_ws/build/VLMProcessing/build', '--no-deps', 'symlink_data'], 'cwd': '/home/upo/TFG/ros2_ws/build/VLMProcessing', 'env': {'LESSOPEN': '| /usr/bin/lesspipe %s', 'GZ_SIM_RESOURCE_PATH': '/opt/ros/jazzy/share', 'USER': 'upo', 'GZ_CONFIG_PATH': '/opt/ros/jazzy/opt/gz_sim_vendor/share/gz:/opt/ros/jazzy/opt/sdformat_vendor/share/gz:/opt/ros/jazzy/opt/gz_gui_vendor/share/gz:/opt/ros/jazzy/opt/gz_transport_vendor/share/gz:/opt/ros/jazzy/opt/gz_rendering_vendor/share/gz:/opt/ros/jazzy/opt/gz_plugin_vendor/share/gz:/opt/ros/jazzy/opt/gz_fuel_tools_vendor/share/gz:/opt/ros/jazzy/opt/gz_msgs_vendor/share/gz:/opt/ros/jazzy/opt/gz_common_vendor/share/gz', 'XDG_SESSION_TYPE': 'x11', 'GIT_ASKPASS': '/usr/share/code/resources/app/extensions/git/dist/askpass.sh', 'SHLVL': '3', 'LD_LIBRARY_PATH': '/home/upo/TFG/ros2_ws/install/interfaces/lib:/home/upo/turtlebot3_ws/install/interfaces/lib:/opt/ros/jazzy/opt/gz_sim_vendor/lib:/opt/ros/jazzy/opt/gz_sensors_vendor/lib:/opt/ros/jazzy/opt/gz_physics_vendor/lib:/opt/ros/jazzy/opt/sdformat_vendor/lib:/opt/ros/jazzy/opt/rviz_ogre_vendor/lib:/opt/ros/jazzy/lib/x86_64-linux-gnu:/opt/ros/jazzy/opt/gz_gui_vendor/lib:/opt/ros/jazzy/opt/gz_transport_vendor/lib:/opt/ros/jazzy/opt/gz_rendering_vendor/lib:/opt/ros/jazzy/opt/gz_plugin_vendor/lib:/opt/ros/jazzy/opt/gz_fuel_tools_vendor/lib:/opt/ros/jazzy/opt/gz_msgs_vendor/lib:/opt/ros/jazzy/opt/gz_common_vendor/lib:/opt/ros/jazzy/opt/gz_math_vendor/lib:/opt/ros/jazzy/opt/gz_utils_vendor/lib:/opt/ros/jazzy/opt/gz_tools_vendor/lib:/opt/ros/jazzy/opt/gz_ogre_next_vendor/lib:/opt/ros/jazzy/opt/gz_dartsim_vendor/lib:/opt/ros/jazzy/opt/gz_cmake_vendor/lib:/opt/ros/jazzy/lib', 'HOME': '/home/upo', 'CHROME_DESKTOP': 'code.desktop', 'OLDPWD': '/home/upo/TFG', 'TERM_PROGRAM_VERSION': '1.126.0', 'DESKTOP_SESSION': 'ubuntu', 'ROS_PYTHON_VERSION': '3', 'GNOME_SHELL_SESSION_MODE': 'ubuntu', 'GTK_MODULES': 'gail:atk-bridge', 'VSCODE_GIT_ASKPASS_MAIN': '/usr/share/code/resources/app/extensions/git/dist/askpass-main.js', 'VSCODE_GIT_ASKPASS_NODE': '/usr/share/code/code', 'DBUS_STARTER_BUS_TYPE': 'session', 'SYSTEMD_EXEC_PID': '2495', 'VSCODE_PYTHON_AUTOACTIVATE_GUARD': '1', 'GSM_SKIP_SSH_AGENT_WORKAROUND': 'true', 'DBUS_SESSION_BUS_ADDRESS': 'unix:path=/run/user/1000/bus,guid=363d1e468aca3fabeca0c6d56a4df74b', 'COLORTERM': 'truecolor', 'DEBUGINFOD_URLS': 'https://debuginfod.ubuntu.com', 'COLCON_PREFIX_PATH': '/home/upo/turtlebot3_ws/install', 'ROS_DISTRO': 'jazzy', 'LOGNAME': 'upo', '_': '/usr/bin/colcon', 'ROS_VERSION': '2', 'MEMORY_PRESSURE_WATCH': '/sys/fs/cgroup/user.slice/user-1000.slice/user@1000.service/app.slice/app-gnome\\x2dsession\\x2dmanager.slice/gnome-session-manager@ubuntu.service/memory.pressure', 'CLAUDE_CODE_SSE_PORT': '55408', 'XDG_SESSION_CLASS': 'user', 'USERNAME': 'upo', 'TERM': 'xterm-256color', 'GNOME_DESKTOP_SESSION_ID': 'this-is-deprecated', 'FC_FONTATIONS': '1', 'WINDOWPATH': '2', 'PATH': '/home/upo/platform-tools:/home/upo/.npm-global/bin:/home/upo/.config/Code/User/globalStorage/github.copilot-chat/debugCommand:/home/upo/.config/Code/User/globalStorage/github.copilot-chat/copilotCli:/opt/ros/jazzy/opt/gz_msgs_vendor/bin:/opt/ros/jazzy/opt/gz_tools_vendor/bin:/opt/ros/jazzy/opt/gz_ogre_next_vendor/bin:/opt/ros/jazzy/bin:/home/upo/platform-tools:/home/upo/.npm-global/bin:/home/upo/.local/bin:/usr/local/sbin:/usr/local/bin:/usr/sbin:/usr/bin:/sbin:/bin:/usr/games:/usr/local/games:/snap/bin:/snap/bin', 'SESSION_MANAGER': 'local/upo-ASUS-TUF-Gaming-A15-FA507RR-TUF507RR:@/tmp/.ICE-unix/2495,unix/upo-ASUS-TUF-Gaming-A15-FA507RR-TUF507RR:/tmp/.ICE-unix/2495', 'XDG_MENU_PREFIX': 'gnome-', 'GNOME_TERMINAL_SCREEN': '/org/gnome/Terminal/screen/2478bdcd_4a6f_4f09_acc2_ea0ad9e073f2', 'XDG_RUNTIME_DIR': '/run/user/1000', 'GDK_BACKEND': 'x11', 'DISPLAY': ':0', 'LANG': 'en_US.UTF-8', 'XDG_CURRENT_DESKTOP': 'ubuntu:GNOME', 'XMODIFIERS': '@im=ibus', 'XDG_SESSION_DESKTOP': 'ubuntu', 'XAUTHORITY': '/run/user/1000/gdm/Xauthority', 'LS_COLORS': 'rs=0:di=01;34:ln=01;36:mh=00:pi=40;33:so=01;35:do=01;35:bd=40;33;01:cd=40;33;01:or=40;31;01:mi=00:su=37;41:sg=30;43:ca=00:tw=30;42:ow=34;42:st=37;44:ex=01;32:*.tar=01;31:*.tgz=01;31:*.arc=01;31:*.arj=01;31:*.taz=01;31:*.lha=01;31:*.lz4=01;31:*.lzh=01;31:*.lzma=01;31:*.tlz=01;31:*.txz=01;31:*.tzo=01;31:*.t7z=01;31:*.zip=01;31:*.z=01;31:*.dz=01;31:*.gz=01;31:*.lrz=01;31:*.lz=01;31:*.lzo=01;31:*.xz=01;31:*.zst=01;31:*.tzst=01;31:*.bz2=01;31:*.bz=01;31:*.tbz=01;31:*.tbz2=01;31:*.tz=01;31:*.deb=01;31:*.rpm=01;31:*.jar=01;31:*.war=01;31:*.ear=01;31:*.sar=01;31:*.rar=01;31:*.alz=01;31:*.ace=01;31:*.zoo=01;31:*.cpio=01;31:*.7z=01;31:*.rz=01;31:*.cab=01;31:*.wim=01;31:*.swm=01;31:*.dwm=01;31:*.esd=01;31:*.avif=01;35:*.jpg=01;35:*.jpeg=01;35:*.mjpg=01;35:*.mjpeg=01;35:*.gif=01;35:*.bmp=01;35:*.pbm=01;35:*.pgm=01;35:*.ppm=01;35:*.tga=01;35:*.xbm=01;35:*.xpm=01;35:*.tif=01;35:*.tiff=01;35:*.png=01;35:*.svg=01;35:*.svgz=01;35:*.mng=01;35:*.pcx=01;35:*.mov=01;35:*.mpg=01;35:*.mpeg=01;35:*.m2v=01;35:*.mkv=01;35:*.webm=01;35:*.webp=01;35:*.ogm=01;35:*.mp4=01;35:*.m4v=01;35:*.mp4v=01;35:*.vob=01;35:*.qt=01;35:*.nuv=01;35:*.wmv=01;35:*.asf=01;35:*.rm=01;35:*.rmvb=01;35:*.flc=01;35:*.avi=01;35:*.fli=01;35:*.flv=01;35:*.gl=01;35:*.dl=01;35:*.xcf=01;35:*.xwd=01;35:*.yuv=01;35:*.cgm=01;35:*.emf=01;35:*.ogv=01;35:*.ogx=01;35:*.aac=00;36:*.au=00;36:*.flac=00;36:*.m4a=00;36:*.mid=00;36:*.midi=00;36:*.mka=00;36:*.mp3=00;36:*.mpc=00;36:*.ogg=00;36:*.ra=00;36:*.wav=00;36:*.oga=00;36:*.opus=00;36:*.spx=00;36:*.xspf=00;36:*~=00;90:*#=00;90:*.bak=00;90:*.crdownload=00;90:*.dpkg-dist=00;90:*.dpkg-new=00;90:*.dpkg-old=00;90:*.dpkg-tmp=00;90:*.old=00;90:*.orig=00;90:*.part=00;90:*.rej=00;90:*.rpmnew=00;90:*.rpmorig=00;90:*.rpmsave=00;90:*.swp=00;90:*.tmp=00;90:*.ucf-dist=00;90:*.ucf-new=00;90:*.ucf-old=00;90:', 'VSCODE_GIT_IPC_HANDLE': '/run/user/1000/vscode-git-466a10eeed.sock', 'GNOME_TERMINAL_SERVICE': ':1.153', 'TERM_PROGRAM': 'vscode', 'SSH_AUTH_SOCK': '/run/user/1000/keyring/ssh', 'AMENT_PREFIX_PATH': '/home/upo/TFG/ros2_ws/install/interfaces:/home/upo/turtlebot3_ws/install/userCommunication:/home/upo/turtlebot3_ws/install/turtlebot3:/home/upo/turtlebot3_ws/install/turtlebot3_teleop:/home/upo/turtlebot3_ws/install/turtlebot3_simulations:/home/upo/turtlebot3_ws/install/turtlebot3_bringup:/home/upo/turtlebot3_ws/install/turtlebot3_node:/home/upo/turtlebot3_ws/install/turtlebot3_navigation2:/home/upo/turtlebot3_ws/install/turtlebot3_gazebo:/home/upo/turtlebot3_ws/install/turtlebot3_fake_node:/home/upo/turtlebot3_ws/install/turtlebot3_example:/home/upo/turtlebot3_ws/install/turtlebot3_description:/home/upo/turtlebot3_ws/install/turtlebot3_cartographer:/home/upo/turtlebot3_ws/install/robotMovement:/home/upo/turtlebot3_ws/install/robotCommunication:/home/upo/turtlebot3_ws/install/VLMProcessing:/home/upo/turtlebot3_ws/install/interfaces:/opt/ros/jazzy', 'SHELL': '/bin/bash', 'QT_ACCESSIBILITY': '1', 'GDMSESSION': 'ubuntu', 'LESSCLOSE': '/usr/bin/lesspipe %s %s', 'GPG_AGENT_INFO': '/run/user/1000/gnupg/S.gpg-agent:0:1', 'ROS_AUTOMATIC_DISCOVERY_RANGE': 'SUBNET', 'VSCODE_GIT_ASKPASS_EXTRA_ARGS': '', 'QT_IM_MODULE': 'ibus', 'PWD': '/home/upo/TFG/ros2_ws/build/VLMProcessing', 'TURTLEBOT3_MODEL': 'waffle', 'LC_ALL': 'en_US.UTF-8', 'XDG_CONFIG_DIRS': '/etc/xdg/xdg-ubuntu:/etc/xdg', 'COPILOT_DEBUG_NONCE': 'b1d28ae3d882b8fabe7a3762c8804e8c', 'DBUS_STARTER_ADDRESS': 'unix:path=/run/user/1000/bus,guid=363d1e468aca3fabeca0c6d56a4df74b', 'XDG_DATA_DIRS': '/usr/share/ubuntu:/usr/share/gnome:/home/upo/.local/share/flatpak/exports/share:/var/lib/flatpak/exports/share:/usr/local/share/:/usr/share/:/var/lib/snapd/desktop', 'PYTHONPATH': '/home/upo/TFG/ros2_ws/build/VLMProcessing/prefix_override:/usr/lib/python3/dist-packages/colcon_core/task/python/colcon_distutils_commands:/home/upo/TFG/ros2_ws/install/VLMProcessing/lib/python3.12/site-packages:/home/upo/TFG/ros2_ws/install/interfaces/lib/python3.12/site-packages:/home/upo/turtlebot3_ws/install/userCommunication/lib/python3.12/site-packages:/home/upo/turtlebot3_ws/build/turtlebot3_teleop:/home/upo/turtlebot3_ws/install/turtlebot3_teleop/lib/python3.12/site-packages:/home/upo/turtlebot3_ws/build/turtlebot3_example:/home/upo/turtlebot3_ws/install/turtlebot3_example/lib/python3.12/site-packages:/home/upo/turtlebot3_ws/install/robotMovement/lib/python3.12/site-packages:/home/upo/turtlebot3_ws/install/robotCommunication/lib/python3.12/site-packages:/home/upo/turtlebot3_ws/install/VLMProcessing/lib/python3.12/site-packages:/home/upo/turtlebot3_ws/install/interfaces/lib/python3.12/site-packages:/opt/ros/jazzy/lib/python3.12/site-packages', 'COLCON': '1', 'MEMORY_PRESSURE_WRITE': 'c29tZSAyMDAwMDAgMjAwMDAwMAA=', 'VTE_VERSION': '7600', 'CMAKE_PREFIX_PATH': '/home/upo/TFG/ros2_ws/install/interfaces:/home/upo/turtlebot3_ws/install/turtlebot3:/home/upo/turtlebot3_ws/install/turtlebot3_simulations:/home/upo/turtlebot3_ws/install/turtlebot3_bringup:/home/upo/turtlebot3_ws/install/turtlebot3_node:/home/upo/turtlebot3_ws/install/turtlebot3_navigation2:/home/upo/turtlebot3_ws/install/turtlebot3_gazebo:/home/upo/turtlebot3_ws/install/turtlebot3_fake_node:/home/upo/turtlebot3_ws/install/turtlebot3_description:/home/upo/turtlebot3_ws/install/turtlebot3_cartographer:/home/upo/turtlebot3_ws/install/interfaces:/opt/ros/jazzy/opt/gz_sim_vendor:/opt/ros/jazzy/opt/gz_sensors_vendor:/opt/ros/jazzy/opt/gz_physics_vendor:/opt/ros/jazzy/opt/sdformat_vendor:/opt/ros/jazzy/opt/gz_gui_vendor:/opt/ros/jazzy/opt/gz_transport_vendor:/opt/ros/jazzy/opt/gz_rendering_vendor:/opt/ros/jazzy/opt/gz_plugin_vendor:/opt/ros/jazzy/opt/gz_fuel_tools_vendor:/opt/ros/jazzy/opt/gz_msgs_vendor:/opt/ros/jazzy/opt/gz_common_vendor:/opt/ros/jazzy/opt/gz_math_vendor:/opt/ros/jazzy/opt/gz_utils_vendor:/opt/ros/jazzy/opt/gz_tools_vendor:/opt/ros/jazzy/opt/gz_ogre_next_vendor:/opt/ros/jazzy/opt/gz_dartsim_vendor:/opt/ros/jazzy/opt/gz_cmake_vendor'}, 'shell': False}
[2.003771] (-) TimerEvent: {}
[2.004405] (robotCommunication) Command: {'cmd': ['/usr/bin/python3', '-W', 'ignore:setup.py install is deprecated', '-W', 'ignore:easy_install command is deprecated', 'setup.py', 'develop', '--editable', '--build-directory', '/home/upo/TFG/ros2_ws/build/robotCommunication/build', '--no-deps', 'symlink_data'], 'cwd': '/home/upo/TFG/ros2_ws/build/robotCommunication', 'env': {'LESSOPEN': '| /usr/bin/lesspipe %s', 'GZ_SIM_RESOURCE_PATH': '/opt/ros/jazzy/share', 'USER': 'upo', 'GZ_CONFIG_PATH': '/opt/ros/jazzy/opt/gz_sim_vendor/share/gz:/opt/ros/jazzy/opt/sdformat_vendor/share/gz:/opt/ros/jazzy/opt/gz_gui_vendor/share/gz:/opt/ros/jazzy/opt/gz_transport_vendor/share/gz:/opt/ros/jazzy/opt/gz_rendering_vendor/share/gz:/opt/ros/jazzy/opt/gz_plugin_vendor/share/gz:/opt/ros/jazzy/opt/gz_fuel_tools_vendor/share/gz:/opt/ros/jazzy/opt/gz_msgs_vendor/share/gz:/opt/ros/jazzy/opt/gz_common_vendor/share/gz', 'XDG_SESSION_TYPE': 'x11', 'GIT_ASKPASS': '/usr/share/code/resources/app/extensions/git/dist/askpass.sh', 'SHLVL': '3', 'LD_LIBRARY_PATH': '/home/upo/TFG/ros2_ws/install/interfaces/lib:/home/upo/turtlebot3_ws/install/interfaces/lib:/opt/ros/jazzy/opt/gz_sim_vendor/lib:/opt/ros/jazzy/opt/gz_sensors_vendor/lib:/opt/ros/jazzy/opt/gz_physics_vendor/lib:/opt/ros/jazzy/opt/sdformat_vendor/lib:/opt/ros/jazzy/opt/rviz_ogre_vendor/lib:/opt/ros/jazzy/lib/x86_64-linux-gnu:/opt/ros/jazzy/opt/gz_gui_vendor/lib:/opt/ros/jazzy/opt/gz_transport_vendor/lib:/opt/ros/jazzy/opt/gz_rendering_vendor/lib:/opt/ros/jazzy/opt/gz_plugin_vendor/lib:/opt/ros/jazzy/opt/gz_fuel_tools_vendor/lib:/opt/ros/jazzy/opt/gz_msgs_vendor/lib:/opt/ros/jazzy/opt/gz_common_vendor/lib:/opt/ros/jazzy/opt/gz_math_vendor/lib:/opt/ros/jazzy/opt/gz_utils_vendor/lib:/opt/ros/jazzy/opt/gz_tools_vendor/lib:/opt/ros/jazzy/opt/gz_ogre_next_vendor/lib:/opt/ros/jazzy/opt/gz_dartsim_vendor/lib:/opt/ros/jazzy/opt/gz_cmake_vendor/lib:/opt/ros/jazzy/lib', 'HOME': '/home/upo', 'CHROME_DESKTOP': 'code.desktop', 'OLDPWD': '/home/upo/TFG', 'TERM_PROGRAM_VERSION': '1.126.0', 'DESKTOP_SESSION': 'ubuntu', 'ROS_PYTHON_VERSION': '3', 'GNOME_SHELL_SESSION_MODE': 'ubuntu', 'GTK_MODULES': 'gail:atk-bridge', 'VSCODE_GIT_ASKPASS_MAIN': '/usr/share/code/resources/app/extensions/git/dist/askpass-main.js', 'VSCODE_GIT_ASKPASS_NODE': '/usr/share/code/code', 'DBUS_STARTER_BUS_TYPE': 'session', 'SYSTEMD_EXEC_PID': '2495', 'VSCODE_PYTHON_AUTOACTIVATE_GUARD': '1', 'GSM_SKIP_SSH_AGENT_WORKAROUND': 'true', 'DBUS_SESSION_BUS_ADDRESS': 'unix:path=/run/user/1000/bus,guid=363d1e468aca3fabeca0c6d56a4df74b', 'COLORTERM': 'truecolor', 'DEBUGINFOD_URLS': 'https://debuginfod.ubuntu.com', 'COLCON_PREFIX_PATH': '/home/upo/turtlebot3_ws/install', 'ROS_DISTRO': 'jazzy', 'LOGNAME': 'upo', '_': '/usr/bin/colcon', 'ROS_VERSION': '2', 'MEMORY_PRESSURE_WATCH': '/sys/fs/cgroup/user.slice/user-1000.slice/user@1000.service/app.slice/app-gnome\\x2dsession\\x2dmanager.slice/gnome-session-manager@ubuntu.service/memory.pressure', 'CLAUDE_CODE_SSE_PORT': '55408', 'XDG_SESSION_CLASS': 'user', 'USERNAME': 'upo', 'TERM': 'xterm-256color', 'GNOME_DESKTOP_SESSION_ID': 'this-is-deprecated', 'FC_FONTATIONS': '1', 'WINDOWPATH': '2', 'PATH': '/home/upo/platform-tools:/home/upo/.npm-global/bin:/home/upo/.config/Code/User/globalStorage/github.copilot-chat/debugCommand:/home/upo/.config/Code/User/globalStorage/github.copilot-chat/copilotCli:/opt/ros/jazzy/opt/gz_msgs_vendor/bin:/opt/ros/jazzy/opt/gz_tools_vendor/bin:/opt/ros/jazzy/opt/gz_ogre_next_vendor/bin:/opt/ros/jazzy/bin:/home/upo/platform-tools:/home/upo/.npm-global/bin:/home/upo/.local/bin:/usr/local/sbin:/usr/local/bin:/usr/sbin:/usr/bin:/sbin:/bin:/usr/games:/usr/local/games:/snap/bin:/snap/bin', 'SESSION_MANAGER': 'local/upo-ASUS-TUF-Gaming-A15-FA507RR-TUF507RR:@/tmp/.ICE-unix/2495,unix/upo-ASUS-TUF-Gaming-A15-FA507RR-TUF507RR:/tmp/.ICE-unix/2495', 'XDG_MENU_PREFIX': 'gnome-', 'GNOME_TERMINAL_SCREEN': '/org/gnome/Terminal/screen/2478bdcd_4a6f_4f09_acc2_ea0ad9e073f2', 'XDG_RUNTIME_DIR': '/run/user/1000', 'GDK_BACKEND': 'x11', 'DISPLAY': ':0', 'LANG': 'en_US.UTF-8', 'XDG_CURRENT_DESKTOP': 'ubuntu:GNOME', 'XMODIFIERS': '@im=ibus', 'XDG_SESSION_DESKTOP': 'ubuntu', 'XAUTHORITY': '/run/user/1000/gdm/Xauthority', 'LS_COLORS': 'rs=0:di=01;34:ln=01;36:mh=00:pi=40;33:so=01;35:do=01;35:bd=40;33;01:cd=40;33;01:or=40;31;01:mi=00:su=37;41:sg=30;43:ca=00:tw=30;42:ow=34;42:st=37;44:ex=01;32:*.tar=01;31:*.tgz=01;31:*.arc=01;31:*.arj=01;31:*.taz=01;31:*.lha=01;31:*.lz4=01;31:*.lzh=01;31:*.lzma=01;31:*.tlz=01;31:*.txz=01;31:*.tzo=01;31:*.t7z=01;31:*.zip=01;31:*.z=01;31:*.dz=01;31:*.gz=01;31:*.lrz=01;31:*.lz=01;31:*.lzo=01;31:*.xz=01;31:*.zst=01;31:*.tzst=01;31:*.bz2=01;31:*.bz=01;31:*.tbz=01;31:*.tbz2=01;31:*.tz=01;31:*.deb=01;31:*.rpm=01;31:*.jar=01;31:*.war=01;31:*.ear=01;31:*.sar=01;31:*.rar=01;31:*.alz=01;31:*.ace=01;31:*.zoo=01;31:*.cpio=01;31:*.7z=01;31:*.rz=01;31:*.cab=01;31:*.wim=01;31:*.swm=01;31:*.dwm=01;31:*.esd=01;31:*.avif=01;35:*.jpg=01;35:*.jpeg=01;35:*.mjpg=01;35:*.mjpeg=01;35:*.gif=01;35:*.bmp=01;35:*.pbm=01;35:*.pgm=01;35:*.ppm=01;35:*.tga=01;35:*.xbm=01;35:*.xpm=01;35:*.tif=01;35:*.tiff=01;35:*.png=01;35:*.svg=01;35:*.svgz=01;35:*.mng=01;35:*.pcx=01;35:*.mov=01;35:*.mpg=01;35:*.mpeg=01;35:*.m2v=01;35:*.mkv=01;35:*.webm=01;35:*.webp=01;35:*.ogm=01;35:*.mp4=01;35:*.m4v=01;35:*.mp4v=01;35:*.vob=01;35:*.qt=01;35:*.nuv=01;35:*.wmv=01;35:*.asf=01;35:*.rm=01;35:*.rmvb=01;35:*.flc=01;35:*.avi=01;35:*.fli=01;35:*.flv=01;35:*.gl=01;35:*.dl=01;35:*.xcf=01;35:*.xwd=01;35:*.yuv=01;35:*.cgm=01;35:*.emf=01;35:*.ogv=01;35:*.ogx=01;35:*.aac=00;36:*.au=00;36:*.flac=00;36:*.m4a=00;36:*.mid=00;36:*.midi=00;36:*.mka=00;36:*.mp3=00;36:*.mpc=00;36:*.ogg=00;36:*.ra=00;36:*.wav=00;36:*.oga=00;36:*.opus=00;36:*.spx=00;36:*.xspf=00;36:*~=00;90:*#=00;90:*.bak=00;90:*.crdownload=00;90:*.dpkg-dist=00;90:*.dpkg-new=00;90:*.dpkg-old=00;90:*.dpkg-tmp=00;90:*.old=00;90:*.orig=00;90:*.part=00;90:*.rej=00;90:*.rpmnew=00;90:*.rpmorig=00;90:*.rpmsave=00;90:*.swp=00;90:*.tmp=00;90:*.ucf-dist=00;90:*.ucf-new=00;90:*.ucf-old=00;90:', 'VSCODE_GIT_IPC_HANDLE': '/run/user/1000/vscode-git-466a10eeed.sock', 'GNOME_TERMINAL_SERVICE': ':1.153', 'TERM_PROGRAM': 'vscode', 'SSH_AUTH_SOCK': '/run/user/1000/keyring/ssh', 'AMENT_PREFIX_PATH': '/home/upo/TFG/ros2_ws/install/interfaces:/home/upo/turtlebot3_ws/install/userCommunication:/home/upo/turtlebot3_ws/install/turtlebot3:/home/upo/turtlebot3_ws/install/turtlebot3_teleop:/home/upo/turtlebot3_ws/install/turtlebot3_simulations:/home/upo/turtlebot3_ws/install/turtlebot3_bringup:/home/upo/turtlebot3_ws/install/turtlebot3_node:/home/upo/turtlebot3_ws/install/turtlebot3_navigation2:/home/upo/turtlebot3_ws/install/turtlebot3_gazebo:/home/upo/turtlebot3_ws/install/turtlebot3_fake_node:/home/upo/turtlebot3_ws/install/turtlebot3_example:/home/upo/turtlebot3_ws/install/turtlebot3_description:/home/upo/turtlebot3_ws/install/turtlebot3_cartographer:/home/upo/turtlebot3_ws/install/robotMovement:/home/upo/turtlebot3_ws/install/robotCommunication:/home/upo/turtlebot3_ws/install/VLMProcessing:/home/upo/turtlebot3_ws/install/interfaces:/opt/ros/jazzy', 'SHELL': '/bin/bash', 'QT_ACCESSIBILITY': '1', 'GDMSESSION': 'ubuntu', 'LESSCLOSE': '/usr/bin/lesspipe %s %s', 'GPG_AGENT_INFO': '/run/user/1000/gnupg/S.gpg-agent:0:1', 'ROS_AUTOMATIC_DISCOVERY_RANGE': 'SUBNET', 'VSCODE_GIT_ASKPASS_EXTRA_ARGS': '', 'QT_IM_MODULE': 'ibus', 'PWD': '/home/upo/TFG/ros2_ws/build/robotCommunication', 'TURTLEBOT3_MODEL': 'waffle', 'LC_ALL': 'en_US.UTF-8', 'XDG_CONFIG_DIRS': '/etc/xdg/xdg-ubuntu:/etc/xdg', 'COPILOT_DEBUG_NONCE': 'b1d28ae3d882b8fabe7a3762c8804e8c', 'DBUS_STARTER_ADDRESS': 'unix:path=/run/user/1000/bus,guid=363d1e468aca3fabeca0c6d56a4df74b', 'XDG_DATA_DIRS': '/usr/share/ubuntu:/usr/share/gnome:/home/upo/.local/share/flatpak/exports/share:/var/lib/flatpak/exports/share:/usr/local/share/:/usr/share/:/var/lib/snapd/desktop', 'PYTHONPATH': '/home/upo/TFG/ros2_ws/build/robotCommunication/prefix_override:/usr/lib/python3/dist-packages/colcon_core/task/python/colcon_distutils_commands:/home/upo/TFG/ros2_ws/install/robotCommunication/lib/python3.12/site-packages:/home/upo/TFG/ros2_ws/install/interfaces/lib/python3.12/site-packages:/home/upo/turtlebot3_ws/install/userCommunication/lib/python3.12/site-packages:/home/upo/turtlebot3_ws/build/turtlebot3_teleop:/home/upo/turtlebot3_ws/install/turtlebot3_teleop/lib/python3.12/site-packages:/home/upo/turtlebot3_ws/build/turtlebot3_example:/home/upo/turtlebot3_ws/install/turtlebot3_example/lib/python3.12/site-packages:/home/upo/turtlebot3_ws/install/robotMovement/lib/python3.12/site-packages:/home/upo/turtlebot3_ws/install/robotCommunication/lib/python3.12/site-packages:/home/upo/turtlebot3_ws/install/VLMProcessing/lib/python3.12/site-packages:/home/upo/turtlebot3_ws/install/interfaces/lib/python3.12/site-packages:/opt/ros/jazzy/lib/python3.12/site-packages', 'COLCON': '1', 'MEMORY_PRESSURE_WRITE': 'c29tZSAyMDAwMDAgMjAwMDAwMAA=', 'VTE_VERSION': '7600', 'CMAKE_PREFIX_PATH': '/home/upo/TFG/ros2_ws/install/interfaces:/home/upo/turtlebot3_ws/install/turtlebot3:/home/upo/turtlebot3_ws/install/turtlebot3_simulations:/home/upo/turtlebot3_ws/install/turtlebot3_bringup:/home/upo/turtlebot3_ws/install/turtlebot3_node:/home/upo/turtlebot3_ws/install/turtlebot3_navigation2:/home/upo/turtlebot3_ws/install/turtlebot3_gazebo:/home/upo/turtlebot3_ws/install/turtlebot3_fake_node:/home/upo/turtlebot3_ws/install/turtlebot3_description:/home/upo/turtlebot3_ws/install/turtlebot3_cartographer:/home/upo/turtlebot3_ws/install/interfaces:/opt/ros/jazzy/opt/gz_sim_vendor:/opt/ros/jazzy/opt/gz_sensors_vendor:/opt/ros/jazzy/opt/gz_physics_vendor:/opt/ros/jazzy/opt/sdformat_vendor:/opt/ros/jazzy/opt/gz_gui_vendor:/opt/ros/jazzy/opt/gz_transport_vendor:/opt/ros/jazzy/opt/gz_rendering_vendor:/opt/ros/jazzy/opt/gz_plugin_vendor:/opt/ros/jazzy/opt/gz_fuel_tools_vendor:/opt/ros/jazzy/opt/gz_msgs_vendor:/opt/ros/jazzy/opt/gz_common_vendor:/opt/ros/jazzy/opt/gz_math_vendor:/opt/ros/jazzy/opt/gz_utils_vendor:/opt/ros/jazzy/opt/gz_tools_vendor:/opt/ros/jazzy/opt/gz_ogre_next_vendor:/opt/ros/jazzy/opt/gz_dartsim_vendor:/opt/ros/jazzy/opt/gz_cmake_vendor'}, 'shell': False}
[2.017497] (userCommunication) StdoutLine: {'line': b"reading manifest file 'userCommunication.egg-info/SOURCES.txt'\n"}
[2.018140] (userCommunication) StdoutLine: {'line': b"writing manifest file 'userCommunication.egg-info/SOURCES.txt'\n"}
[2.039488] (userCommunication) StdoutLine: {'line': b'running build_ext\n'}
[2.039702] (userCommunication) StdoutLine: {'line': b'Creating /home/upo/TFG/ros2_ws/install/userCommunication/lib/python3.12/site-packages/userCommunication.egg-link (link to .)\n'}
[2.040359] (userCommunication) StdoutLine: {'line': b'Installing userCommunication script to /home/upo/TFG/ros2_ws/install/userCommunication/lib/userCommunication\n'}
[2.040586] (userCommunication) StdoutLine: {'line': b'\n'}
[2.040769] (userCommunication) StdoutLine: {'line': b'Installed /home/upo/TFG/ros2_ws/build/userCommunication\n'}
[2.040910] (userCommunication) StdoutLine: {'line': b'running symlink_data\n'}
[2.041131] (robotMovement) Command: {'cmd': ['/usr/bin/python3', '-W', 'ignore:setup.py install is deprecated', '-W', 'ignore:easy_install command is deprecated', 'setup.py', 'develop', '--editable', '--build-directory', '/home/upo/TFG/ros2_ws/build/robotMovement/build', '--no-deps', 'symlink_data'], 'cwd': '/home/upo/TFG/ros2_ws/build/robotMovement', 'env': {'LESSOPEN': '| /usr/bin/lesspipe %s', 'GZ_SIM_RESOURCE_PATH': '/opt/ros/jazzy/share', 'USER': 'upo', 'GZ_CONFIG_PATH': '/opt/ros/jazzy/opt/gz_sim_vendor/share/gz:/opt/ros/jazzy/opt/sdformat_vendor/share/gz:/opt/ros/jazzy/opt/gz_gui_vendor/share/gz:/opt/ros/jazzy/opt/gz_transport_vendor/share/gz:/opt/ros/jazzy/opt/gz_rendering_vendor/share/gz:/opt/ros/jazzy/opt/gz_plugin_vendor/share/gz:/opt/ros/jazzy/opt/gz_fuel_tools_vendor/share/gz:/opt/ros/jazzy/opt/gz_msgs_vendor/share/gz:/opt/ros/jazzy/opt/gz_common_vendor/share/gz', 'XDG_SESSION_TYPE': 'x11', 'GIT_ASKPASS': '/usr/share/code/resources/app/extensions/git/dist/askpass.sh', 'SHLVL': '3', 'LD_LIBRARY_PATH': '/home/upo/TFG/ros2_ws/install/interfaces/lib:/home/upo/turtlebot3_ws/install/interfaces/lib:/opt/ros/jazzy/opt/gz_sim_vendor/lib:/opt/ros/jazzy/opt/gz_sensors_vendor/lib:/opt/ros/jazzy/opt/gz_physics_vendor/lib:/opt/ros/jazzy/opt/sdformat_vendor/lib:/opt/ros/jazzy/opt/rviz_ogre_vendor/lib:/opt/ros/jazzy/lib/x86_64-linux-gnu:/opt/ros/jazzy/opt/gz_gui_vendor/lib:/opt/ros/jazzy/opt/gz_transport_vendor/lib:/opt/ros/jazzy/opt/gz_rendering_vendor/lib:/opt/ros/jazzy/opt/gz_plugin_vendor/lib:/opt/ros/jazzy/opt/gz_fuel_tools_vendor/lib:/opt/ros/jazzy/opt/gz_msgs_vendor/lib:/opt/ros/jazzy/opt/gz_common_vendor/lib:/opt/ros/jazzy/opt/gz_math_vendor/lib:/opt/ros/jazzy/opt/gz_utils_vendor/lib:/opt/ros/jazzy/opt/gz_tools_vendor/lib:/opt/ros/jazzy/opt/gz_ogre_next_vendor/lib:/opt/ros/jazzy/opt/gz_dartsim_vendor/lib:/opt/ros/jazzy/opt/gz_cmake_vendor/lib:/opt/ros/jazzy/lib', 'HOME': '/home/upo', 'CHROME_DESKTOP': 'code.desktop', 'OLDPWD': '/home/upo/TFG', 'TERM_PROGRAM_VERSION': '1.126.0', 'DESKTOP_SESSION': 'ubuntu', 'ROS_PYTHON_VERSION': '3', 'GNOME_SHELL_SESSION_MODE': 'ubuntu', 'GTK_MODULES': 'gail:atk-bridge', 'VSCODE_GIT_ASKPASS_MAIN': '/usr/share/code/resources/app/extensions/git/dist/askpass-main.js', 'VSCODE_GIT_ASKPASS_NODE': '/usr/share/code/code', 'DBUS_STARTER_BUS_TYPE': 'session', 'SYSTEMD_EXEC_PID': '2495', 'VSCODE_PYTHON_AUTOACTIVATE_GUARD': '1', 'GSM_SKIP_SSH_AGENT_WORKAROUND': 'true', 'DBUS_SESSION_BUS_ADDRESS': 'unix:path=/run/user/1000/bus,guid=363d1e468aca3fabeca0c6d56a4df74b', 'COLORTERM': 'truecolor', 'DEBUGINFOD_URLS': 'https://debuginfod.ubuntu.com', 'COLCON_PREFIX_PATH': '/home/upo/turtlebot3_ws/install', 'ROS_DISTRO': 'jazzy', 'LOGNAME': 'upo', '_': '/usr/bin/colcon', 'ROS_VERSION': '2', 'MEMORY_PRESSURE_WATCH': '/sys/fs/cgroup/user.slice/user-1000.slice/user@1000.service/app.slice/app-gnome\\x2dsession\\x2dmanager.slice/gnome-session-manager@ubuntu.service/memory.pressure', 'CLAUDE_CODE_SSE_PORT': '55408', 'XDG_SESSION_CLASS': 'user', 'USERNAME': 'upo', 'TERM': 'xterm-256color', 'GNOME_DESKTOP_SESSION_ID': 'this-is-deprecated', 'FC_FONTATIONS': '1', 'WINDOWPATH': '2', 'PATH': '/home/upo/platform-tools:/home/upo/.npm-global/bin:/home/upo/.config/Code/User/globalStorage/github.copilot-chat/debugCommand:/home/upo/.config/Code/User/globalStorage/github.copilot-chat/copilotCli:/opt/ros/jazzy/opt/gz_msgs_vendor/bin:/opt/ros/jazzy/opt/gz_tools_vendor/bin:/opt/ros/jazzy/opt/gz_ogre_next_vendor/bin:/opt/ros/jazzy/bin:/home/upo/platform-tools:/home/upo/.npm-global/bin:/home/upo/.local/bin:/usr/local/sbin:/usr/local/bin:/usr/sbin:/usr/bin:/sbin:/bin:/usr/games:/usr/local/games:/snap/bin:/snap/bin', 'SESSION_MANAGER': 'local/upo-ASUS-TUF-Gaming-A15-FA507RR-TUF507RR:@/tmp/.ICE-unix/2495,unix/upo-ASUS-TUF-Gaming-A15-FA507RR-TUF507RR:/tmp/.ICE-unix/2495', 'XDG_MENU_PREFIX': 'gnome-', 'GNOME_TERMINAL_SCREEN': '/org/gnome/Terminal/screen/2478bdcd_4a6f_4f09_acc2_ea0ad9e073f2', 'XDG_RUNTIME_DIR': '/run/user/1000', 'GDK_BACKEND': 'x11', 'DISPLAY': ':0', 'LANG': 'en_US.UTF-8', 'XDG_CURRENT_DESKTOP': 'ubuntu:GNOME', 'XMODIFIERS': '@im=ibus', 'XDG_SESSION_DESKTOP': 'ubuntu', 'XAUTHORITY': '/run/user/1000/gdm/Xauthority', 'LS_COLORS': 'rs=0:di=01;34:ln=01;36:mh=00:pi=40;33:so=01;35:do=01;35:bd=40;33;01:cd=40;33;01:or=40;31;01:mi=00:su=37;41:sg=30;43:ca=00:tw=30;42:ow=34;42:st=37;44:ex=01;32:*.tar=01;31:*.tgz=01;31:*.arc=01;31:*.arj=01;31:*.taz=01;31:*.lha=01;31:*.lz4=01;31:*.lzh=01;31:*.lzma=01;31:*.tlz=01;31:*.txz=01;31:*.tzo=01;31:*.t7z=01;31:*.zip=01;31:*.z=01;31:*.dz=01;31:*.gz=01;31:*.lrz=01;31:*.lz=01;31:*.lzo=01;31:*.xz=01;31:*.zst=01;31:*.tzst=01;31:*.bz2=01;31:*.bz=01;31:*.tbz=01;31:*.tbz2=01;31:*.tz=01;31:*.deb=01;31:*.rpm=01;31:*.jar=01;31:*.war=01;31:*.ear=01;31:*.sar=01;31:*.rar=01;31:*.alz=01;31:*.ace=01;31:*.zoo=01;31:*.cpio=01;31:*.7z=01;31:*.rz=01;31:*.cab=01;31:*.wim=01;31:*.swm=01;31:*.dwm=01;31:*.esd=01;31:*.avif=01;35:*.jpg=01;35:*.jpeg=01;35:*.mjpg=01;35:*.mjpeg=01;35:*.gif=01;35:*.bmp=01;35:*.pbm=01;35:*.pgm=01;35:*.ppm=01;35:*.tga=01;35:*.xbm=01;35:*.xpm=01;35:*.tif=01;35:*.tiff=01;35:*.png=01;35:*.svg=01;35:*.svgz=01;35:*.mng=01;35:*.pcx=01;35:*.mov=01;35:*.mpg=01;35:*.mpeg=01;35:*.m2v=01;35:*.mkv=01;35:*.webm=01;35:*.webp=01;35:*.ogm=01;35:*.mp4=01;35:*.m4v=01;35:*.mp4v=01;35:*.vob=01;35:*.qt=01;35:*.nuv=01;35:*.wmv=01;35:*.asf=01;35:*.rm=01;35:*.rmvb=01;35:*.flc=01;35:*.avi=01;35:*.fli=01;35:*.flv=01;35:*.gl=01;35:*.dl=01;35:*.xcf=01;35:*.xwd=01;35:*.yuv=01;35:*.cgm=01;35:*.emf=01;35:*.ogv=01;35:*.ogx=01;35:*.aac=00;36:*.au=00;36:*.flac=00;36:*.m4a=00;36:*.mid=00;36:*.midi=00;36:*.mka=00;36:*.mp3=00;36:*.mpc=00;36:*.ogg=00;36:*.ra=00;36:*.wav=00;36:*.oga=00;36:*.opus=00;36:*.spx=00;36:*.xspf=00;36:*~=00;90:*#=00;90:*.bak=00;90:*.crdownload=00;90:*.dpkg-dist=00;90:*.dpkg-new=00;90:*.dpkg-old=00;90:*.dpkg-tmp=00;90:*.old=00;90:*.orig=00;90:*.part=00;90:*.rej=00;90:*.rpmnew=00;90:*.rpmorig=00;90:*.rpmsave=00;90:*.swp=00;90:*.tmp=00;90:*.ucf-dist=00;90:*.ucf-new=00;90:*.ucf-old=00;90:', 'VSCODE_GIT_IPC_HANDLE': '/run/user/1000/vscode-git-466a10eeed.sock', 'GNOME_TERMINAL_SERVICE': ':1.153', 'TERM_PROGRAM': 'vscode', 'SSH_AUTH_SOCK': '/run/user/1000/keyring/ssh', 'AMENT_PREFIX_PATH': '/home/upo/TFG/ros2_ws/install/interfaces:/home/upo/turtlebot3_ws/install/userCommunication:/home/upo/turtlebot3_ws/install/turtlebot3:/home/upo/turtlebot3_ws/install/turtlebot3_teleop:/home/upo/turtlebot3_ws/install/turtlebot3_simulations:/home/upo/turtlebot3_ws/install/turtlebot3_bringup:/home/upo/turtlebot3_ws/install/turtlebot3_node:/home/upo/turtlebot3_ws/install/turtlebot3_navigation2:/home/upo/turtlebot3_ws/install/turtlebot3_gazebo:/home/upo/turtlebot3_ws/install/turtlebot3_fake_node:/home/upo/turtlebot3_ws/install/turtlebot3_example:/home/upo/turtlebot3_ws/install/turtlebot3_description:/home/upo/turtlebot3_ws/install/turtlebot3_cartographer:/home/upo/turtlebot3_ws/install/robotMovement:/home/upo/turtlebot3_ws/install/robotCommunication:/home/upo/turtlebot3_ws/install/VLMProcessing:/home/upo/turtlebot3_ws/install/interfaces:/opt/ros/jazzy', 'SHELL': '/bin/bash', 'QT_ACCESSIBILITY': '1', 'GDMSESSION': 'ubuntu', 'LESSCLOSE': '/usr/bin/lesspipe %s %s', 'GPG_AGENT_INFO': '/run/user/1000/gnupg/S.gpg-agent:0:1', 'ROS_AUTOMATIC_DISCOVERY_RANGE': 'SUBNET', 'VSCODE_GIT_ASKPASS_EXTRA_ARGS': '', 'QT_IM_MODULE': 'ibus', 'PWD': '/home/upo/TFG/ros2_ws/build/robotMovement', 'TURTLEBOT3_MODEL': 'waffle', 'LC_ALL': 'en_US.UTF-8', 'XDG_CONFIG_DIRS': '/etc/xdg/xdg-ubuntu:/etc/xdg', 'COPILOT_DEBUG_NONCE': 'b1d28ae3d882b8fabe7a3762c8804e8c', 'DBUS_STARTER_ADDRESS': 'unix:path=/run/user/1000/bus,guid=363d1e468aca3fabeca0c6d56a4df74b', 'XDG_DATA_DIRS': '/usr/share/ubuntu:/usr/share/gnome:/home/upo/.local/share/flatpak/exports/share:/var/lib/flatpak/exports/share:/usr/local/share/:/usr/share/:/var/lib/snapd/desktop', 'PYTHONPATH': '/home/upo/TFG/ros2_ws/build/robotMovement/prefix_override:/usr/lib/python3/dist-packages/colcon_core/task/python/colcon_distutils_commands:/home/upo/TFG/ros2_ws/install/robotMovement/lib/python3.12/site-packages:/home/upo/TFG/ros2_ws/install/interfaces/lib/python3.12/site-packages:/home/upo/turtlebot3_ws/install/userCommunication/lib/python3.12/site-packages:/home/upo/turtlebot3_ws/build/turtlebot3_teleop:/home/upo/turtlebot3_ws/install/turtlebot3_teleop/lib/python3.12/site-packages:/home/upo/turtlebot3_ws/build/turtlebot3_example:/home/upo/turtlebot3_ws/install/turtlebot3_example/lib/python3.12/site-packages:/home/upo/turtlebot3_ws/install/robotMovement/lib/python3.12/site-packages:/home/upo/turtlebot3_ws/install/robotCommunication/lib/python3.12/site-packages:/home/upo/turtlebot3_ws/install/VLMProcessing/lib/python3.12/site-packages:/home/upo/turtlebot3_ws/install/interfaces/lib/python3.12/site-packages:/opt/ros/jazzy/lib/python3.12/site-packages', 'COLCON': '1', 'MEMORY_PRESSURE_WRITE': 'c29tZSAyMDAwMDAgMjAwMDAwMAA=', 'VTE_VERSION': '7600', 'CMAKE_PREFIX_PATH': '/home/upo/TFG/ros2_ws/install/interfaces:/home/upo/turtlebot3_ws/install/turtlebot3:/home/upo/turtlebot3_ws/install/turtlebot3_simulations:/home/upo/turtlebot3_ws/install/turtlebot3_bringup:/home/upo/turtlebot3_ws/install/turtlebot3_node:/home/upo/turtlebot3_ws/install/turtlebot3_navigation2:/home/upo/turtlebot3_ws/install/turtlebot3_gazebo:/home/upo/turtlebot3_ws/install/turtlebot3_fake_node:/home/upo/turtlebot3_ws/install/turtlebot3_description:/home/upo/turtlebot3_ws/install/turtlebot3_cartographer:/home/upo/turtlebot3_ws/install/interfaces:/opt/ros/jazzy/opt/gz_sim_vendor:/opt/ros/jazzy/opt/gz_sensors_vendor:/opt/ros/jazzy/opt/gz_physics_vendor:/opt/ros/jazzy/opt/sdformat_vendor:/opt/ros/jazzy/opt/gz_gui_vendor:/opt/ros/jazzy/opt/gz_transport_vendor:/opt/ros/jazzy/opt/gz_rendering_vendor:/opt/ros/jazzy/opt/gz_plugin_vendor:/opt/ros/jazzy/opt/gz_fuel_tools_vendor:/opt/ros/jazzy/opt/gz_msgs_vendor:/opt/ros/jazzy/opt/gz_common_vendor:/opt/ros/jazzy/opt/gz_math_vendor:/opt/ros/jazzy/opt/gz_utils_vendor:/opt/ros/jazzy/opt/gz_tools_vendor:/opt/ros/jazzy/opt/gz_ogre_next_vendor:/opt/ros/jazzy/opt/gz_dartsim_vendor:/opt/ros/jazzy/opt/gz_cmake_vendor'}, 'shell': False}
[2.074583] (userCommunication) CommandEnded: {'returncode': 0}
[2.083148] (userCommunication) JobEnded: {'identifier': 'userCommunication', 'rc': 0}
[2.103856] (-) TimerEvent: {}
[2.204094] (-) TimerEvent: {}
[2.298625] (VLMProcessing) StdoutLine: {'line': b'running develop\n'}
[2.304165] (-) TimerEvent: {}
[2.312329] (robotCommunication) StdoutLine: {'line': b'running develop\n'}
[2.349998] (robotMovement) StdoutLine: {'line': b'running develop\n'}
[2.404298] (-) TimerEvent: {}
[2.492515] (VLMProcessing) StdoutLine: {'line': b'running egg_info\n'}
[2.504379] (-) TimerEvent: {}
[2.505791] (robotCommunication) StdoutLine: {'line': b'running egg_info\n'}
[2.511752] (VLMProcessing) StdoutLine: {'line': b'writing VLMProcessing.egg-info/PKG-INFO\n'}
[2.511977] (VLMProcessing) StdoutLine: {'line': b'writing dependency_links to VLMProcessing.egg-info/dependency_links.txt\n'}
[2.512164] (VLMProcessing) StdoutLine: {'line': b'writing entry points to VLMProcessing.egg-info/entry_points.txt\n'}
[2.512322] (VLMProcessing) StdoutLine: {'line': b'writing requirements to VLMProcessing.egg-info/requires.txt\n'}
[2.512471] (VLMProcessing) StdoutLine: {'line': b'writing top-level names to VLMProcessing.egg-info/top_level.txt\n'}
[2.524810] (robotCommunication) StdoutLine: {'line': b'writing robotCommunication.egg-info/PKG-INFO\n'}
[2.525014] (robotCommunication) StdoutLine: {'line': b'writing dependency_links to robotCommunication.egg-info/dependency_links.txt\n'}
[2.525177] (robotCommunication) StdoutLine: {'line': b'writing entry points to robotCommunication.egg-info/entry_points.txt\n'}
[2.525312] (robotCommunication) StdoutLine: {'line': b'writing requirements to robotCommunication.egg-info/requires.txt\n'}
[2.525419] (robotCommunication) StdoutLine: {'line': b'writing top-level names to robotCommunication.egg-info/top_level.txt\n'}
[2.549941] (VLMProcessing) StdoutLine: {'line': b"reading manifest file 'VLMProcessing.egg-info/SOURCES.txt'\n"}
[2.550197] (robotMovement) StdoutLine: {'line': b'running egg_info\n'}
[2.550581] (VLMProcessing) StdoutLine: {'line': b"writing manifest file 'VLMProcessing.egg-info/SOURCES.txt'\n"}
[2.563377] (robotCommunication) StdoutLine: {'line': b"reading manifest file 'robotCommunication.egg-info/SOURCES.txt'\n"}
[2.564023] (robotCommunication) StdoutLine: {'line': b"writing manifest file 'robotCommunication.egg-info/SOURCES.txt'\n"}
[2.569135] (robotMovement) StdoutLine: {'line': b'writing robotMovement.egg-info/PKG-INFO\n'}
[2.569466] (robotMovement) StdoutLine: {'line': b'writing dependency_links to robotMovement.egg-info/dependency_links.txt\n'}
[2.569791] (robotMovement) StdoutLine: {'line': b'writing entry points to robotMovement.egg-info/entry_points.txt\n'}
[2.570046] (robotMovement) StdoutLine: {'line': b'writing requirements to robotMovement.egg-info/requires.txt\n'}
[2.570186] (VLMProcessing) StdoutLine: {'line': b'running build_ext\n'}
[2.570315] (robotMovement) StdoutLine: {'line': b'writing top-level names to robotMovement.egg-info/top_level.txt\n'}
[2.570442] (VLMProcessing) StdoutLine: {'line': b'Creating /home/upo/TFG/ros2_ws/install/VLMProcessing/lib/python3.12/site-packages/VLMProcessing.egg-link (link to .)\n'}
[2.570595] (VLMProcessing) StdoutLine: {'line': b'Installing VLMProcessing script to /home/upo/TFG/ros2_ws/install/VLMProcessing/lib/VLMProcessing\n'}
[2.570756] (VLMProcessing) StdoutLine: {'line': b'\n'}
[2.570839] (VLMProcessing) StdoutLine: {'line': b'Installed /home/upo/TFG/ros2_ws/build/VLMProcessing\n'}
[2.570901] (VLMProcessing) StdoutLine: {'line': b'running symlink_data\n'}
[2.583235] (robotCommunication) StdoutLine: {'line': b'running build_ext\n'}
[2.583474] (robotCommunication) StdoutLine: {'line': b'Creating /home/upo/TFG/ros2_ws/install/robotCommunication/lib/python3.12/site-packages/robotCommunication.egg-link (link to .)\n'}
[2.583876] (robotCommunication) StdoutLine: {'line': b'Installing robotCommunication script to /home/upo/TFG/ros2_ws/install/robotCommunication/lib/robotCommunication\n'}
[2.584111] (robotCommunication) StdoutLine: {'line': b'\n'}
[2.584330] (robotCommunication) StdoutLine: {'line': b'Installed /home/upo/TFG/ros2_ws/build/robotCommunication\n'}
[2.584560] (robotCommunication) StdoutLine: {'line': b'running symlink_data\n'}
[2.604540] (-) TimerEvent: {}
[2.605127] (VLMProcessing) CommandEnded: {'returncode': 0}
[2.607681] (robotMovement) StdoutLine: {'line': b"reading manifest file 'robotMovement.egg-info/SOURCES.txt'\n"}
[2.608576] (robotMovement) StdoutLine: {'line': b"writing manifest file 'robotMovement.egg-info/SOURCES.txt'\n"}
[2.611694] (VLMProcessing) JobEnded: {'identifier': 'VLMProcessing', 'rc': 0}
[2.614732] (robotCommunication) CommandEnded: {'returncode': 0}
[2.620469] (robotCommunication) JobEnded: {'identifier': 'robotCommunication', 'rc': 0}
[2.628703] (robotMovement) StdoutLine: {'line': b'running build_ext\n'}
[2.628908] (robotMovement) StdoutLine: {'line': b'Creating /home/upo/TFG/ros2_ws/install/robotMovement/lib/python3.12/site-packages/robotMovement.egg-link (link to .)\n'}
[2.629480] (robotMovement) StdoutLine: {'line': b'Installing robotMovement script to /home/upo/TFG/ros2_ws/install/robotMovement/lib/robotMovement\n'}
[2.629757] (robotMovement) StdoutLine: {'line': b'\n'}
[2.629864] (robotMovement) StdoutLine: {'line': b'Installed /home/upo/TFG/ros2_ws/build/robotMovement\n'}
[2.629979] (robotMovement) StdoutLine: {'line': b'running symlink_data\n'}
[2.663862] (robotMovement) CommandEnded: {'returncode': 0}
[2.669672] (robotMovement) JobEnded: {'identifier': 'robotMovement', 'rc': 0}
[2.670731] (-) EventReactorShutdown: {}
