[0.000000] (-) TimerEvent: {}
[0.000210] (interfaces) JobQueued: {'identifier': 'interfaces', 'dependencies': OrderedDict()}
[0.000505] (userCommunication) JobQueued: {'identifier': 'userCommunication', 'dependencies': OrderedDict()}
[0.000533] (VLMProcessing) JobQueued: {'identifier': 'VLMProcessing', 'dependencies': OrderedDict({'interfaces': '/home/upo/TFG/ros2_ws/install/interfaces'})}
[0.000559] (robotCommunication) JobQueued: {'identifier': 'robotCommunication', 'dependencies': OrderedDict({'interfaces': '/home/upo/TFG/ros2_ws/install/interfaces'})}
[0.000580] (robotMovement) JobQueued: {'identifier': 'robotMovement', 'dependencies': OrderedDict({'interfaces': '/home/upo/TFG/ros2_ws/install/interfaces'})}
[0.000741] (interfaces) JobStarted: {'identifier': 'interfaces'}
[0.008897] (userCommunication) JobStarted: {'identifier': 'userCommunication'}
[0.018551] (interfaces) JobProgress: {'identifier': 'interfaces', 'progress': 'cmake'}
[0.019132] (interfaces) JobProgress: {'identifier': 'interfaces', 'progress': 'build'}
[0.019949] (interfaces) Command: {'cmd': ['/usr/bin/cmake', '--build', '/home/upo/TFG/ros2_ws/build/interfaces', '--', '-j16', '-l16'], 'cwd': '/home/upo/TFG/ros2_ws/build/interfaces', 'env': OrderedDict({'LESSOPEN': '| /usr/bin/lesspipe %s', 'GZ_SIM_RESOURCE_PATH': '/opt/ros/jazzy/share', 'USER': 'upo', 'GZ_CONFIG_PATH': '/opt/ros/jazzy/opt/gz_sim_vendor/share/gz:/opt/ros/jazzy/opt/sdformat_vendor/share/gz:/opt/ros/jazzy/opt/gz_gui_vendor/share/gz:/opt/ros/jazzy/opt/gz_transport_vendor/share/gz:/opt/ros/jazzy/opt/gz_rendering_vendor/share/gz:/opt/ros/jazzy/opt/gz_plugin_vendor/share/gz:/opt/ros/jazzy/opt/gz_fuel_tools_vendor/share/gz:/opt/ros/jazzy/opt/gz_msgs_vendor/share/gz:/opt/ros/jazzy/opt/gz_common_vendor/share/gz', 'XDG_SESSION_TYPE': 'x11', 'GIT_ASKPASS': '/usr/share/code/resources/app/extensions/git/dist/askpass.sh', 'SHLVL': '3', 'LD_LIBRARY_PATH': '/home/upo/turtlebot3_ws/install/interfaces/lib:/opt/ros/jazzy/opt/gz_sim_vendor/lib:/opt/ros/jazzy/opt/gz_sensors_vendor/lib:/opt/ros/jazzy/opt/gz_physics_vendor/lib:/opt/ros/jazzy/opt/sdformat_vendor/lib:/opt/ros/jazzy/opt/rviz_ogre_vendor/lib:/opt/ros/jazzy/lib/x86_64-linux-gnu:/opt/ros/jazzy/opt/gz_gui_vendor/lib:/opt/ros/jazzy/opt/gz_transport_vendor/lib:/opt/ros/jazzy/opt/gz_rendering_vendor/lib:/opt/ros/jazzy/opt/gz_plugin_vendor/lib:/opt/ros/jazzy/opt/gz_fuel_tools_vendor/lib:/opt/ros/jazzy/opt/gz_msgs_vendor/lib:/opt/ros/jazzy/opt/gz_common_vendor/lib:/opt/ros/jazzy/opt/gz_math_vendor/lib:/opt/ros/jazzy/opt/gz_utils_vendor/lib:/opt/ros/jazzy/opt/gz_tools_vendor/lib:/opt/ros/jazzy/opt/gz_ogre_next_vendor/lib:/opt/ros/jazzy/opt/gz_dartsim_vendor/lib:/opt/ros/jazzy/opt/gz_cmake_vendor/lib:/opt/ros/jazzy/lib', 'HOME': '/home/upo', 'CHROME_DESKTOP': 'code.desktop', 'OLDPWD': '/home/upo/TFG', 'TERM_PROGRAM_VERSION': '1.126.0', 'DESKTOP_SESSION': 'ubuntu', 'ROS_PYTHON_VERSION': '3', 'GNOME_SHELL_SESSION_MODE': 'ubuntu', 'GTK_MODULES': 'gail:atk-bridge', 'VSCODE_GIT_ASKPASS_MAIN': '/usr/share/code/resources/app/extensions/git/dist/askpass-main.js', 'VSCODE_GIT_ASKPASS_NODE': '/usr/share/code/code', 'DBUS_STARTER_BUS_TYPE': 'session', 'SYSTEMD_EXEC_PID': '2495', 'VSCODE_PYTHON_AUTOACTIVATE_GUARD': '1', 'GSM_SKIP_SSH_AGENT_WORKAROUND': 'true', 'DBUS_SESSION_BUS_ADDRESS': 'unix:path=/run/user/1000/bus,guid=363d1e468aca3fabeca0c6d56a4df74b', 'COLORTERM': 'truecolor', 'DEBUGINFOD_URLS': 'https://debuginfod.ubuntu.com', 'COLCON_PREFIX_PATH': '/home/upo/turtlebot3_ws/install', 'ROS_DISTRO': 'jazzy', 'LOGNAME': 'upo', '_': '/usr/bin/colcon', 'ROS_VERSION': '2', 'MEMORY_PRESSURE_WATCH': '/sys/fs/cgroup/user.slice/user-1000.slice/user@1000.service/app.slice/app-gnome\\x2dsession\\x2dmanager.slice/gnome-session-manager@ubuntu.service/memory.pressure', 'CLAUDE_CODE_SSE_PORT': '55408', 'XDG_SESSION_CLASS': 'user', 'USERNAME': 'upo', 'TERM': 'xterm-256color', 'GNOME_DESKTOP_SESSION_ID': 'this-is-deprecated', 'FC_FONTATIONS': '1', 'WINDOWPATH': '2', 'PATH': '/home/upo/platform-tools:/home/upo/.npm-global/bin:/home/upo/.config/Code/User/globalStorage/github.copilot-chat/debugCommand:/home/upo/.config/Code/User/globalStorage/github.copilot-chat/copilotCli:/opt/ros/jazzy/opt/gz_msgs_vendor/bin:/opt/ros/jazzy/opt/gz_tools_vendor/bin:/opt/ros/jazzy/opt/gz_ogre_next_vendor/bin:/opt/ros/jazzy/bin:/home/upo/platform-tools:/home/upo/.npm-global/bin:/home/upo/.local/bin:/usr/local/sbin:/usr/local/bin:/usr/sbin:/usr/bin:/sbin:/bin:/usr/games:/usr/local/games:/snap/bin:/snap/bin', 'SESSION_MANAGER': 'local/upo-ASUS-TUF-Gaming-A15-FA507RR-TUF507RR:@/tmp/.ICE-unix/2495,unix/upo-ASUS-TUF-Gaming-A15-FA507RR-TUF507RR:/tmp/.ICE-unix/2495', 'XDG_MENU_PREFIX': 'gnome-', 'GNOME_TERMINAL_SCREEN': '/org/gnome/Terminal/screen/2478bdcd_4a6f_4f09_acc2_ea0ad9e073f2', 'XDG_RUNTIME_DIR': '/run/user/1000', 'GDK_BACKEND': 'x11', 'DISPLAY': ':0', 'LANG': 'en_US.UTF-8', 'XDG_CURRENT_DESKTOP': 'ubuntu:GNOME', 'XMODIFIERS': '@im=ibus', 'XDG_SESSION_DESKTOP': 'ubuntu', 'XAUTHORITY': '/run/user/1000/gdm/Xauthority', 'LS_COLORS': 'rs=0:di=01;34:ln=01;36:mh=00:pi=40;33:so=01;35:do=01;35:bd=40;33;01:cd=40;33;01:or=40;31;01:mi=00:su=37;41:sg=30;43:ca=00:tw=30;42:ow=34;42:st=37;44:ex=01;32:*.tar=01;31:*.tgz=01;31:*.arc=01;31:*.arj=01;31:*.taz=01;31:*.lha=01;31:*.lz4=01;31:*.lzh=01;31:*.lzma=01;31:*.tlz=01;31:*.txz=01;31:*.tzo=01;31:*.t7z=01;31:*.zip=01;31:*.z=01;31:*.dz=01;31:*.gz=01;31:*.lrz=01;31:*.lz=01;31:*.lzo=01;31:*.xz=01;31:*.zst=01;31:*.tzst=01;31:*.bz2=01;31:*.bz=01;31:*.tbz=01;31:*.tbz2=01;31:*.tz=01;31:*.deb=01;31:*.rpm=01;31:*.jar=01;31:*.war=01;31:*.ear=01;31:*.sar=01;31:*.rar=01;31:*.alz=01;31:*.ace=01;31:*.zoo=01;31:*.cpio=01;31:*.7z=01;31:*.rz=01;31:*.cab=01;31:*.wim=01;31:*.swm=01;31:*.dwm=01;31:*.esd=01;31:*.avif=01;35:*.jpg=01;35:*.jpeg=01;35:*.mjpg=01;35:*.mjpeg=01;35:*.gif=01;35:*.bmp=01;35:*.pbm=01;35:*.pgm=01;35:*.ppm=01;35:*.tga=01;35:*.xbm=01;35:*.xpm=01;35:*.tif=01;35:*.tiff=01;35:*.png=01;35:*.svg=01;35:*.svgz=01;35:*.mng=01;35:*.pcx=01;35:*.mov=01;35:*.mpg=01;35:*.mpeg=01;35:*.m2v=01;35:*.mkv=01;35:*.webm=01;35:*.webp=01;35:*.ogm=01;35:*.mp4=01;35:*.m4v=01;35:*.mp4v=01;35:*.vob=01;35:*.qt=01;35:*.nuv=01;35:*.wmv=01;35:*.asf=01;35:*.rm=01;35:*.rmvb=01;35:*.flc=01;35:*.avi=01;35:*.fli=01;35:*.flv=01;35:*.gl=01;35:*.dl=01;35:*.xcf=01;35:*.xwd=01;35:*.yuv=01;35:*.cgm=01;35:*.emf=01;35:*.ogv=01;35:*.ogx=01;35:*.aac=00;36:*.au=00;36:*.flac=00;36:*.m4a=00;36:*.mid=00;36:*.midi=00;36:*.mka=00;36:*.mp3=00;36:*.mpc=00;36:*.ogg=00;36:*.ra=00;36:*.wav=00;36:*.oga=00;36:*.opus=00;36:*.spx=00;36:*.xspf=00;36:*~=00;90:*#=00;90:*.bak=00;90:*.crdownload=00;90:*.dpkg-dist=00;90:*.dpkg-new=00;90:*.dpkg-old=00;90:*.dpkg-tmp=00;90:*.old=00;90:*.orig=00;90:*.part=00;90:*.rej=00;90:*.rpmnew=00;90:*.rpmorig=00;90:*.rpmsave=00;90:*.swp=00;90:*.tmp=00;90:*.ucf-dist=00;90:*.ucf-new=00;90:*.ucf-old=00;90:', 'VSCODE_GIT_IPC_HANDLE': '/run/user/1000/vscode-git-466a10eeed.sock', 'GNOME_TERMINAL_SERVICE': ':1.153', 'TERM_PROGRAM': 'vscode', 'SSH_AUTH_SOCK': '/run/user/1000/keyring/ssh', 'AMENT_PREFIX_PATH': '/home/upo/turtlebot3_ws/install/userCommunication:/home/upo/turtlebot3_ws/install/turtlebot3:/home/upo/turtlebot3_ws/install/turtlebot3_teleop:/home/upo/turtlebot3_ws/install/turtlebot3_simulations:/home/upo/turtlebot3_ws/install/turtlebot3_bringup:/home/upo/turtlebot3_ws/install/turtlebot3_node:/home/upo/turtlebot3_ws/install/turtlebot3_navigation2:/home/upo/turtlebot3_ws/install/turtlebot3_gazebo:/home/upo/turtlebot3_ws/install/turtlebot3_fake_node:/home/upo/turtlebot3_ws/install/turtlebot3_example:/home/upo/turtlebot3_ws/install/turtlebot3_description:/home/upo/turtlebot3_ws/install/turtlebot3_cartographer:/home/upo/turtlebot3_ws/install/robotMovement:/home/upo/turtlebot3_ws/install/robotCommunication:/home/upo/turtlebot3_ws/install/VLMProcessing:/home/upo/turtlebot3_ws/install/interfaces:/opt/ros/jazzy', 'SHELL': '/bin/bash', 'QT_ACCESSIBILITY': '1', 'GDMSESSION': 'ubuntu', 'LESSCLOSE': '/usr/bin/lesspipe %s %s', 'GPG_AGENT_INFO': '/run/user/1000/gnupg/S.gpg-agent:0:1', 'ROS_AUTOMATIC_DISCOVERY_RANGE': 'SUBNET', 'VSCODE_GIT_ASKPASS_EXTRA_ARGS': '', 'QT_IM_MODULE': 'ibus', 'PWD': '/home/upo/TFG/ros2_ws/build/interfaces', 'TURTLEBOT3_MODEL': 'waffle', 'LC_ALL': 'en_US.UTF-8', 'XDG_CONFIG_DIRS': '/etc/xdg/xdg-ubuntu:/etc/xdg', 'COPILOT_DEBUG_NONCE': 'b1d28ae3d882b8fabe7a3762c8804e8c', 'DBUS_STARTER_ADDRESS': 'unix:path=/run/user/1000/bus,guid=363d1e468aca3fabeca0c6d56a4df74b', 'XDG_DATA_DIRS': '/usr/share/ubuntu:/usr/share/gnome:/home/upo/.local/share/flatpak/exports/share:/var/lib/flatpak/exports/share:/usr/local/share/:/usr/share/:/var/lib/snapd/desktop', 'PYTHONPATH': '/home/upo/turtlebot3_ws/install/userCommunication/lib/python3.12/site-packages:/home/upo/turtlebot3_ws/build/turtlebot3_teleop:/home/upo/turtlebot3_ws/install/turtlebot3_teleop/lib/python3.12/site-packages:/home/upo/turtlebot3_ws/build/turtlebot3_example:/home/upo/turtlebot3_ws/install/turtlebot3_example/lib/python3.12/site-packages:/home/upo/turtlebot3_ws/install/robotMovement/lib/python3.12/site-packages:/home/upo/turtlebot3_ws/install/robotCommunication/lib/python3.12/site-packages:/home/upo/turtlebot3_ws/install/VLMProcessing/lib/python3.12/site-packages:/home/upo/turtlebot3_ws/install/interfaces/lib/python3.12/site-packages:/opt/ros/jazzy/lib/python3.12/site-packages', 'COLCON': '1', 'MEMORY_PRESSURE_WRITE': 'c29tZSAyMDAwMDAgMjAwMDAwMAA=', 'VTE_VERSION': '7600', 'CMAKE_PREFIX_PATH': '/home/upo/turtlebot3_ws/install/turtlebot3:/home/upo/turtlebot3_ws/install/turtlebot3_simulations:/home/upo/turtlebot3_ws/install/turtlebot3_bringup:/home/upo/turtlebot3_ws/install/turtlebot3_node:/home/upo/turtlebot3_ws/install/turtlebot3_navigation2:/home/upo/turtlebot3_ws/install/turtlebot3_gazebo:/home/upo/turtlebot3_ws/install/turtlebot3_fake_node:/home/upo/turtlebot3_ws/install/turtlebot3_description:/home/upo/turtlebot3_ws/install/turtlebot3_cartographer:/home/upo/turtlebot3_ws/install/interfaces:/opt/ros/jazzy/opt/gz_sim_vendor:/opt/ros/jazzy/opt/gz_sensors_vendor:/opt/ros/jazzy/opt/gz_physics_vendor:/opt/ros/jazzy/opt/sdformat_vendor:/opt/ros/jazzy/opt/gz_gui_vendor:/opt/ros/jazzy/opt/gz_transport_vendor:/opt/ros/jazzy/opt/gz_rendering_vendor:/opt/ros/jazzy/opt/gz_plugin_vendor:/opt/ros/jazzy/opt/gz_fuel_tools_vendor:/opt/ros/jazzy/opt/gz_msgs_vendor:/opt/ros/jazzy/opt/gz_common_vendor:/opt/ros/jazzy/opt/gz_math_vendor:/opt/ros/jazzy/opt/gz_utils_vendor:/opt/ros/jazzy/opt/gz_tools_vendor:/opt/ros/jazzy/opt/gz_ogre_next_vendor:/opt/ros/jazzy/opt/gz_dartsim_vendor:/opt/ros/jazzy/opt/gz_cmake_vendor:/home/upo/turtlebot3_ws/install/userCommunication:/home/upo/turtlebot3_ws/install/turtlebot3_teleop:/home/upo/turtlebot3_ws/install/turtlebot3_example:/home/upo/turtlebot3_ws/install/robotMovement:/home/upo/turtlebot3_ws/install/robotCommunication:/home/upo/turtlebot3_ws/install/VLMProcessing:/opt/ros/jazzy'}), 'shell': False}
[0.096812] (interfaces) StdoutLine: {'line': b'[  1%] Built target interfaces__rosidl_generator_type_description\n'}
[0.098296] (interfaces) StdoutLine: {'line': b'[  2%] Built target interfaces__rs\n'}
[0.099618] (-) TimerEvent: {}
[0.109762] (interfaces) StdoutLine: {'line': b'[  2%] Built target ament_cmake_python_symlink_interfaces\n'}
[0.128201] (interfaces) StdoutLine: {'line': b'[  4%] Built target interfaces__cpp\n'}
[0.134625] (interfaces) StdoutLine: {'line': b'[ 26%] Built target interfaces__rosidl_generator_c\n'}
[0.165076] (interfaces) StdoutLine: {'line': b'[ 64%] Built target interfaces__rosidl_typesupport_fastrtps_c\n'}
[0.165285] (interfaces) StdoutLine: {'line': b'[ 64%] Built target interfaces__rosidl_typesupport_introspection_c\n'}
[0.165378] (interfaces) StdoutLine: {'line': b'[ 64%] Built target interfaces__rosidl_typesupport_fastrtps_cpp\n'}
[0.165462] (interfaces) StdoutLine: {'line': b'[ 64%] Built target interfaces__rosidl_typesupport_c\n'}
[0.165543] (interfaces) StdoutLine: {'line': b'[ 73%] Built target interfaces__rosidl_typesupport_cpp\n'}
[0.170432] (interfaces) StdoutLine: {'line': b'[ 82%] Built target interfaces__rosidl_typesupport_introspection_cpp\n'}
[0.195000] (interfaces) StdoutLine: {'line': b'[ 82%] Built target interfaces\n'}
[0.199699] (-) TimerEvent: {}
[0.221603] (interfaces) StdoutLine: {'line': b'[ 84%] Built target interfaces__py\n'}
[0.249909] (interfaces) StdoutLine: {'line': b'[ 92%] Built target interfaces__rosidl_generator_py\n'}
[0.274516] (interfaces) StdoutLine: {'line': b'[100%] Built target interfaces_s__rosidl_typesupport_c\n'}
[0.274706] (interfaces) StdoutLine: {'line': b'[100%] Built target interfaces_s__rosidl_typesupport_fastrtps_c\n'}
[0.274801] (interfaces) StdoutLine: {'line': b'[100%] Built target interfaces_s__rosidl_typesupport_introspection_c\n'}
[0.299814] (-) TimerEvent: {}
[0.322926] (interfaces) StdoutLine: {'line': b'running egg_info\n'}
[0.341305] (interfaces) StdoutLine: {'line': b'writing interfaces.egg-info/PKG-INFO\n'}
[0.341624] (interfaces) StdoutLine: {'line': b'writing dependency_links to interfaces.egg-info/dependency_links.txt\n'}
[0.341827] (interfaces) StdoutLine: {'line': b'writing top-level names to interfaces.egg-info/top_level.txt\n'}
[0.394211] (interfaces) StdoutLine: {'line': b"reading manifest file 'interfaces.egg-info/SOURCES.txt'\n"}
[0.394786] (interfaces) StdoutLine: {'line': b"writing manifest file 'interfaces.egg-info/SOURCES.txt'\n"}
[0.399919] (-) TimerEvent: {}
[0.422186] (interfaces) StdoutLine: {'line': b'[100%] Built target ament_cmake_python_build_interfaces_egg\n'}
[0.436802] (interfaces) CommandEnded: {'returncode': 0}
[0.437870] (interfaces) JobProgress: {'identifier': 'interfaces', 'progress': 'install'}
[0.448807] (interfaces) Command: {'cmd': ['/usr/bin/cmake', '--install', '/home/upo/TFG/ros2_ws/build/interfaces'], 'cwd': '/home/upo/TFG/ros2_ws/build/interfaces', 'env': OrderedDict({'LESSOPEN': '| /usr/bin/lesspipe %s', 'GZ_SIM_RESOURCE_PATH': '/opt/ros/jazzy/share', 'USER': 'upo', 'GZ_CONFIG_PATH': '/opt/ros/jazzy/opt/gz_sim_vendor/share/gz:/opt/ros/jazzy/opt/sdformat_vendor/share/gz:/opt/ros/jazzy/opt/gz_gui_vendor/share/gz:/opt/ros/jazzy/opt/gz_transport_vendor/share/gz:/opt/ros/jazzy/opt/gz_rendering_vendor/share/gz:/opt/ros/jazzy/opt/gz_plugin_vendor/share/gz:/opt/ros/jazzy/opt/gz_fuel_tools_vendor/share/gz:/opt/ros/jazzy/opt/gz_msgs_vendor/share/gz:/opt/ros/jazzy/opt/gz_common_vendor/share/gz', 'XDG_SESSION_TYPE': 'x11', 'GIT_ASKPASS': '/usr/share/code/resources/app/extensions/git/dist/askpass.sh', 'SHLVL': '3', 'LD_LIBRARY_PATH': '/home/upo/turtlebot3_ws/install/interfaces/lib:/opt/ros/jazzy/opt/gz_sim_vendor/lib:/opt/ros/jazzy/opt/gz_sensors_vendor/lib:/opt/ros/jazzy/opt/gz_physics_vendor/lib:/opt/ros/jazzy/opt/sdformat_vendor/lib:/opt/ros/jazzy/opt/rviz_ogre_vendor/lib:/opt/ros/jazzy/lib/x86_64-linux-gnu:/opt/ros/jazzy/opt/gz_gui_vendor/lib:/opt/ros/jazzy/opt/gz_transport_vendor/lib:/opt/ros/jazzy/opt/gz_rendering_vendor/lib:/opt/ros/jazzy/opt/gz_plugin_vendor/lib:/opt/ros/jazzy/opt/gz_fuel_tools_vendor/lib:/opt/ros/jazzy/opt/gz_msgs_vendor/lib:/opt/ros/jazzy/opt/gz_common_vendor/lib:/opt/ros/jazzy/opt/gz_math_vendor/lib:/opt/ros/jazzy/opt/gz_utils_vendor/lib:/opt/ros/jazzy/opt/gz_tools_vendor/lib:/opt/ros/jazzy/opt/gz_ogre_next_vendor/lib:/opt/ros/jazzy/opt/gz_dartsim_vendor/lib:/opt/ros/jazzy/opt/gz_cmake_vendor/lib:/opt/ros/jazzy/lib', 'HOME': '/home/upo', 'CHROME_DESKTOP': 'code.desktop', 'OLDPWD': '/home/upo/TFG', 'TERM_PROGRAM_VERSION': '1.126.0', 'DESKTOP_SESSION': 'ubuntu', 'ROS_PYTHON_VERSION': '3', 'GNOME_SHELL_SESSION_MODE': 'ubuntu', 'GTK_MODULES': 'gail:atk-bridge', 'VSCODE_GIT_ASKPASS_MAIN': '/usr/share/code/resources/app/extensions/git/dist/askpass-main.js', 'VSCODE_GIT_ASKPASS_NODE': '/usr/share/code/code', 'DBUS_STARTER_BUS_TYPE': 'session', 'SYSTEMD_EXEC_PID': '2495', 'VSCODE_PYTHON_AUTOACTIVATE_GUARD': '1', 'GSM_SKIP_SSH_AGENT_WORKAROUND': 'true', 'DBUS_SESSION_BUS_ADDRESS': 'unix:path=/run/user/1000/bus,guid=363d1e468aca3fabeca0c6d56a4df74b', 'COLORTERM': 'truecolor', 'DEBUGINFOD_URLS': 'https://debuginfod.ubuntu.com', 'COLCON_PREFIX_PATH': '/home/upo/turtlebot3_ws/install', 'ROS_DISTRO': 'jazzy', 'LOGNAME': 'upo', '_': '/usr/bin/colcon', 'ROS_VERSION': '2', 'MEMORY_PRESSURE_WATCH': '/sys/fs/cgroup/user.slice/user-1000.slice/user@1000.service/app.slice/app-gnome\\x2dsession\\x2dmanager.slice/gnome-session-manager@ubuntu.service/memory.pressure', 'CLAUDE_CODE_SSE_PORT': '55408', 'XDG_SESSION_CLASS': 'user', 'USERNAME': 'upo', 'TERM': 'xterm-256color', 'GNOME_DESKTOP_SESSION_ID': 'this-is-deprecated', 'FC_FONTATIONS': '1', 'WINDOWPATH': '2', 'PATH': '/home/upo/platform-tools:/home/upo/.npm-global/bin:/home/upo/.config/Code/User/globalStorage/github.copilot-chat/debugCommand:/home/upo/.config/Code/User/globalStorage/github.copilot-chat/copilotCli:/opt/ros/jazzy/opt/gz_msgs_vendor/bin:/opt/ros/jazzy/opt/gz_tools_vendor/bin:/opt/ros/jazzy/opt/gz_ogre_next_vendor/bin:/opt/ros/jazzy/bin:/home/upo/platform-tools:/home/upo/.npm-global/bin:/home/upo/.local/bin:/usr/local/sbin:/usr/local/bin:/usr/sbin:/usr/bin:/sbin:/bin:/usr/games:/usr/local/games:/snap/bin:/snap/bin', 'SESSION_MANAGER': 'local/upo-ASUS-TUF-Gaming-A15-FA507RR-TUF507RR:@/tmp/.ICE-unix/2495,unix/upo-ASUS-TUF-Gaming-A15-FA507RR-TUF507RR:/tmp/.ICE-unix/2495', 'XDG_MENU_PREFIX': 'gnome-', 'GNOME_TERMINAL_SCREEN': '/org/gnome/Terminal/screen/2478bdcd_4a6f_4f09_acc2_ea0ad9e073f2', 'XDG_RUNTIME_DIR': '/run/user/1000', 'GDK_BACKEND': 'x11', 'DISPLAY': ':0', 'LANG': 'en_US.UTF-8', 'XDG_CURRENT_DESKTOP': 'ubuntu:GNOME', 'XMODIFIERS': '@im=ibus', 'XDG_SESSION_DESKTOP': 'ubuntu', 'XAUTHORITY': '/run/user/1000/gdm/Xauthority', 'LS_COLORS': 'rs=0:di=01;34:ln=01;36:mh=00:pi=40;33:so=01;35:do=01;35:bd=40;33;01:cd=40;33;01:or=40;31;01:mi=00:su=37;41:sg=30;43:ca=00:tw=30;42:ow=34;42:st=37;44:ex=01;32:*.tar=01;31:*.tgz=01;31:*.arc=01;31:*.arj=01;31:*.taz=01;31:*.lha=01;31:*.lz4=01;31:*.lzh=01;31:*.lzma=01;31:*.tlz=01;31:*.txz=01;31:*.tzo=01;31:*.t7z=01;31:*.zip=01;31:*.z=01;31:*.dz=01;31:*.gz=01;31:*.lrz=01;31:*.lz=01;31:*.lzo=01;31:*.xz=01;31:*.zst=01;31:*.tzst=01;31:*.bz2=01;31:*.bz=01;31:*.tbz=01;31:*.tbz2=01;31:*.tz=01;31:*.deb=01;31:*.rpm=01;31:*.jar=01;31:*.war=01;31:*.ear=01;31:*.sar=01;31:*.rar=01;31:*.alz=01;31:*.ace=01;31:*.zoo=01;31:*.cpio=01;31:*.7z=01;31:*.rz=01;31:*.cab=01;31:*.wim=01;31:*.swm=01;31:*.dwm=01;31:*.esd=01;31:*.avif=01;35:*.jpg=01;35:*.jpeg=01;35:*.mjpg=01;35:*.mjpeg=01;35:*.gif=01;35:*.bmp=01;35:*.pbm=01;35:*.pgm=01;35:*.ppm=01;35:*.tga=01;35:*.xbm=01;35:*.xpm=01;35:*.tif=01;35:*.tiff=01;35:*.png=01;35:*.svg=01;35:*.svgz=01;35:*.mng=01;35:*.pcx=01;35:*.mov=01;35:*.mpg=01;35:*.mpeg=01;35:*.m2v=01;35:*.mkv=01;35:*.webm=01;35:*.webp=01;35:*.ogm=01;35:*.mp4=01;35:*.m4v=01;35:*.mp4v=01;35:*.vob=01;35:*.qt=01;35:*.nuv=01;35:*.wmv=01;35:*.asf=01;35:*.rm=01;35:*.rmvb=01;35:*.flc=01;35:*.avi=01;35:*.fli=01;35:*.flv=01;35:*.gl=01;35:*.dl=01;35:*.xcf=01;35:*.xwd=01;35:*.yuv=01;35:*.cgm=01;35:*.emf=01;35:*.ogv=01;35:*.ogx=01;35:*.aac=00;36:*.au=00;36:*.flac=00;36:*.m4a=00;36:*.mid=00;36:*.midi=00;36:*.mka=00;36:*.mp3=00;36:*.mpc=00;36:*.ogg=00;36:*.ra=00;36:*.wav=00;36:*.oga=00;36:*.opus=00;36:*.spx=00;36:*.xspf=00;36:*~=00;90:*#=00;90:*.bak=00;90:*.crdownload=00;90:*.dpkg-dist=00;90:*.dpkg-new=00;90:*.dpkg-old=00;90:*.dpkg-tmp=00;90:*.old=00;90:*.orig=00;90:*.part=00;90:*.rej=00;90:*.rpmnew=00;90:*.rpmorig=00;90:*.rpmsave=00;90:*.swp=00;90:*.tmp=00;90:*.ucf-dist=00;90:*.ucf-new=00;90:*.ucf-old=00;90:', 'VSCODE_GIT_IPC_HANDLE': '/run/user/1000/vscode-git-466a10eeed.sock', 'GNOME_TERMINAL_SERVICE': ':1.153', 'TERM_PROGRAM': 'vscode', 'SSH_AUTH_SOCK': '/run/user/1000/keyring/ssh', 'AMENT_PREFIX_PATH': '/home/upo/turtlebot3_ws/install/userCommunication:/home/upo/turtlebot3_ws/install/turtlebot3:/home/upo/turtlebot3_ws/install/turtlebot3_teleop:/home/upo/turtlebot3_ws/install/turtlebot3_simulations:/home/upo/turtlebot3_ws/install/turtlebot3_bringup:/home/upo/turtlebot3_ws/install/turtlebot3_node:/home/upo/turtlebot3_ws/install/turtlebot3_navigation2:/home/upo/turtlebot3_ws/install/turtlebot3_gazebo:/home/upo/turtlebot3_ws/install/turtlebot3_fake_node:/home/upo/turtlebot3_ws/install/turtlebot3_example:/home/upo/turtlebot3_ws/install/turtlebot3_description:/home/upo/turtlebot3_ws/install/turtlebot3_cartographer:/home/upo/turtlebot3_ws/install/robotMovement:/home/upo/turtlebot3_ws/install/robotCommunication:/home/upo/turtlebot3_ws/install/VLMProcessing:/home/upo/turtlebot3_ws/install/interfaces:/opt/ros/jazzy', 'SHELL': '/bin/bash', 'QT_ACCESSIBILITY': '1', 'GDMSESSION': 'ubuntu', 'LESSCLOSE': '/usr/bin/lesspipe %s %s', 'GPG_AGENT_INFO': '/run/user/1000/gnupg/S.gpg-agent:0:1', 'ROS_AUTOMATIC_DISCOVERY_RANGE': 'SUBNET', 'VSCODE_GIT_ASKPASS_EXTRA_ARGS': '', 'QT_IM_MODULE': 'ibus', 'PWD': '/home/upo/TFG/ros2_ws/build/interfaces', 'TURTLEBOT3_MODEL': 'waffle', 'LC_ALL': 'en_US.UTF-8', 'XDG_CONFIG_DIRS': '/etc/xdg/xdg-ubuntu:/etc/xdg', 'COPILOT_DEBUG_NONCE': 'b1d28ae3d882b8fabe7a3762c8804e8c', 'DBUS_STARTER_ADDRESS': 'unix:path=/run/user/1000/bus,guid=363d1e468aca3fabeca0c6d56a4df74b', 'XDG_DATA_DIRS': '/usr/share/ubuntu:/usr/share/gnome:/home/upo/.local/share/flatpak/exports/share:/var/lib/flatpak/exports/share:/usr/local/share/:/usr/share/:/var/lib/snapd/desktop', 'PYTHONPATH': '/home/upo/turtlebot3_ws/install/userCommunication/lib/python3.12/site-packages:/home/upo/turtlebot3_ws/build/turtlebot3_teleop:/home/upo/turtlebot3_ws/install/turtlebot3_teleop/lib/python3.12/site-packages:/home/upo/turtlebot3_ws/build/turtlebot3_example:/home/upo/turtlebot3_ws/install/turtlebot3_example/lib/python3.12/site-packages:/home/upo/turtlebot3_ws/install/robotMovement/lib/python3.12/site-packages:/home/upo/turtlebot3_ws/install/robotCommunication/lib/python3.12/site-packages:/home/upo/turtlebot3_ws/install/VLMProcessing/lib/python3.12/site-packages:/home/upo/turtlebot3_ws/install/interfaces/lib/python3.12/site-packages:/opt/ros/jazzy/lib/python3.12/site-packages', 'COLCON': '1', 'MEMORY_PRESSURE_WRITE': 'c29tZSAyMDAwMDAgMjAwMDAwMAA=', 'VTE_VERSION': '7600', 'CMAKE_PREFIX_PATH': '/home/upo/turtlebot3_ws/install/turtlebot3:/home/upo/turtlebot3_ws/install/turtlebot3_simulations:/home/upo/turtlebot3_ws/install/turtlebot3_bringup:/home/upo/turtlebot3_ws/install/turtlebot3_node:/home/upo/turtlebot3_ws/install/turtlebot3_navigation2:/home/upo/turtlebot3_ws/install/turtlebot3_gazebo:/home/upo/turtlebot3_ws/install/turtlebot3_fake_node:/home/upo/turtlebot3_ws/install/turtlebot3_description:/home/upo/turtlebot3_ws/install/turtlebot3_cartographer:/home/upo/turtlebot3_ws/install/interfaces:/opt/ros/jazzy/opt/gz_sim_vendor:/opt/ros/jazzy/opt/gz_sensors_vendor:/opt/ros/jazzy/opt/gz_physics_vendor:/opt/ros/jazzy/opt/sdformat_vendor:/opt/ros/jazzy/opt/gz_gui_vendor:/opt/ros/jazzy/opt/gz_transport_vendor:/opt/ros/jazzy/opt/gz_rendering_vendor:/opt/ros/jazzy/opt/gz_plugin_vendor:/opt/ros/jazzy/opt/gz_fuel_tools_vendor:/opt/ros/jazzy/opt/gz_msgs_vendor:/opt/ros/jazzy/opt/gz_common_vendor:/opt/ros/jazzy/opt/gz_math_vendor:/opt/ros/jazzy/opt/gz_utils_vendor:/opt/ros/jazzy/opt/gz_tools_vendor:/opt/ros/jazzy/opt/gz_ogre_next_vendor:/opt/ros/jazzy/opt/gz_dartsim_vendor:/opt/ros/jazzy/opt/gz_cmake_vendor:/home/upo/turtlebot3_ws/install/userCommunication:/home/upo/turtlebot3_ws/install/turtlebot3_teleop:/home/upo/turtlebot3_ws/install/turtlebot3_example:/home/upo/turtlebot3_ws/install/robotMovement:/home/upo/turtlebot3_ws/install/robotCommunication:/home/upo/turtlebot3_ws/install/VLMProcessing:/opt/ros/jazzy'}), 'shell': False}
[0.457802] (interfaces) StdoutLine: {'line': b'-- Install configuration: ""\n'}
[0.458288] (interfaces) StdoutLine: {'line': b'-- Execute custom install script\n'}
[0.458471] (interfaces) StdoutLine: {'line': b'-- Up-to-date symlink: /home/upo/TFG/ros2_ws/install/interfaces/share/ament_index/resource_index/rosidl_interfaces/interfaces\n'}
[0.458633] (interfaces) StdoutLine: {'line': b'-- Up-to-date symlink: /home/upo/TFG/ros2_ws/install/interfaces/share/interfaces/msg/Goal.json\n'}
[0.458766] (interfaces) StdoutLine: {'line': b'-- Up-to-date symlink: /home/upo/TFG/ros2_ws/install/interfaces/share/interfaces/msg/ComboImage.json\n'}
[0.458895] (interfaces) StdoutLine: {'line': b'-- Up-to-date symlink: /home/upo/TFG/ros2_ws/install/interfaces/share/interfaces/msg/Request.json\n'}
[0.459044] (interfaces) StdoutLine: {'line': b'-- Up-to-date symlink: /home/upo/TFG/ros2_ws/install/interfaces/share/interfaces/msg/Response.json\n'}
[0.459201] (interfaces) StdoutLine: {'line': b'-- Up-to-date symlink: /home/upo/TFG/ros2_ws/install/interfaces/share/interfaces/action/Move.json\n'}
[0.459722] (interfaces) StdoutLine: {'line': b'-- Up-to-date symlink: /home/upo/TFG/ros2_ws/install/interfaces/include/interfaces/interfaces/action/detail/move__functions.h\n'}
[0.459832] (interfaces) StdoutLine: {'line': b'-- Up-to-date symlink: /home/upo/TFG/ros2_ws/install/interfaces/include/interfaces/interfaces/action/detail/move__struct.h\n'}
[0.459939] (interfaces) StdoutLine: {'line': b'-- Up-to-date symlink: /home/upo/TFG/ros2_ws/install/interfaces/include/interfaces/interfaces/action/detail/move__type_support.h\n'}
[0.460038] (interfaces) StdoutLine: {'line': b'-- Up-to-date symlink: /home/upo/TFG/ros2_ws/install/interfaces/include/interfaces/interfaces/action/move.h\n'}
[0.460138] (interfaces) StdoutLine: {'line': b'-- Up-to-date symlink: /home/upo/TFG/ros2_ws/install/interfaces/include/interfaces/interfaces/msg/combo_image.h\n'}
[0.460267] (interfaces) StdoutLine: {'line': b'-- Up-to-date symlink: /home/upo/TFG/ros2_ws/install/interfaces/include/interfaces/interfaces/msg/detail/combo_image__functions.h\n'}
[0.460445] (interfaces) StdoutLine: {'line': b'-- Up-to-date symlink: /home/upo/TFG/ros2_ws/install/interfaces/include/interfaces/interfaces/msg/detail/combo_image__struct.h\n'}
[0.460549] (interfaces) StdoutLine: {'line': b'-- Up-to-date symlink: /home/upo/TFG/ros2_ws/install/interfaces/include/interfaces/interfaces/msg/detail/combo_image__type_support.h\n'}
[0.460663] (interfaces) StdoutLine: {'line': b'-- Up-to-date symlink: /home/upo/TFG/ros2_ws/install/interfaces/include/interfaces/interfaces/msg/detail/goal__functions.h\n'}
[0.460771] (interfaces) StdoutLine: {'line': b'-- Up-to-date symlink: /home/upo/TFG/ros2_ws/install/interfaces/include/interfaces/interfaces/msg/detail/goal__struct.h\n'}
[0.460878] (interfaces) StdoutLine: {'line': b'-- Up-to-date symlink: /home/upo/TFG/ros2_ws/install/interfaces/include/interfaces/interfaces/msg/detail/goal__type_support.h\n'}
[0.460977] (interfaces) StdoutLine: {'line': b'-- Up-to-date symlink: /home/upo/TFG/ros2_ws/install/interfaces/include/interfaces/interfaces/msg/detail/request__functions.h\n'}
[0.461076] (interfaces) StdoutLine: {'line': b'-- Up-to-date symlink: /home/upo/TFG/ros2_ws/install/interfaces/include/interfaces/interfaces/msg/detail/request__struct.h\n'}
[0.461180] (interfaces) StdoutLine: {'line': b'-- Up-to-date symlink: /home/upo/TFG/ros2_ws/install/interfaces/include/interfaces/interfaces/msg/detail/request__type_support.h\n'}
[0.461291] (interfaces) StdoutLine: {'line': b'-- Up-to-date symlink: /home/upo/TFG/ros2_ws/install/interfaces/include/interfaces/interfaces/msg/detail/response__functions.h\n'}
[0.461397] (interfaces) StdoutLine: {'line': b'-- Up-to-date symlink: /home/upo/TFG/ros2_ws/install/interfaces/include/interfaces/interfaces/msg/detail/response__struct.h\n'}
[0.461500] (interfaces) StdoutLine: {'line': b'-- Up-to-date symlink: /home/upo/TFG/ros2_ws/install/interfaces/include/interfaces/interfaces/msg/detail/response__type_support.h\n'}
[0.461599] (interfaces) StdoutLine: {'line': b'-- Up-to-date symlink: /home/upo/TFG/ros2_ws/install/interfaces/include/interfaces/interfaces/msg/goal.h\n'}
[0.461714] (interfaces) StdoutLine: {'line': b'-- Up-to-date symlink: /home/upo/TFG/ros2_ws/install/interfaces/include/interfaces/interfaces/msg/request.h\n'}
[0.461807] (interfaces) StdoutLine: {'line': b'-- Up-to-date symlink: /home/upo/TFG/ros2_ws/install/interfaces/include/interfaces/interfaces/msg/response.h\n'}
[0.461899] (interfaces) StdoutLine: {'line': b'-- Up-to-date symlink: /home/upo/TFG/ros2_ws/install/interfaces/include/interfaces/interfaces/msg/rosidl_generator_c__visibility_control.h\n'}
[0.462035] (interfaces) StdoutLine: {'line': b'-- Up-to-date symlink: /home/upo/TFG/ros2_ws/install/interfaces/share/interfaces/environment/library_path.sh\n'}
[0.462162] (interfaces) StdoutLine: {'line': b'-- Up-to-date symlink: /home/upo/TFG/ros2_ws/install/interfaces/share/interfaces/environment/library_path.dsv\n'}
[0.462718] (interfaces) StdoutLine: {'line': b'-- Up-to-date symlink: /home/upo/TFG/ros2_ws/install/interfaces/include/interfaces/interfaces/action/detail/move__rosidl_typesupport_fastrtps_c.h\n'}
[0.462829] (interfaces) StdoutLine: {'line': b'-- Up-to-date symlink: /home/upo/TFG/ros2_ws/install/interfaces/include/interfaces/interfaces/msg/detail/combo_image__rosidl_typesupport_fastrtps_c.h\n'}
[0.462936] (interfaces) StdoutLine: {'line': b'-- Up-to-date symlink: /home/upo/TFG/ros2_ws/install/interfaces/include/interfaces/interfaces/msg/detail/goal__rosidl_typesupport_fastrtps_c.h\n'}
[0.463047] (interfaces) StdoutLine: {'line': b'-- Up-to-date symlink: /home/upo/TFG/ros2_ws/install/interfaces/include/interfaces/interfaces/msg/detail/request__rosidl_typesupport_fastrtps_c.h\n'}
[0.463152] (interfaces) StdoutLine: {'line': b'-- Up-to-date symlink: /home/upo/TFG/ros2_ws/install/interfaces/include/interfaces/interfaces/msg/detail/response__rosidl_typesupport_fastrtps_c.h\n'}
[0.463256] (interfaces) StdoutLine: {'line': b'-- Up-to-date symlink: /home/upo/TFG/ros2_ws/install/interfaces/include/interfaces/interfaces/msg/rosidl_typesupport_fastrtps_c__visibility_control.h\n'}
[0.463747] (interfaces) StdoutLine: {'line': b'-- Up-to-date symlink: /home/upo/TFG/ros2_ws/install/interfaces/include/interfaces/interfaces/action/detail/move__builder.hpp\n'}
[0.463848] (interfaces) StdoutLine: {'line': b'-- Up-to-date symlink: /home/upo/TFG/ros2_ws/install/interfaces/include/interfaces/interfaces/action/detail/move__struct.hpp\n'}
[0.463946] (interfaces) StdoutLine: {'line': b'-- Up-to-date symlink: /home/upo/TFG/ros2_ws/install/interfaces/include/interfaces/interfaces/action/detail/move__traits.hpp\n'}
[0.464052] (interfaces) StdoutLine: {'line': b'-- Up-to-date symlink: /home/upo/TFG/ros2_ws/install/interfaces/include/interfaces/interfaces/action/detail/move__type_support.hpp\n'}
[0.464151] (interfaces) StdoutLine: {'line': b'-- Up-to-date symlink: /home/upo/TFG/ros2_ws/install/interfaces/include/interfaces/interfaces/action/move.hpp\n'}
[0.464259] (interfaces) StdoutLine: {'line': b'-- Up-to-date symlink: /home/upo/TFG/ros2_ws/install/interfaces/include/interfaces/interfaces/msg/combo_image.hpp\n'}
[0.464379] (interfaces) StdoutLine: {'line': b'-- Up-to-date symlink: /home/upo/TFG/ros2_ws/install/interfaces/include/interfaces/interfaces/msg/detail/combo_image__builder.hpp\n'}
[0.464484] (interfaces) StdoutLine: {'line': b'-- Up-to-date symlink: /home/upo/TFG/ros2_ws/install/interfaces/include/interfaces/interfaces/msg/detail/combo_image__struct.hpp\n'}
[0.464584] (interfaces) StdoutLine: {'line': b'-- Up-to-date symlink: /home/upo/TFG/ros2_ws/install/interfaces/include/interfaces/interfaces/msg/detail/combo_image__traits.hpp\n'}
[0.464688] (interfaces) StdoutLine: {'line': b'-- Up-to-date symlink: /home/upo/TFG/ros2_ws/install/interfaces/include/interfaces/interfaces/msg/detail/combo_image__type_support.hpp\n'}
[0.464791] (interfaces) StdoutLine: {'line': b'-- Up-to-date symlink: /home/upo/TFG/ros2_ws/install/interfaces/include/interfaces/interfaces/msg/detail/goal__builder.hpp\n'}
[0.464894] (interfaces) StdoutLine: {'line': b'-- Up-to-date symlink: /home/upo/TFG/ros2_ws/install/interfaces/include/interfaces/interfaces/msg/detail/goal__struct.hpp\n'}
[0.464995] (interfaces) StdoutLine: {'line': b'-- Up-to-date symlink: /home/upo/TFG/ros2_ws/install/interfaces/include/interfaces/interfaces/msg/detail/goal__traits.hpp\n'}
[0.465099] (interfaces) StdoutLine: {'line': b'-- Up-to-date symlink: /home/upo/TFG/ros2_ws/install/interfaces/include/interfaces/interfaces/msg/detail/goal__type_support.hpp\n'}
[0.465201] (interfaces) StdoutLine: {'line': b'-- Up-to-date symlink: /home/upo/TFG/ros2_ws/install/interfaces/include/interfaces/interfaces/msg/detail/request__builder.hpp\n'}
[0.465316] (interfaces) StdoutLine: {'line': b'-- Up-to-date symlink: /home/upo/TFG/ros2_ws/install/interfaces/include/interfaces/interfaces/msg/detail/request__struct.hpp\n'}
[0.465418] (interfaces) StdoutLine: {'line': b'-- Up-to-date symlink: /home/upo/TFG/ros2_ws/install/interfaces/include/interfaces/interfaces/msg/detail/request__traits.hpp\n'}
[0.465515] (interfaces) StdoutLine: {'line': b'-- Up-to-date symlink: /home/upo/TFG/ros2_ws/install/interfaces/include/interfaces/interfaces/msg/detail/request__type_support.hpp\n'}
[0.465617] (interfaces) StdoutLine: {'line': b'-- Up-to-date symlink: /home/upo/TFG/ros2_ws/install/interfaces/include/interfaces/interfaces/msg/detail/response__builder.hpp\n'}
[0.465720] (interfaces) StdoutLine: {'line': b'-- Up-to-date symlink: /home/upo/TFG/ros2_ws/install/interfaces/include/interfaces/interfaces/msg/detail/response__struct.hpp\n'}
[0.465823] (interfaces) StdoutLine: {'line': b'-- Up-to-date symlink: /home/upo/TFG/ros2_ws/install/interfaces/include/interfaces/interfaces/msg/detail/response__traits.hpp\n'}
[0.465925] (interfaces) StdoutLine: {'line': b'-- Up-to-date symlink: /home/upo/TFG/ros2_ws/install/interfaces/include/interfaces/interfaces/msg/detail/response__type_support.hpp\n'}
[0.466023] (interfaces) StdoutLine: {'line': b'-- Up-to-date symlink: /home/upo/TFG/ros2_ws/install/interfaces/include/interfaces/interfaces/msg/goal.hpp\n'}
[0.466121] (interfaces) StdoutLine: {'line': b'-- Up-to-date symlink: /home/upo/TFG/ros2_ws/install/interfaces/include/interfaces/interfaces/msg/request.hpp\n'}
[0.466218] (interfaces) StdoutLine: {'line': b'-- Up-to-date symlink: /home/upo/TFG/ros2_ws/install/interfaces/include/interfaces/interfaces/msg/response.hpp\n'}
[0.466438] (interfaces) StdoutLine: {'line': b'-- Up-to-date symlink: /home/upo/TFG/ros2_ws/install/interfaces/include/interfaces/interfaces/msg/rosidl_generator_cpp__visibility_control.hpp\n'}
[0.466994] (interfaces) StdoutLine: {'line': b'-- Up-to-date symlink: /home/upo/TFG/ros2_ws/install/interfaces/include/interfaces/interfaces/action/detail/move__rosidl_typesupport_fastrtps_cpp.hpp\n'}
[0.467103] (interfaces) StdoutLine: {'line': b'-- Up-to-date symlink: /home/upo/TFG/ros2_ws/install/interfaces/include/interfaces/interfaces/msg/detail/combo_image__rosidl_typesupport_fastrtps_cpp.hpp\n'}
[0.467210] (interfaces) StdoutLine: {'line': b'-- Up-to-date symlink: /home/upo/TFG/ros2_ws/install/interfaces/include/interfaces/interfaces/msg/detail/goal__rosidl_typesupport_fastrtps_cpp.hpp\n'}
[0.467331] (interfaces) StdoutLine: {'line': b'-- Up-to-date symlink: /home/upo/TFG/ros2_ws/install/interfaces/include/interfaces/interfaces/msg/detail/request__rosidl_typesupport_fastrtps_cpp.hpp\n'}
[0.467449] (interfaces) StdoutLine: {'line': b'-- Up-to-date symlink: /home/upo/TFG/ros2_ws/install/interfaces/include/interfaces/interfaces/msg/detail/response__rosidl_typesupport_fastrtps_cpp.hpp\n'}
[0.467553] (interfaces) StdoutLine: {'line': b'-- Up-to-date symlink: /home/upo/TFG/ros2_ws/install/interfaces/include/interfaces/interfaces/msg/rosidl_typesupport_fastrtps_cpp__visibility_control.h\n'}
[0.467887] (interfaces) StdoutLine: {'line': b'-- Up-to-date symlink: /home/upo/TFG/ros2_ws/install/interfaces/include/interfaces/interfaces/action/detail/move__rosidl_typesupport_introspection_c.h\n'}
[0.468022] (interfaces) StdoutLine: {'line': b'-- Up-to-date symlink: /home/upo/TFG/ros2_ws/install/interfaces/include/interfaces/interfaces/msg/detail/combo_image__rosidl_typesupport_introspection_c.h\n'}
[0.468115] (interfaces) StdoutLine: {'line': b'-- Up-to-date symlink: /home/upo/TFG/ros2_ws/install/interfaces/include/interfaces/interfaces/msg/detail/goal__rosidl_typesupport_introspection_c.h\n'}
[0.468220] (interfaces) StdoutLine: {'line': b'-- Up-to-date symlink: /home/upo/TFG/ros2_ws/install/interfaces/include/interfaces/interfaces/msg/detail/request__rosidl_typesupport_introspection_c.h\n'}
[0.468333] (interfaces) StdoutLine: {'line': b'-- Up-to-date symlink: /home/upo/TFG/ros2_ws/install/interfaces/include/interfaces/interfaces/msg/detail/response__rosidl_typesupport_introspection_c.h\n'}
[0.468429] (interfaces) StdoutLine: {'line': b'-- Up-to-date symlink: /home/upo/TFG/ros2_ws/install/interfaces/include/interfaces/interfaces/msg/rosidl_typesupport_introspection_c__visibility_control.h\n'}
[0.468751] (interfaces) StdoutLine: {'line': b'-- Up-to-date symlink: /home/upo/TFG/ros2_ws/install/interfaces/include/interfaces/interfaces/action/detail/move__rosidl_typesupport_introspection_cpp.hpp\n'}
[0.468858] (interfaces) StdoutLine: {'line': b'-- Up-to-date symlink: /home/upo/TFG/ros2_ws/install/interfaces/include/interfaces/interfaces/msg/detail/combo_image__rosidl_typesupport_introspection_cpp.hpp\n'}
[0.468962] (interfaces) StdoutLine: {'line': b'-- Up-to-date symlink: /home/upo/TFG/ros2_ws/install/interfaces/include/interfaces/interfaces/msg/detail/goal__rosidl_typesupport_introspection_cpp.hpp\n'}
[0.469075] (interfaces) StdoutLine: {'line': b'-- Up-to-date symlink: /home/upo/TFG/ros2_ws/install/interfaces/include/interfaces/interfaces/msg/detail/request__rosidl_typesupport_introspection_cpp.hpp\n'}
[0.469179] (interfaces) StdoutLine: {'line': b'-- Up-to-date symlink: /home/upo/TFG/ros2_ws/install/interfaces/include/interfaces/interfaces/msg/detail/response__rosidl_typesupport_introspection_cpp.hpp\n'}
[0.469319] (interfaces) StdoutLine: {'line': b'-- Up-to-date symlink: /home/upo/TFG/ros2_ws/install/interfaces/share/interfaces/environment/pythonpath.sh\n'}
[0.469447] (interfaces) StdoutLine: {'line': b'-- Up-to-date symlink: /home/upo/TFG/ros2_ws/install/interfaces/share/interfaces/environment/pythonpath.dsv\n'}
[0.469696] (interfaces) StdoutLine: {'line': b'-- Up-to-date symlink: /home/upo/TFG/ros2_ws/install/interfaces/lib/python3.12/site-packages/interfaces-0.0.0-py3.12.egg-info/PKG-INFO\n'}
[0.469799] (interfaces) StdoutLine: {'line': b'-- Up-to-date symlink: /home/upo/TFG/ros2_ws/install/interfaces/lib/python3.12/site-packages/interfaces-0.0.0-py3.12.egg-info/SOURCES.txt\n'}
[0.469901] (interfaces) StdoutLine: {'line': b'-- Up-to-date symlink: /home/upo/TFG/ros2_ws/install/interfaces/lib/python3.12/site-packages/interfaces-0.0.0-py3.12.egg-info/dependency_links.txt\n'}
[0.470002] (interfaces) StdoutLine: {'line': b'-- Up-to-date symlink: /home/upo/TFG/ros2_ws/install/interfaces/lib/python3.12/site-packages/interfaces-0.0.0-py3.12.egg-info/top_level.txt\n'}
[0.470655] (interfaces) StdoutLine: {'line': b'-- Up-to-date symlink: /home/upo/TFG/ros2_ws/install/interfaces/lib/python3.12/site-packages/interfaces/__init__.py\n'}
[0.470788] (interfaces) StdoutLine: {'line': b'-- Up-to-date symlink: /home/upo/TFG/ros2_ws/install/interfaces/lib/python3.12/site-packages/interfaces/_interfaces_s.ep.rosidl_typesupport_c.c\n'}
[0.470885] (interfaces) StdoutLine: {'line': b'-- Up-to-date symlink: /home/upo/TFG/ros2_ws/install/interfaces/lib/python3.12/site-packages/interfaces/_interfaces_s.ep.rosidl_typesupport_fastrtps_c.c\n'}
[0.471027] (interfaces) StdoutLine: {'line': b'-- Up-to-date symlink: /home/upo/TFG/ros2_ws/install/interfaces/lib/python3.12/site-packages/interfaces/_interfaces_s.ep.rosidl_typesupport_introspection_c.c\n'}
[0.471151] (interfaces) StdoutLine: {'line': b'-- Up-to-date symlink: /home/upo/TFG/ros2_ws/install/interfaces/lib/python3.12/site-packages/interfaces/action/__init__.py\n'}
[0.471334] (interfaces) StdoutLine: {'line': b'-- Up-to-date symlink: /home/upo/TFG/ros2_ws/install/interfaces/lib/python3.12/site-packages/interfaces/action/_move.py\n'}
[0.471479] (interfaces) StdoutLine: {'line': b'-- Up-to-date symlink: /home/upo/TFG/ros2_ws/install/interfaces/lib/python3.12/site-packages/interfaces/action/_move_s.c\n'}
[0.471651] (interfaces) StdoutLine: {'line': b'-- Up-to-date symlink: /home/upo/TFG/ros2_ws/install/interfaces/lib/python3.12/site-packages/interfaces/interfaces_s__rosidl_typesupport_c.so\n'}
[0.471804] (interfaces) StdoutLine: {'line': b'-- Up-to-date symlink: /home/upo/TFG/ros2_ws/install/interfaces/lib/python3.12/site-packages/interfaces/interfaces_s__rosidl_typesupport_fastrtps_c.so\n'}
[0.471954] (interfaces) StdoutLine: {'line': b'-- Up-to-date symlink: /home/upo/TFG/ros2_ws/install/interfaces/lib/python3.12/site-packages/interfaces/interfaces_s__rosidl_typesupport_introspection_c.so\n'}
[0.472127] (interfaces) StdoutLine: {'line': b'-- Up-to-date symlink: /home/upo/TFG/ros2_ws/install/interfaces/lib/python3.12/site-packages/interfaces/msg/__init__.py\n'}
[0.472271] (interfaces) StdoutLine: {'line': b'-- Up-to-date symlink: /home/upo/TFG/ros2_ws/install/interfaces/lib/python3.12/site-packages/interfaces/msg/_combo_image.py\n'}
[0.472424] (interfaces) StdoutLine: {'line': b'-- Up-to-date symlink: /home/upo/TFG/ros2_ws/install/interfaces/lib/python3.12/site-packages/interfaces/msg/_combo_image_s.c\n'}
[0.472594] (interfaces) StdoutLine: {'line': b'-- Up-to-date symlink: /home/upo/TFG/ros2_ws/install/interfaces/lib/python3.12/site-packages/interfaces/msg/_goal.py\n'}
[0.472716] (interfaces) StdoutLine: {'line': b'-- Up-to-date symlink: /home/upo/TFG/ros2_ws/install/interfaces/lib/python3.12/site-packages/interfaces/msg/_goal_s.c\n'}
[0.472841] (interfaces) StdoutLine: {'line': b'-- Up-to-date symlink: /home/upo/TFG/ros2_ws/install/interfaces/lib/python3.12/site-packages/interfaces/msg/_request.py\n'}
[0.472978] (interfaces) StdoutLine: {'line': b'-- Up-to-date symlink: /home/upo/TFG/ros2_ws/install/interfaces/lib/python3.12/site-packages/interfaces/msg/_request_s.c\n'}
[0.473101] (interfaces) StdoutLine: {'line': b'-- Up-to-date symlink: /home/upo/TFG/ros2_ws/install/interfaces/lib/python3.12/site-packages/interfaces/msg/_response.py\n'}
[0.473223] (interfaces) StdoutLine: {'line': b'-- Up-to-date symlink: /home/upo/TFG/ros2_ws/install/interfaces/lib/python3.12/site-packages/interfaces/msg/_response_s.c\n'}
[0.473363] (interfaces) StdoutLine: {'line': b'-- Up-to-date symlink: /home/upo/TFG/ros2_ws/install/interfaces/lib/python3.12/site-packages/interfaces/interfaces_s__rosidl_typesupport_fastrtps_c.so\n'}
[0.473485] (interfaces) StdoutLine: {'line': b'-- Up-to-date symlink: /home/upo/TFG/ros2_ws/install/interfaces/lib/python3.12/site-packages/interfaces/interfaces_s__rosidl_typesupport_introspection_c.so\n'}
[0.473607] (interfaces) StdoutLine: {'line': b'-- Up-to-date symlink: /home/upo/TFG/ros2_ws/install/interfaces/lib/python3.12/site-packages/interfaces/interfaces_s__rosidl_typesupport_c.so\n'}
[0.473755] (interfaces) StdoutLine: {'line': b'-- Up-to-date symlink: /home/upo/TFG/ros2_ws/install/interfaces/share/ament_index/resource_index/rust_packages/interfaces\n'}
[0.473880] (interfaces) StdoutLine: {'line': b'-- Up-to-date symlink: /home/upo/TFG/ros2_ws/install/interfaces/share/interfaces/rust/Cargo.toml\n'}
[0.474005] (interfaces) StdoutLine: {'line': b'-- Up-to-date symlink: /home/upo/TFG/ros2_ws/install/interfaces/share/interfaces/rust/build.rs\n'}
[0.474129] (interfaces) StdoutLine: {'line': b'-- Up-to-date symlink: /home/upo/TFG/ros2_ws/install/interfaces/share/interfaces/rust/src/action.rs\n'}
[0.474263] (interfaces) StdoutLine: {'line': b'-- Up-to-date symlink: /home/upo/TFG/ros2_ws/install/interfaces/share/interfaces/rust/src/action/rmw.rs\n'}
[0.474384] (interfaces) StdoutLine: {'line': b'-- Up-to-date symlink: /home/upo/TFG/ros2_ws/install/interfaces/share/interfaces/rust/src/lib.rs\n'}
[0.474509] (interfaces) StdoutLine: {'line': b'-- Up-to-date symlink: /home/upo/TFG/ros2_ws/install/interfaces/share/interfaces/rust/src/msg.rs\n'}
[0.474631] (interfaces) StdoutLine: {'line': b'-- Up-to-date symlink: /home/upo/TFG/ros2_ws/install/interfaces/share/interfaces/rust/src/msg/rmw.rs\n'}
[0.474770] (interfaces) StdoutLine: {'line': b'-- Up-to-date symlink: /home/upo/TFG/ros2_ws/install/interfaces/share/interfaces/msg/Goal.idl\n'}
[0.474890] (interfaces) StdoutLine: {'line': b'-- Up-to-date symlink: /home/upo/TFG/ros2_ws/install/interfaces/share/interfaces/msg/ComboImage.idl\n'}
[0.475012] (interfaces) StdoutLine: {'line': b'-- Up-to-date symlink: /home/upo/TFG/ros2_ws/install/interfaces/share/interfaces/msg/Request.idl\n'}
[0.475163] (interfaces) StdoutLine: {'line': b'-- Up-to-date symlink: /home/upo/TFG/ros2_ws/install/interfaces/share/interfaces/msg/Response.idl\n'}
[0.475315] (interfaces) StdoutLine: {'line': b'-- Up-to-date symlink: /home/upo/TFG/ros2_ws/install/interfaces/share/interfaces/action/Move.idl\n'}
[0.475477] (interfaces) StdoutLine: {'line': b'-- Up-to-date symlink: /home/upo/TFG/ros2_ws/install/interfaces/share/interfaces/msg/Goal.msg\n'}
[0.475605] (interfaces) StdoutLine: {'line': b'-- Up-to-date symlink: /home/upo/TFG/ros2_ws/install/interfaces/share/interfaces/msg/ComboImage.msg\n'}
[0.475771] (interfaces) StdoutLine: {'line': b'-- Up-to-date symlink: /home/upo/TFG/ros2_ws/install/interfaces/share/interfaces/msg/Request.msg\n'}
[0.475914] (interfaces) StdoutLine: {'line': b'-- Up-to-date symlink: /home/upo/TFG/ros2_ws/install/interfaces/share/interfaces/msg/Response.msg\n'}
[0.476054] (interfaces) StdoutLine: {'line': b'-- Up-to-date symlink: /home/upo/TFG/ros2_ws/install/interfaces/share/interfaces/action/Move.action\n'}
[0.476208] (interfaces) StdoutLine: {'line': b'-- Up-to-date symlink: /home/upo/TFG/ros2_ws/install/interfaces/share/ament_index/resource_index/package_run_dependencies/interfaces\n'}
[0.476360] (interfaces) StdoutLine: {'line': b'-- Up-to-date symlink: /home/upo/TFG/ros2_ws/install/interfaces/share/ament_index/resource_index/parent_prefix_path/interfaces\n'}
[0.476504] (interfaces) StdoutLine: {'line': b'-- Up-to-date symlink: /home/upo/TFG/ros2_ws/install/interfaces/share/interfaces/environment/ament_prefix_path.sh\n'}
[0.476648] (interfaces) StdoutLine: {'line': b'-- Up-to-date symlink: /home/upo/TFG/ros2_ws/install/interfaces/share/interfaces/environment/ament_prefix_path.dsv\n'}
[0.476790] (interfaces) StdoutLine: {'line': b'-- Up-to-date symlink: /home/upo/TFG/ros2_ws/install/interfaces/share/interfaces/environment/path.sh\n'}
[0.476952] (interfaces) StdoutLine: {'line': b'-- Up-to-date symlink: /home/upo/TFG/ros2_ws/install/interfaces/share/interfaces/environment/path.dsv\n'}
[0.477075] (interfaces) StdoutLine: {'line': b'-- Up-to-date symlink: /home/upo/TFG/ros2_ws/install/interfaces/share/interfaces/local_setup.bash\n'}
[0.477196] (interfaces) StdoutLine: {'line': b'-- Up-to-date symlink: /home/upo/TFG/ros2_ws/install/interfaces/share/interfaces/local_setup.sh\n'}
[0.477328] (interfaces) StdoutLine: {'line': b'-- Up-to-date symlink: /home/upo/TFG/ros2_ws/install/interfaces/share/interfaces/local_setup.zsh\n'}
[0.477446] (interfaces) StdoutLine: {'line': b'-- Up-to-date symlink: /home/upo/TFG/ros2_ws/install/interfaces/share/interfaces/local_setup.dsv\n'}
[0.477566] (interfaces) StdoutLine: {'line': b'-- Symlinking: /home/upo/TFG/ros2_ws/install/interfaces/share/interfaces/package.dsv\n'}
[0.487705] (interfaces) StdoutLine: {'line': b'-- Up-to-date symlink: /home/upo/TFG/ros2_ws/install/interfaces/share/ament_index/resource_index/packages/interfaces\n'}
[0.488021] (interfaces) StdoutLine: {'line': b'-- Up-to-date symlink: /home/upo/TFG/ros2_ws/install/interfaces/share/interfaces/cmake/rosidl_cmake-extras.cmake\n'}
[0.488263] (interfaces) StdoutLine: {'line': b'-- Up-to-date symlink: /home/upo/TFG/ros2_ws/install/interfaces/share/interfaces/cmake/ament_cmake_export_dependencies-extras.cmake\n'}
[0.488497] (interfaces) StdoutLine: {'line': b'-- Up-to-date symlink: /home/upo/TFG/ros2_ws/install/interfaces/share/interfaces/cmake/ament_cmake_export_include_directories-extras.cmake\n'}
[0.488732] (interfaces) StdoutLine: {'line': b'-- Up-to-date symlink: /home/upo/TFG/ros2_ws/install/interfaces/share/interfaces/cmake/ament_cmake_export_libraries-extras.cmake\n'}
[0.488980] (interfaces) StdoutLine: {'line': b'-- Up-to-date symlink: /home/upo/TFG/ros2_ws/install/interfaces/share/interfaces/cmake/ament_cmake_export_targets-extras.cmake\n'}
[0.489208] (interfaces) StdoutLine: {'line': b'-- Up-to-date symlink: /home/upo/TFG/ros2_ws/install/interfaces/share/interfaces/cmake/rosidl_cmake_export_typesupport_targets-extras.cmake\n'}
[0.489443] (interfaces) StdoutLine: {'line': b'-- Up-to-date symlink: /home/upo/TFG/ros2_ws/install/interfaces/share/interfaces/cmake/rosidl_cmake_export_typesupport_libraries-extras.cmake\n'}
[0.489547] (interfaces) StdoutLine: {'line': b'-- Up-to-date symlink: /home/upo/TFG/ros2_ws/install/interfaces/share/interfaces/cmake/rosidl_cmake_aggregate_target-extras.cmake\n'}
[0.489625] (interfaces) StdoutLine: {'line': b'-- Up-to-date symlink: /home/upo/TFG/ros2_ws/install/interfaces/share/interfaces/cmake/interfacesConfig.cmake\n'}
[0.489702] (interfaces) StdoutLine: {'line': b'-- Up-to-date symlink: /home/upo/TFG/ros2_ws/install/interfaces/share/interfaces/cmake/interfacesConfig-version.cmake\n'}
[0.489781] (interfaces) StdoutLine: {'line': b'-- Up-to-date symlink: /home/upo/TFG/ros2_ws/install/interfaces/share/interfaces/package.xml\n'}
[0.489870] (interfaces) StdoutLine: {'line': b'-- Up-to-date: /home/upo/TFG/ros2_ws/install/interfaces/lib/libinterfaces__rosidl_generator_c.so\n'}
[0.490082] (interfaces) StdoutLine: {'line': b'-- Up-to-date: /home/upo/TFG/ros2_ws/install/interfaces/lib/libinterfaces__rosidl_typesupport_fastrtps_c.so\n'}
[0.490414] (interfaces) StdoutLine: {'line': b'-- Up-to-date: /home/upo/TFG/ros2_ws/install/interfaces/lib/libinterfaces__rosidl_typesupport_fastrtps_cpp.so\n'}
[0.490709] (interfaces) StdoutLine: {'line': b'-- Up-to-date: /home/upo/TFG/ros2_ws/install/interfaces/lib/libinterfaces__rosidl_typesupport_introspection_c.so\n'}
[0.490991] (interfaces) StdoutLine: {'line': b'-- Up-to-date: /home/upo/TFG/ros2_ws/install/interfaces/lib/libinterfaces__rosidl_typesupport_c.so\n'}
[0.491296] (interfaces) StdoutLine: {'line': b'-- Up-to-date: /home/upo/TFG/ros2_ws/install/interfaces/lib/libinterfaces__rosidl_typesupport_introspection_cpp.so\n'}
[0.491608] (interfaces) StdoutLine: {'line': b'-- Up-to-date: /home/upo/TFG/ros2_ws/install/interfaces/lib/libinterfaces__rosidl_typesupport_cpp.so\n'}
[0.500004] (-) TimerEvent: {}
[0.523840] (interfaces) StdoutLine: {'line': b"Listing '/home/upo/TFG/ros2_ws/install/interfaces/lib/python3.12/site-packages/interfaces'...\n"}
[0.524084] (interfaces) StdoutLine: {'line': b"Listing '/home/upo/TFG/ros2_ws/install/interfaces/lib/python3.12/site-packages/interfaces/action'...\n"}
[0.524271] (interfaces) StdoutLine: {'line': b"Listing '/home/upo/TFG/ros2_ws/install/interfaces/lib/python3.12/site-packages/interfaces/msg'...\n"}
[0.528426] (interfaces) StdoutLine: {'line': b'-- Up-to-date: /home/upo/TFG/ros2_ws/install/interfaces/lib/libinterfaces__rosidl_generator_py.so\n'}
[0.528714] (interfaces) StdoutLine: {'line': b'-- Up-to-date: /home/upo/TFG/ros2_ws/install/interfaces/share/interfaces/cmake/export_interfaces__rosidl_generator_cExport.cmake\n'}
[0.528857] (interfaces) StdoutLine: {'line': b'-- Up-to-date: /home/upo/TFG/ros2_ws/install/interfaces/share/interfaces/cmake/export_interfaces__rosidl_generator_cExport-noconfig.cmake\n'}
[0.529120] (interfaces) StdoutLine: {'line': b'-- Up-to-date: /home/upo/TFG/ros2_ws/install/interfaces/share/interfaces/cmake/export_interfaces__rosidl_typesupport_fastrtps_cExport.cmake\n'}
[0.529361] (interfaces) StdoutLine: {'line': b'-- Up-to-date: /home/upo/TFG/ros2_ws/install/interfaces/share/interfaces/cmake/export_interfaces__rosidl_typesupport_fastrtps_cExport-noconfig.cmake\n'}
[0.529538] (interfaces) StdoutLine: {'line': b'-- Up-to-date: /home/upo/TFG/ros2_ws/install/interfaces/share/interfaces/cmake/export_interfaces__rosidl_generator_cppExport.cmake\n'}
[0.529762] (interfaces) StdoutLine: {'line': b'-- Up-to-date: /home/upo/TFG/ros2_ws/install/interfaces/share/interfaces/cmake/export_interfaces__rosidl_typesupport_fastrtps_cppExport.cmake\n'}
[0.529891] (interfaces) StdoutLine: {'line': b'-- Up-to-date: /home/upo/TFG/ros2_ws/install/interfaces/share/interfaces/cmake/export_interfaces__rosidl_typesupport_fastrtps_cppExport-noconfig.cmake\n'}
[0.530010] (interfaces) StdoutLine: {'line': b'-- Up-to-date: /home/upo/TFG/ros2_ws/install/interfaces/share/interfaces/cmake/interfaces__rosidl_typesupport_introspection_cExport.cmake\n'}
[0.530125] (interfaces) StdoutLine: {'line': b'-- Up-to-date: /home/upo/TFG/ros2_ws/install/interfaces/share/interfaces/cmake/interfaces__rosidl_typesupport_introspection_cExport-noconfig.cmake\n'}
[0.530256] (interfaces) StdoutLine: {'line': b'-- Up-to-date: /home/upo/TFG/ros2_ws/install/interfaces/share/interfaces/cmake/interfaces__rosidl_typesupport_cExport.cmake\n'}
[0.530321] (interfaces) StdoutLine: {'line': b'-- Up-to-date: /home/upo/TFG/ros2_ws/install/interfaces/share/interfaces/cmake/interfaces__rosidl_typesupport_cExport-noconfig.cmake\n'}
[0.530381] (interfaces) StdoutLine: {'line': b'-- Up-to-date: /home/upo/TFG/ros2_ws/install/interfaces/share/interfaces/cmake/interfaces__rosidl_typesupport_introspection_cppExport.cmake\n'}
[0.530436] (interfaces) StdoutLine: {'line': b'-- Up-to-date: /home/upo/TFG/ros2_ws/install/interfaces/share/interfaces/cmake/interfaces__rosidl_typesupport_introspection_cppExport-noconfig.cmake\n'}
[0.530490] (interfaces) StdoutLine: {'line': b'-- Up-to-date: /home/upo/TFG/ros2_ws/install/interfaces/share/interfaces/cmake/interfaces__rosidl_typesupport_cppExport.cmake\n'}
[0.530542] (interfaces) StdoutLine: {'line': b'-- Up-to-date: /home/upo/TFG/ros2_ws/install/interfaces/share/interfaces/cmake/interfaces__rosidl_typesupport_cppExport-noconfig.cmake\n'}
[0.530597] (interfaces) StdoutLine: {'line': b'-- Up-to-date: /home/upo/TFG/ros2_ws/install/interfaces/share/interfaces/cmake/export_interfaces__rosidl_generator_pyExport.cmake\n'}
[0.530650] (interfaces) StdoutLine: {'line': b'-- Up-to-date: /home/upo/TFG/ros2_ws/install/interfaces/share/interfaces/cmake/export_interfaces__rosidl_generator_pyExport-noconfig.cmake\n'}
[0.532114] (interfaces) CommandEnded: {'returncode': 0}
[0.548883] (interfaces) JobEnded: {'identifier': 'interfaces', 'rc': 0}
[0.550306] (VLMProcessing) JobStarted: {'identifier': 'VLMProcessing'}
[0.554795] (robotCommunication) JobStarted: {'identifier': 'robotCommunication'}
[0.559936] (robotMovement) JobStarted: {'identifier': 'robotMovement'}
[0.600105] (-) TimerEvent: {}
[0.700431] (-) TimerEvent: {}
[0.800750] (-) TimerEvent: {}
[0.901129] (-) TimerEvent: {}
[1.001472] (-) TimerEvent: {}
[1.101779] (-) TimerEvent: {}
[1.202043] (-) TimerEvent: {}
[1.302382] (-) TimerEvent: {}
[1.402679] (-) TimerEvent: {}
[1.447824] (userCommunication) Command: {'cmd': ['/usr/bin/python3', '-W', 'ignore:setup.py install is deprecated', '-W', 'ignore:easy_install command is deprecated', 'setup.py', 'develop', '--editable', '--build-directory', '/home/upo/TFG/ros2_ws/build/userCommunication/build', '--no-deps', 'symlink_data'], 'cwd': '/home/upo/TFG/ros2_ws/build/userCommunication', 'env': {'LESSOPEN': '| /usr/bin/lesspipe %s', 'GZ_SIM_RESOURCE_PATH': '/opt/ros/jazzy/share', 'USER': 'upo', 'GZ_CONFIG_PATH': '/opt/ros/jazzy/opt/gz_sim_vendor/share/gz:/opt/ros/jazzy/opt/sdformat_vendor/share/gz:/opt/ros/jazzy/opt/gz_gui_vendor/share/gz:/opt/ros/jazzy/opt/gz_transport_vendor/share/gz:/opt/ros/jazzy/opt/gz_rendering_vendor/share/gz:/opt/ros/jazzy/opt/gz_plugin_vendor/share/gz:/opt/ros/jazzy/opt/gz_fuel_tools_vendor/share/gz:/opt/ros/jazzy/opt/gz_msgs_vendor/share/gz:/opt/ros/jazzy/opt/gz_common_vendor/share/gz', 'XDG_SESSION_TYPE': 'x11', 'GIT_ASKPASS': '/usr/share/code/resources/app/extensions/git/dist/askpass.sh', 'SHLVL': '3', 'LD_LIBRARY_PATH': '/home/upo/turtlebot3_ws/install/interfaces/lib:/opt/ros/jazzy/opt/gz_sim_vendor/lib:/opt/ros/jazzy/opt/gz_sensors_vendor/lib:/opt/ros/jazzy/opt/gz_physics_vendor/lib:/opt/ros/jazzy/opt/sdformat_vendor/lib:/opt/ros/jazzy/opt/rviz_ogre_vendor/lib:/opt/ros/jazzy/lib/x86_64-linux-gnu:/opt/ros/jazzy/opt/gz_gui_vendor/lib:/opt/ros/jazzy/opt/gz_transport_vendor/lib:/opt/ros/jazzy/opt/gz_rendering_vendor/lib:/opt/ros/jazzy/opt/gz_plugin_vendor/lib:/opt/ros/jazzy/opt/gz_fuel_tools_vendor/lib:/opt/ros/jazzy/opt/gz_msgs_vendor/lib:/opt/ros/jazzy/opt/gz_common_vendor/lib:/opt/ros/jazzy/opt/gz_math_vendor/lib:/opt/ros/jazzy/opt/gz_utils_vendor/lib:/opt/ros/jazzy/opt/gz_tools_vendor/lib:/opt/ros/jazzy/opt/gz_ogre_next_vendor/lib:/opt/ros/jazzy/opt/gz_dartsim_vendor/lib:/opt/ros/jazzy/opt/gz_cmake_vendor/lib:/opt/ros/jazzy/lib', 'HOME': '/home/upo', 'CHROME_DESKTOP': 'code.desktop', 'OLDPWD': '/home/upo/TFG', 'TERM_PROGRAM_VERSION': '1.126.0', 'DESKTOP_SESSION': 'ubuntu', 'ROS_PYTHON_VERSION': '3', 'GNOME_SHELL_SESSION_MODE': 'ubuntu', 'GTK_MODULES': 'gail:atk-bridge', 'VSCODE_GIT_ASKPASS_MAIN': '/usr/share/code/resources/app/extensions/git/dist/askpass-main.js', 'VSCODE_GIT_ASKPASS_NODE': '/usr/share/code/code', 'DBUS_STARTER_BUS_TYPE': 'session', 'SYSTEMD_EXEC_PID': '2495', 'VSCODE_PYTHON_AUTOACTIVATE_GUARD': '1', 'GSM_SKIP_SSH_AGENT_WORKAROUND': 'true', 'DBUS_SESSION_BUS_ADDRESS': 'unix:path=/run/user/1000/bus,guid=363d1e468aca3fabeca0c6d56a4df74b', 'COLORTERM': 'truecolor', 'DEBUGINFOD_URLS': 'https://debuginfod.ubuntu.com', 'COLCON_PREFIX_PATH': '/home/upo/turtlebot3_ws/install', 'ROS_DISTRO': 'jazzy', 'LOGNAME': 'upo', '_': '/usr/bin/colcon', 'ROS_VERSION': '2', 'MEMORY_PRESSURE_WATCH': '/sys/fs/cgroup/user.slice/user-1000.slice/user@1000.service/app.slice/app-gnome\\x2dsession\\x2dmanager.slice/gnome-session-manager@ubuntu.service/memory.pressure', 'CLAUDE_CODE_SSE_PORT': '55408', 'XDG_SESSION_CLASS': 'user', 'USERNAME': 'upo', 'TERM': 'xterm-256color', 'GNOME_DESKTOP_SESSION_ID': 'this-is-deprecated', 'FC_FONTATIONS': '1', 'WINDOWPATH': '2', 'PATH': '/home/upo/platform-tools:/home/upo/.npm-global/bin:/home/upo/.config/Code/User/globalStorage/github.copilot-chat/debugCommand:/home/upo/.config/Code/User/globalStorage/github.copilot-chat/copilotCli:/opt/ros/jazzy/opt/gz_msgs_vendor/bin:/opt/ros/jazzy/opt/gz_tools_vendor/bin:/opt/ros/jazzy/opt/gz_ogre_next_vendor/bin:/opt/ros/jazzy/bin:/home/upo/platform-tools:/home/upo/.npm-global/bin:/home/upo/.local/bin:/usr/local/sbin:/usr/local/bin:/usr/sbin:/usr/bin:/sbin:/bin:/usr/games:/usr/local/games:/snap/bin:/snap/bin', 'SESSION_MANAGER': 'local/upo-ASUS-TUF-Gaming-A15-FA507RR-TUF507RR:@/tmp/.ICE-unix/2495,unix/upo-ASUS-TUF-Gaming-A15-FA507RR-TUF507RR:/tmp/.ICE-unix/2495', 'XDG_MENU_PREFIX': 'gnome-', 'GNOME_TERMINAL_SCREEN': '/org/gnome/Terminal/screen/2478bdcd_4a6f_4f09_acc2_ea0ad9e073f2', 'XDG_RUNTIME_DIR': '/run/user/1000', 'GDK_BACKEND': 'x11', 'DISPLAY': ':0', 'LANG': 'en_US.UTF-8', 'XDG_CURRENT_DESKTOP': 'ubuntu:GNOME', 'XMODIFIERS': '@im=ibus', 'XDG_SESSION_DESKTOP': 'ubuntu', 'XAUTHORITY': '/run/user/1000/gdm/Xauthority', 'LS_COLORS': 'rs=0:di=01;34:ln=01;36:mh=00:pi=40;33:so=01;35:do=01;35:bd=40;33;01:cd=40;33;01:or=40;31;01:mi=00:su=37;41:sg=30;43:ca=00:tw=30;42:ow=34;42:st=37;44:ex=01;32:*.tar=01;31:*.tgz=01;31:*.arc=01;31:*.arj=01;31:*.taz=01;31:*.lha=01;31:*.lz4=01;31:*.lzh=01;31:*.lzma=01;31:*.tlz=01;31:*.txz=01;31:*.tzo=01;31:*.t7z=01;31:*.zip=01;31:*.z=01;31:*.dz=01;31:*.gz=01;31:*.lrz=01;31:*.lz=01;31:*.lzo=01;31:*.xz=01;31:*.zst=01;31:*.tzst=01;31:*.bz2=01;31:*.bz=01;31:*.tbz=01;31:*.tbz2=01;31:*.tz=01;31:*.deb=01;31:*.rpm=01;31:*.jar=01;31:*.war=01;31:*.ear=01;31:*.sar=01;31:*.rar=01;31:*.alz=01;31:*.ace=01;31:*.zoo=01;31:*.cpio=01;31:*.7z=01;31:*.rz=01;31:*.cab=01;31:*.wim=01;31:*.swm=01;31:*.dwm=01;31:*.esd=01;31:*.avif=01;35:*.jpg=01;35:*.jpeg=01;35:*.mjpg=01;35:*.mjpeg=01;35:*.gif=01;35:*.bmp=01;35:*.pbm=01;35:*.pgm=01;35:*.ppm=01;35:*.tga=01;35:*.xbm=01;35:*.xpm=01;35:*.tif=01;35:*.tiff=01;35:*.png=01;35:*.svg=01;35:*.svgz=01;35:*.mng=01;35:*.pcx=01;35:*.mov=01;35:*.mpg=01;35:*.mpeg=01;35:*.m2v=01;35:*.mkv=01;35:*.webm=01;35:*.webp=01;35:*.ogm=01;35:*.mp4=01;35:*.m4v=01;35:*.mp4v=01;35:*.vob=01;35:*.qt=01;35:*.nuv=01;35:*.wmv=01;35:*.asf=01;35:*.rm=01;35:*.rmvb=01;35:*.flc=01;35:*.avi=01;35:*.fli=01;35:*.flv=01;35:*.gl=01;35:*.dl=01;35:*.xcf=01;35:*.xwd=01;35:*.yuv=01;35:*.cgm=01;35:*.emf=01;35:*.ogv=01;35:*.ogx=01;35:*.aac=00;36:*.au=00;36:*.flac=00;36:*.m4a=00;36:*.mid=00;36:*.midi=00;36:*.mka=00;36:*.mp3=00;36:*.mpc=00;36:*.ogg=00;36:*.ra=00;36:*.wav=00;36:*.oga=00;36:*.opus=00;36:*.spx=00;36:*.xspf=00;36:*~=00;90:*#=00;90:*.bak=00;90:*.crdownload=00;90:*.dpkg-dist=00;90:*.dpkg-new=00;90:*.dpkg-old=00;90:*.dpkg-tmp=00;90:*.old=00;90:*.orig=00;90:*.part=00;90:*.rej=00;90:*.rpmnew=00;90:*.rpmorig=00;90:*.rpmsave=00;90:*.swp=00;90:*.tmp=00;90:*.ucf-dist=00;90:*.ucf-new=00;90:*.ucf-old=00;90:', 'VSCODE_GIT_IPC_HANDLE': '/run/user/1000/vscode-git-466a10eeed.sock', 'GNOME_TERMINAL_SERVICE': ':1.153', 'TERM_PROGRAM': 'vscode', 'SSH_AUTH_SOCK': '/run/user/1000/keyring/ssh', 'AMENT_PREFIX_PATH': '/home/upo/turtlebot3_ws/install/userCommunication:/home/upo/turtlebot3_ws/install/turtlebot3:/home/upo/turtlebot3_ws/install/turtlebot3_teleop:/home/upo/turtlebot3_ws/install/turtlebot3_simulations:/home/upo/turtlebot3_ws/install/turtlebot3_bringup:/home/upo/turtlebot3_ws/install/turtlebot3_node:/home/upo/turtlebot3_ws/install/turtlebot3_navigation2:/home/upo/turtlebot3_ws/install/turtlebot3_gazebo:/home/upo/turtlebot3_ws/install/turtlebot3_fake_node:/home/upo/turtlebot3_ws/install/turtlebot3_example:/home/upo/turtlebot3_ws/install/turtlebot3_description:/home/upo/turtlebot3_ws/install/turtlebot3_cartographer:/home/upo/turtlebot3_ws/install/robotMovement:/home/upo/turtlebot3_ws/install/robotCommunication:/home/upo/turtlebot3_ws/install/VLMProcessing:/home/upo/turtlebot3_ws/install/interfaces:/opt/ros/jazzy', 'SHELL': '/bin/bash', 'QT_ACCESSIBILITY': '1', 'GDMSESSION': 'ubuntu', 'LESSCLOSE': '/usr/bin/lesspipe %s %s', 'GPG_AGENT_INFO': '/run/user/1000/gnupg/S.gpg-agent:0:1', 'ROS_AUTOMATIC_DISCOVERY_RANGE': 'SUBNET', 'VSCODE_GIT_ASKPASS_EXTRA_ARGS': '', 'QT_IM_MODULE': 'ibus', 'PWD': '/home/upo/TFG/ros2_ws/build/userCommunication', 'TURTLEBOT3_MODEL': 'waffle', 'LC_ALL': 'en_US.UTF-8', 'XDG_CONFIG_DIRS': '/etc/xdg/xdg-ubuntu:/etc/xdg', 'COPILOT_DEBUG_NONCE': 'b1d28ae3d882b8fabe7a3762c8804e8c', 'DBUS_STARTER_ADDRESS': 'unix:path=/run/user/1000/bus,guid=363d1e468aca3fabeca0c6d56a4df74b', 'XDG_DATA_DIRS': '/usr/share/ubuntu:/usr/share/gnome:/home/upo/.local/share/flatpak/exports/share:/var/lib/flatpak/exports/share:/usr/local/share/:/usr/share/:/var/lib/snapd/desktop', 'PYTHONPATH': '/home/upo/TFG/ros2_ws/build/userCommunication/prefix_override:/usr/lib/python3/dist-packages/colcon_core/task/python/colcon_distutils_commands:/home/upo/TFG/ros2_ws/install/userCommunication/lib/python3.12/site-packages:/home/upo/turtlebot3_ws/install/userCommunication/lib/python3.12/site-packages:/home/upo/turtlebot3_ws/build/turtlebot3_teleop:/home/upo/turtlebot3_ws/install/turtlebot3_teleop/lib/python3.12/site-packages:/home/upo/turtlebot3_ws/build/turtlebot3_example:/home/upo/turtlebot3_ws/install/turtlebot3_example/lib/python3.12/site-packages:/home/upo/turtlebot3_ws/install/robotMovement/lib/python3.12/site-packages:/home/upo/turtlebot3_ws/install/robotCommunication/lib/python3.12/site-packages:/home/upo/turtlebot3_ws/install/VLMProcessing/lib/python3.12/site-packages:/home/upo/turtlebot3_ws/install/interfaces/lib/python3.12/site-packages:/opt/ros/jazzy/lib/python3.12/site-packages', 'COLCON': '1', 'MEMORY_PRESSURE_WRITE': 'c29tZSAyMDAwMDAgMjAwMDAwMAA=', 'VTE_VERSION': '7600', 'CMAKE_PREFIX_PATH': '/home/upo/turtlebot3_ws/install/turtlebot3:/home/upo/turtlebot3_ws/install/turtlebot3_simulations:/home/upo/turtlebot3_ws/install/turtlebot3_bringup:/home/upo/turtlebot3_ws/install/turtlebot3_node:/home/upo/turtlebot3_ws/install/turtlebot3_navigation2:/home/upo/turtlebot3_ws/install/turtlebot3_gazebo:/home/upo/turtlebot3_ws/install/turtlebot3_fake_node:/home/upo/turtlebot3_ws/install/turtlebot3_description:/home/upo/turtlebot3_ws/install/turtlebot3_cartographer:/home/upo/turtlebot3_ws/install/interfaces:/opt/ros/jazzy/opt/gz_sim_vendor:/opt/ros/jazzy/opt/gz_sensors_vendor:/opt/ros/jazzy/opt/gz_physics_vendor:/opt/ros/jazzy/opt/sdformat_vendor:/opt/ros/jazzy/opt/gz_gui_vendor:/opt/ros/jazzy/opt/gz_transport_vendor:/opt/ros/jazzy/opt/gz_rendering_vendor:/opt/ros/jazzy/opt/gz_plugin_vendor:/opt/ros/jazzy/opt/gz_fuel_tools_vendor:/opt/ros/jazzy/opt/gz_msgs_vendor:/opt/ros/jazzy/opt/gz_common_vendor:/opt/ros/jazzy/opt/gz_math_vendor:/opt/ros/jazzy/opt/gz_utils_vendor:/opt/ros/jazzy/opt/gz_tools_vendor:/opt/ros/jazzy/opt/gz_ogre_next_vendor:/opt/ros/jazzy/opt/gz_dartsim_vendor:/opt/ros/jazzy/opt/gz_cmake_vendor'}, 'shell': False}
[1.502797] (-) TimerEvent: {}
[1.603082] (-) TimerEvent: {}
[1.703422] (-) TimerEvent: {}
[1.751872] (userCommunication) StdoutLine: {'line': b'running develop\n'}
[1.803544] (-) TimerEvent: {}
[1.903880] (-) TimerEvent: {}
[1.951146] (userCommunication) StdoutLine: {'line': b'running egg_info\n'}
[1.970876] (userCommunication) StdoutLine: {'line': b'writing userCommunication.egg-info/PKG-INFO\n'}
[1.971119] (userCommunication) StdoutLine: {'line': b'writing dependency_links to userCommunication.egg-info/dependency_links.txt\n'}
[1.971308] (userCommunication) StdoutLine: {'line': b'writing entry points to userCommunication.egg-info/entry_points.txt\n'}
[1.971485] (userCommunication) StdoutLine: {'line': b'writing requirements to userCommunication.egg-info/requires.txt\n'}
[1.971610] (userCommunication) StdoutLine: {'line': b'writing top-level names to userCommunication.egg-info/top_level.txt\n'}
[1.988271] (VLMProcessing) Command: {'cmd': ['/usr/bin/python3', '-W', 'ignore:setup.py install is deprecated', '-W', 'ignore:easy_install command is deprecated', 'setup.py', 'develop', '--editable', '--build-directory', '/home/upo/TFG/ros2_ws/build/VLMProcessing/build', '--no-deps', 'symlink_data'], 'cwd': '/home/upo/TFG/ros2_ws/build/VLMProcessing', 'env': {'LESSOPEN': '| /usr/bin/lesspipe %s', 'GZ_SIM_RESOURCE_PATH': '/opt/ros/jazzy/share', 'USER': 'upo', 'GZ_CONFIG_PATH': '/opt/ros/jazzy/opt/gz_sim_vendor/share/gz:/opt/ros/jazzy/opt/sdformat_vendor/share/gz:/opt/ros/jazzy/opt/gz_gui_vendor/share/gz:/opt/ros/jazzy/opt/gz_transport_vendor/share/gz:/opt/ros/jazzy/opt/gz_rendering_vendor/share/gz:/opt/ros/jazzy/opt/gz_plugin_vendor/share/gz:/opt/ros/jazzy/opt/gz_fuel_tools_vendor/share/gz:/opt/ros/jazzy/opt/gz_msgs_vendor/share/gz:/opt/ros/jazzy/opt/gz_common_vendor/share/gz', 'XDG_SESSION_TYPE': 'x11', 'GIT_ASKPASS': '/usr/share/code/resources/app/extensions/git/dist/askpass.sh', 'SHLVL': '3', 'LD_LIBRARY_PATH': '/home/upo/TFG/ros2_ws/install/interfaces/lib:/home/upo/turtlebot3_ws/install/interfaces/lib:/opt/ros/jazzy/opt/gz_sim_vendor/lib:/opt/ros/jazzy/opt/gz_sensors_vendor/lib:/opt/ros/jazzy/opt/gz_physics_vendor/lib:/opt/ros/jazzy/opt/sdformat_vendor/lib:/opt/ros/jazzy/opt/rviz_ogre_vendor/lib:/opt/ros/jazzy/lib/x86_64-linux-gnu:/opt/ros/jazzy/opt/gz_gui_vendor/lib:/opt/ros/jazzy/opt/gz_transport_vendor/lib:/opt/ros/jazzy/opt/gz_rendering_vendor/lib:/opt/ros/jazzy/opt/gz_plugin_vendor/lib:/opt/ros/jazzy/opt/gz_fuel_tools_vendor/lib:/opt/ros/jazzy/opt/gz_msgs_vendor/lib:/opt/ros/jazzy/opt/gz_common_vendor/lib:/opt/ros/jazzy/opt/gz_math_vendor/lib:/opt/ros/jazzy/opt/gz_utils_vendor/lib:/opt/ros/jazzy/opt/gz_tools_vendor/lib:/opt/ros/jazzy/opt/gz_ogre_next_vendor/lib:/opt/ros/jazzy/opt/gz_dartsim_vendor/lib:/opt/ros/jazzy/opt/gz_cmake_vendor/lib:/opt/ros/jazzy/lib', 'HOME': '/home/upo', 'CHROME_DESKTOP': 'code.desktop', 'OLDPWD': '/home/upo/TFG', 'TERM_PROGRAM_VERSION': '1.126.0', 'DESKTOP_SESSION': 'ubuntu', 'ROS_PYTHON_VERSION': '3', 'GNOME_SHELL_SESSION_MODE': 'ubuntu', 'GTK_MODULES': 'gail:atk-bridge', 'VSCODE_GIT_ASKPASS_MAIN': '/usr/share/code/resources/app/extensions/git/dist/askpass-main.js', 'VSCODE_GIT_ASKPASS_NODE': '/usr/share/code/code', 'DBUS_STARTER_BUS_TYPE': 'session', 'SYSTEMD_EXEC_PID': '2495', 'VSCODE_PYTHON_AUTOACTIVATE_GUARD': '1', 'GSM_SKIP_SSH_AGENT_WORKAROUND': 'true', 'DBUS_SESSION_BUS_ADDRESS': 'unix:path=/run/user/1000/bus,guid=363d1e468aca3fabeca0c6d56a4df74b', 'COLORTERM': 'truecolor', 'DEBUGINFOD_URLS': 'https://debuginfod.ubuntu.com', 'COLCON_PREFIX_PATH': '/home/upo/turtlebot3_ws/install', 'ROS_DISTRO': 'jazzy', 'LOGNAME': 'upo', '_': '/usr/bin/colcon', 'ROS_VERSION': '2', 'MEMORY_PRESSURE_WATCH': '/sys/fs/cgroup/user.slice/user-1000.slice/user@1000.service/app.slice/app-gnome\\x2dsession\\x2dmanager.slice/gnome-session-manager@ubuntu.service/memory.pressure', 'CLAUDE_CODE_SSE_PORT': '55408', 'XDG_SESSION_CLASS': 'user', 'USERNAME': 'upo', 'TERM': 'xterm-256color', 'GNOME_DESKTOP_SESSION_ID': 'this-is-deprecated', 'FC_FONTATIONS': '1', 'WINDOWPATH': '2', 'PATH': '/home/upo/platform-tools:/home/upo/.npm-global/bin:/home/upo/.config/Code/User/globalStorage/github.copilot-chat/debugCommand:/home/upo/.config/Code/User/globalStorage/github.copilot-chat/copilotCli:/opt/ros/jazzy/opt/gz_msgs_vendor/bin:/opt/ros/jazzy/opt/gz_tools_vendor/bin:/opt/ros/jazzy/opt/gz_ogre_next_vendor/bin:/opt/ros/jazzy/bin:/home/upo/platform-tools:/home/upo/.npm-global/bin:/home/upo/.local/bin:/usr/local/sbin:/usr/local/bin:/usr/sbin:/usr/bin:/sbin:/bin:/usr/games:/usr/local/games:/snap/bin:/snap/bin', 'SESSION_MANAGER': 'local/upo-ASUS-TUF-Gaming-A15-FA507RR-TUF507RR:@/tmp/.ICE-unix/2495,unix/upo-ASUS-TUF-Gaming-A15-FA507RR-TUF507RR:/tmp/.ICE-unix/2495', 'XDG_MENU_PREFIX': 'gnome-', 'GNOME_TERMINAL_SCREEN': '/org/gnome/Terminal/screen/2478bdcd_4a6f_4f09_acc2_ea0ad9e073f2', 'XDG_RUNTIME_DIR': '/run/user/1000', 'GDK_BACKEND': 'x11', 'DISPLAY': ':0', 'LANG': 'en_US.UTF-8', 'XDG_CURRENT_DESKTOP': 'ubuntu:GNOME', 'XMODIFIERS': '@im=ibus', 'XDG_SESSION_DESKTOP': 'ubuntu', 'XAUTHORITY': '/run/user/1000/gdm/Xauthority', 'LS_COLORS': 'rs=0:di=01;34:ln=01;36:mh=00:pi=40;33:so=01;35:do=01;35:bd=40;33;01:cd=40;33;01:or=40;31;01:mi=00:su=37;41:sg=30;43:ca=00:tw=30;42:ow=34;42:st=37;44:ex=01;32:*.tar=01;31:*.tgz=01;31:*.arc=01;31:*.arj=01;31:*.taz=01;31:*.lha=01;31:*.lz4=01;31:*.lzh=01;31:*.lzma=01;31:*.tlz=01;31:*.txz=01;31:*.tzo=01;31:*.t7z=01;31:*.zip=01;31:*.z=01;31:*.dz=01;31:*.gz=01;31:*.lrz=01;31:*.lz=01;31:*.lzo=01;31:*.xz=01;31:*.zst=01;31:*.tzst=01;31:*.bz2=01;31:*.bz=01;31:*.tbz=01;31:*.tbz2=01;31:*.tz=01;31:*.deb=01;31:*.rpm=01;31:*.jar=01;31:*.war=01;31:*.ear=01;31:*.sar=01;31:*.rar=01;31:*.alz=01;31:*.ace=01;31:*.zoo=01;31:*.cpio=01;31:*.7z=01;31:*.rz=01;31:*.cab=01;31:*.wim=01;31:*.swm=01;31:*.dwm=01;31:*.esd=01;31:*.avif=01;35:*.jpg=01;35:*.jpeg=01;35:*.mjpg=01;35:*.mjpeg=01;35:*.gif=01;35:*.bmp=01;35:*.pbm=01;35:*.pgm=01;35:*.ppm=01;35:*.tga=01;35:*.xbm=01;35:*.xpm=01;35:*.tif=01;35:*.tiff=01;35:*.png=01;35:*.svg=01;35:*.svgz=01;35:*.mng=01;35:*.pcx=01;35:*.mov=01;35:*.mpg=01;35:*.mpeg=01;35:*.m2v=01;35:*.mkv=01;35:*.webm=01;35:*.webp=01;35:*.ogm=01;35:*.mp4=01;35:*.m4v=01;35:*.mp4v=01;35:*.vob=01;35:*.qt=01;35:*.nuv=01;35:*.wmv=01;35:*.asf=01;35:*.rm=01;35:*.rmvb=01;35:*.flc=01;35:*.avi=01;35:*.fli=01;35:*.flv=01;35:*.gl=01;35:*.dl=01;35:*.xcf=01;35:*.xwd=01;35:*.yuv=01;35:*.cgm=01;35:*.emf=01;35:*.ogv=01;35:*.ogx=01;35:*.aac=00;36:*.au=00;36:*.flac=00;36:*.m4a=00;36:*.mid=00;36:*.midi=00;36:*.mka=00;36:*.mp3=00;36:*.mpc=00;36:*.ogg=00;36:*.ra=00;36:*.wav=00;36:*.oga=00;36:*.opus=00;36:*.spx=00;36:*.xspf=00;36:*~=00;90:*#=00;90:*.bak=00;90:*.crdownload=00;90:*.dpkg-dist=00;90:*.dpkg-new=00;90:*.dpkg-old=00;90:*.dpkg-tmp=00;90:*.old=00;90:*.orig=00;90:*.part=00;90:*.rej=00;90:*.rpmnew=00;90:*.rpmorig=00;90:*.rpmsave=00;90:*.swp=00;90:*.tmp=00;90:*.ucf-dist=00;90:*.ucf-new=00;90:*.ucf-old=00;90:', 'VSCODE_GIT_IPC_HANDLE': '/run/user/1000/vscode-git-466a10eeed.sock', 'GNOME_TERMINAL_SERVICE': ':1.153', 'TERM_PROGRAM': 'vscode', 'SSH_AUTH_SOCK': '/run/user/1000/keyring/ssh', 'AMENT_PREFIX_PATH': '/home/upo/TFG/ros2_ws/install/interfaces:/home/upo/turtlebot3_ws/install/userCommunication:/home/upo/turtlebot3_ws/install/turtlebot3:/home/upo/turtlebot3_ws/install/turtlebot3_teleop:/home/upo/turtlebot3_ws/install/turtlebot3_simulations:/home/upo/turtlebot3_ws/install/turtlebot3_bringup:/home/upo/turtlebot3_ws/install/turtlebot3_node:/home/upo/turtlebot3_ws/install/turtlebot3_navigation2:/home/upo/turtlebot3_ws/install/turtlebot3_gazebo:/home/upo/turtlebot3_ws/install/turtlebot3_fake_node:/home/upo/turtlebot3_ws/install/turtlebot3_example:/home/upo/turtlebot3_ws/install/turtlebot3_description:/home/upo/turtlebot3_ws/install/turtlebot3_cartographer:/home/upo/turtlebot3_ws/install/robotMovement:/home/upo/turtlebot3_ws/install/robotCommunication:/home/upo/turtlebot3_ws/install/VLMProcessing:/home/upo/turtlebot3_ws/install/interfaces:/opt/ros/jazzy', 'SHELL': '/bin/bash', 'QT_ACCESSIBILITY': '1', 'GDMSESSION': 'ubuntu', 'LESSCLOSE': '/usr/bin/lesspipe %s %s', 'GPG_AGENT_INFO': '/run/user/1000/gnupg/S.gpg-agent:0:1', 'ROS_AUTOMATIC_DISCOVERY_RANGE': 'SUBNET', 'VSCODE_GIT_ASKPASS_EXTRA_ARGS': '', 'QT_IM_MODULE': 'ibus', 'PWD': '/home/upo/TFG/ros2_ws/build/VLMProcessing', 'TURTLEBOT3_MODEL': 'waffle', 'LC_ALL': 'en_US.UTF-8', 'XDG_CONFIG_DIRS': '/etc/xdg/xdg-ubuntu:/etc/xdg', 'COPILOT_DEBUG_NONCE': 'b1d28ae3d882b8fabe7a3762c8804e8c', 'DBUS_STARTER_ADDRESS': 'unix:path=/run/user/1000/bus,guid=363d1e468aca3fabeca0c6d56a4df74b', 'XDG_DATA_DIRS': '/usr/share/ubuntu:/usr/share/gnome:/home/upo/.local/share/flatpak/exports/share:/var/lib/flatpak/exports/share:/usr/local/share/:/usr/share/:/var/lib/snapd/desktop', 'PYTHONPATH': '/home/upo/TFG/ros2_ws/build/VLMProcessing/prefix_override:/usr/lib/python3/dist-packages/colcon_core/task/python/colcon_distutils_commands:/home/upo/TFG/ros2_ws/install/VLMProcessing/lib/python3.12/site-packages:/home/upo/TFG/ros2_ws/install/interfaces/lib/python3.12/site-packages:/home/upo/turtlebot3_ws/install/userCommunication/lib/python3.12/site-packages:/home/upo/turtlebot3_ws/build/turtlebot3_teleop:/home/upo/turtlebot3_ws/install/turtlebot3_teleop/lib/python3.12/site-packages:/home/upo/turtlebot3_ws/build/turtlebot3_example:/home/upo/turtlebot3_ws/install/turtlebot3_example/lib/python3.12/site-packages:/home/upo/turtlebot3_ws/install/robotMovement/lib/python3.12/site-packages:/home/upo/turtlebot3_ws/install/robotCommunication/lib/python3.12/site-packages:/home/upo/turtlebot3_ws/install/VLMProcessing/lib/python3.12/site-packages:/home/upo/turtlebot3_ws/install/interfaces/lib/python3.12/site-packages:/opt/ros/jazzy/lib/python3.12/site-packages', 'COLCON': '1', 'MEMORY_PRESSURE_WRITE': 'c29tZSAyMDAwMDAgMjAwMDAwMAA=', 'VTE_VERSION': '7600', 'CMAKE_PREFIX_PATH': '/home/upo/TFG/ros2_ws/install/interfaces:/home/upo/turtlebot3_ws/install/turtlebot3:/home/upo/turtlebot3_ws/install/turtlebot3_simulations:/home/upo/turtlebot3_ws/install/turtlebot3_bringup:/home/upo/turtlebot3_ws/install/turtlebot3_node:/home/upo/turtlebot3_ws/install/turtlebot3_navigation2:/home/upo/turtlebot3_ws/install/turtlebot3_gazebo:/home/upo/turtlebot3_ws/install/turtlebot3_fake_node:/home/upo/turtlebot3_ws/install/turtlebot3_description:/home/upo/turtlebot3_ws/install/turtlebot3_cartographer:/home/upo/turtlebot3_ws/install/interfaces:/opt/ros/jazzy/opt/gz_sim_vendor:/opt/ros/jazzy/opt/gz_sensors_vendor:/opt/ros/jazzy/opt/gz_physics_vendor:/opt/ros/jazzy/opt/sdformat_vendor:/opt/ros/jazzy/opt/gz_gui_vendor:/opt/ros/jazzy/opt/gz_transport_vendor:/opt/ros/jazzy/opt/gz_rendering_vendor:/opt/ros/jazzy/opt/gz_plugin_vendor:/opt/ros/jazzy/opt/gz_fuel_tools_vendor:/opt/ros/jazzy/opt/gz_msgs_vendor:/opt/ros/jazzy/opt/gz_common_vendor:/opt/ros/jazzy/opt/gz_math_vendor:/opt/ros/jazzy/opt/gz_utils_vendor:/opt/ros/jazzy/opt/gz_tools_vendor:/opt/ros/jazzy/opt/gz_ogre_next_vendor:/opt/ros/jazzy/opt/gz_dartsim_vendor:/opt/ros/jazzy/opt/gz_cmake_vendor'}, 'shell': False}
[1.998860] (robotMovement) Command: {'cmd': ['/usr/bin/python3', '-W', 'ignore:setup.py install is deprecated', '-W', 'ignore:easy_install command is deprecated', 'setup.py', 'develop', '--editable', '--build-directory', '/home/upo/TFG/ros2_ws/build/robotMovement/build', '--no-deps', 'symlink_data'], 'cwd': '/home/upo/TFG/ros2_ws/build/robotMovement', 'env': {'LESSOPEN': '| /usr/bin/lesspipe %s', 'GZ_SIM_RESOURCE_PATH': '/opt/ros/jazzy/share', 'USER': 'upo', 'GZ_CONFIG_PATH': '/opt/ros/jazzy/opt/gz_sim_vendor/share/gz:/opt/ros/jazzy/opt/sdformat_vendor/share/gz:/opt/ros/jazzy/opt/gz_gui_vendor/share/gz:/opt/ros/jazzy/opt/gz_transport_vendor/share/gz:/opt/ros/jazzy/opt/gz_rendering_vendor/share/gz:/opt/ros/jazzy/opt/gz_plugin_vendor/share/gz:/opt/ros/jazzy/opt/gz_fuel_tools_vendor/share/gz:/opt/ros/jazzy/opt/gz_msgs_vendor/share/gz:/opt/ros/jazzy/opt/gz_common_vendor/share/gz', 'XDG_SESSION_TYPE': 'x11', 'GIT_ASKPASS': '/usr/share/code/resources/app/extensions/git/dist/askpass.sh', 'SHLVL': '3', 'LD_LIBRARY_PATH': '/home/upo/TFG/ros2_ws/install/interfaces/lib:/home/upo/turtlebot3_ws/install/interfaces/lib:/opt/ros/jazzy/opt/gz_sim_vendor/lib:/opt/ros/jazzy/opt/gz_sensors_vendor/lib:/opt/ros/jazzy/opt/gz_physics_vendor/lib:/opt/ros/jazzy/opt/sdformat_vendor/lib:/opt/ros/jazzy/opt/rviz_ogre_vendor/lib:/opt/ros/jazzy/lib/x86_64-linux-gnu:/opt/ros/jazzy/opt/gz_gui_vendor/lib:/opt/ros/jazzy/opt/gz_transport_vendor/lib:/opt/ros/jazzy/opt/gz_rendering_vendor/lib:/opt/ros/jazzy/opt/gz_plugin_vendor/lib:/opt/ros/jazzy/opt/gz_fuel_tools_vendor/lib:/opt/ros/jazzy/opt/gz_msgs_vendor/lib:/opt/ros/jazzy/opt/gz_common_vendor/lib:/opt/ros/jazzy/opt/gz_math_vendor/lib:/opt/ros/jazzy/opt/gz_utils_vendor/lib:/opt/ros/jazzy/opt/gz_tools_vendor/lib:/opt/ros/jazzy/opt/gz_ogre_next_vendor/lib:/opt/ros/jazzy/opt/gz_dartsim_vendor/lib:/opt/ros/jazzy/opt/gz_cmake_vendor/lib:/opt/ros/jazzy/lib', 'HOME': '/home/upo', 'CHROME_DESKTOP': 'code.desktop', 'OLDPWD': '/home/upo/TFG', 'TERM_PROGRAM_VERSION': '1.126.0', 'DESKTOP_SESSION': 'ubuntu', 'ROS_PYTHON_VERSION': '3', 'GNOME_SHELL_SESSION_MODE': 'ubuntu', 'GTK_MODULES': 'gail:atk-bridge', 'VSCODE_GIT_ASKPASS_MAIN': '/usr/share/code/resources/app/extensions/git/dist/askpass-main.js', 'VSCODE_GIT_ASKPASS_NODE': '/usr/share/code/code', 'DBUS_STARTER_BUS_TYPE': 'session', 'SYSTEMD_EXEC_PID': '2495', 'VSCODE_PYTHON_AUTOACTIVATE_GUARD': '1', 'GSM_SKIP_SSH_AGENT_WORKAROUND': 'true', 'DBUS_SESSION_BUS_ADDRESS': 'unix:path=/run/user/1000/bus,guid=363d1e468aca3fabeca0c6d56a4df74b', 'COLORTERM': 'truecolor', 'DEBUGINFOD_URLS': 'https://debuginfod.ubuntu.com', 'COLCON_PREFIX_PATH': '/home/upo/turtlebot3_ws/install', 'ROS_DISTRO': 'jazzy', 'LOGNAME': 'upo', '_': '/usr/bin/colcon', 'ROS_VERSION': '2', 'MEMORY_PRESSURE_WATCH': '/sys/fs/cgroup/user.slice/user-1000.slice/user@1000.service/app.slice/app-gnome\\x2dsession\\x2dmanager.slice/gnome-session-manager@ubuntu.service/memory.pressure', 'CLAUDE_CODE_SSE_PORT': '55408', 'XDG_SESSION_CLASS': 'user', 'USERNAME': 'upo', 'TERM': 'xterm-256color', 'GNOME_DESKTOP_SESSION_ID': 'this-is-deprecated', 'FC_FONTATIONS': '1', 'WINDOWPATH': '2', 'PATH': '/home/upo/platform-tools:/home/upo/.npm-global/bin:/home/upo/.config/Code/User/globalStorage/github.copilot-chat/debugCommand:/home/upo/.config/Code/User/globalStorage/github.copilot-chat/copilotCli:/opt/ros/jazzy/opt/gz_msgs_vendor/bin:/opt/ros/jazzy/opt/gz_tools_vendor/bin:/opt/ros/jazzy/opt/gz_ogre_next_vendor/bin:/opt/ros/jazzy/bin:/home/upo/platform-tools:/home/upo/.npm-global/bin:/home/upo/.local/bin:/usr/local/sbin:/usr/local/bin:/usr/sbin:/usr/bin:/sbin:/bin:/usr/games:/usr/local/games:/snap/bin:/snap/bin', 'SESSION_MANAGER': 'local/upo-ASUS-TUF-Gaming-A15-FA507RR-TUF507RR:@/tmp/.ICE-unix/2495,unix/upo-ASUS-TUF-Gaming-A15-FA507RR-TUF507RR:/tmp/.ICE-unix/2495', 'XDG_MENU_PREFIX': 'gnome-', 'GNOME_TERMINAL_SCREEN': '/org/gnome/Terminal/screen/2478bdcd_4a6f_4f09_acc2_ea0ad9e073f2', 'XDG_RUNTIME_DIR': '/run/user/1000', 'GDK_BACKEND': 'x11', 'DISPLAY': ':0', 'LANG': 'en_US.UTF-8', 'XDG_CURRENT_DESKTOP': 'ubuntu:GNOME', 'XMODIFIERS': '@im=ibus', 'XDG_SESSION_DESKTOP': 'ubuntu', 'XAUTHORITY': '/run/user/1000/gdm/Xauthority', 'LS_COLORS': 'rs=0:di=01;34:ln=01;36:mh=00:pi=40;33:so=01;35:do=01;35:bd=40;33;01:cd=40;33;01:or=40;31;01:mi=00:su=37;41:sg=30;43:ca=00:tw=30;42:ow=34;42:st=37;44:ex=01;32:*.tar=01;31:*.tgz=01;31:*.arc=01;31:*.arj=01;31:*.taz=01;31:*.lha=01;31:*.lz4=01;31:*.lzh=01;31:*.lzma=01;31:*.tlz=01;31:*.txz=01;31:*.tzo=01;31:*.t7z=01;31:*.zip=01;31:*.z=01;31:*.dz=01;31:*.gz=01;31:*.lrz=01;31:*.lz=01;31:*.lzo=01;31:*.xz=01;31:*.zst=01;31:*.tzst=01;31:*.bz2=01;31:*.bz=01;31:*.tbz=01;31:*.tbz2=01;31:*.tz=01;31:*.deb=01;31:*.rpm=01;31:*.jar=01;31:*.war=01;31:*.ear=01;31:*.sar=01;31:*.rar=01;31:*.alz=01;31:*.ace=01;31:*.zoo=01;31:*.cpio=01;31:*.7z=01;31:*.rz=01;31:*.cab=01;31:*.wim=01;31:*.swm=01;31:*.dwm=01;31:*.esd=01;31:*.avif=01;35:*.jpg=01;35:*.jpeg=01;35:*.mjpg=01;35:*.mjpeg=01;35:*.gif=01;35:*.bmp=01;35:*.pbm=01;35:*.pgm=01;35:*.ppm=01;35:*.tga=01;35:*.xbm=01;35:*.xpm=01;35:*.tif=01;35:*.tiff=01;35:*.png=01;35:*.svg=01;35:*.svgz=01;35:*.mng=01;35:*.pcx=01;35:*.mov=01;35:*.mpg=01;35:*.mpeg=01;35:*.m2v=01;35:*.mkv=01;35:*.webm=01;35:*.webp=01;35:*.ogm=01;35:*.mp4=01;35:*.m4v=01;35:*.mp4v=01;35:*.vob=01;35:*.qt=01;35:*.nuv=01;35:*.wmv=01;35:*.asf=01;35:*.rm=01;35:*.rmvb=01;35:*.flc=01;35:*.avi=01;35:*.fli=01;35:*.flv=01;35:*.gl=01;35:*.dl=01;35:*.xcf=01;35:*.xwd=01;35:*.yuv=01;35:*.cgm=01;35:*.emf=01;35:*.ogv=01;35:*.ogx=01;35:*.aac=00;36:*.au=00;36:*.flac=00;36:*.m4a=00;36:*.mid=00;36:*.midi=00;36:*.mka=00;36:*.mp3=00;36:*.mpc=00;36:*.ogg=00;36:*.ra=00;36:*.wav=00;36:*.oga=00;36:*.opus=00;36:*.spx=00;36:*.xspf=00;36:*~=00;90:*#=00;90:*.bak=00;90:*.crdownload=00;90:*.dpkg-dist=00;90:*.dpkg-new=00;90:*.dpkg-old=00;90:*.dpkg-tmp=00;90:*.old=00;90:*.orig=00;90:*.part=00;90:*.rej=00;90:*.rpmnew=00;90:*.rpmorig=00;90:*.rpmsave=00;90:*.swp=00;90:*.tmp=00;90:*.ucf-dist=00;90:*.ucf-new=00;90:*.ucf-old=00;90:', 'VSCODE_GIT_IPC_HANDLE': '/run/user/1000/vscode-git-466a10eeed.sock', 'GNOME_TERMINAL_SERVICE': ':1.153', 'TERM_PROGRAM': 'vscode', 'SSH_AUTH_SOCK': '/run/user/1000/keyring/ssh', 'AMENT_PREFIX_PATH': '/home/upo/TFG/ros2_ws/install/interfaces:/home/upo/turtlebot3_ws/install/userCommunication:/home/upo/turtlebot3_ws/install/turtlebot3:/home/upo/turtlebot3_ws/install/turtlebot3_teleop:/home/upo/turtlebot3_ws/install/turtlebot3_simulations:/home/upo/turtlebot3_ws/install/turtlebot3_bringup:/home/upo/turtlebot3_ws/install/turtlebot3_node:/home/upo/turtlebot3_ws/install/turtlebot3_navigation2:/home/upo/turtlebot3_ws/install/turtlebot3_gazebo:/home/upo/turtlebot3_ws/install/turtlebot3_fake_node:/home/upo/turtlebot3_ws/install/turtlebot3_example:/home/upo/turtlebot3_ws/install/turtlebot3_description:/home/upo/turtlebot3_ws/install/turtlebot3_cartographer:/home/upo/turtlebot3_ws/install/robotMovement:/home/upo/turtlebot3_ws/install/robotCommunication:/home/upo/turtlebot3_ws/install/VLMProcessing:/home/upo/turtlebot3_ws/install/interfaces:/opt/ros/jazzy', 'SHELL': '/bin/bash', 'QT_ACCESSIBILITY': '1', 'GDMSESSION': 'ubuntu', 'LESSCLOSE': '/usr/bin/lesspipe %s %s', 'GPG_AGENT_INFO': '/run/user/1000/gnupg/S.gpg-agent:0:1', 'ROS_AUTOMATIC_DISCOVERY_RANGE': 'SUBNET', 'VSCODE_GIT_ASKPASS_EXTRA_ARGS': '', 'QT_IM_MODULE': 'ibus', 'PWD': '/home/upo/TFG/ros2_ws/build/robotMovement', 'TURTLEBOT3_MODEL': 'waffle', 'LC_ALL': 'en_US.UTF-8', 'XDG_CONFIG_DIRS': '/etc/xdg/xdg-ubuntu:/etc/xdg', 'COPILOT_DEBUG_NONCE': 'b1d28ae3d882b8fabe7a3762c8804e8c', 'DBUS_STARTER_ADDRESS': 'unix:path=/run/user/1000/bus,guid=363d1e468aca3fabeca0c6d56a4df74b', 'XDG_DATA_DIRS': '/usr/share/ubuntu:/usr/share/gnome:/home/upo/.local/share/flatpak/exports/share:/var/lib/flatpak/exports/share:/usr/local/share/:/usr/share/:/var/lib/snapd/desktop', 'PYTHONPATH': '/home/upo/TFG/ros2_ws/build/robotMovement/prefix_override:/usr/lib/python3/dist-packages/colcon_core/task/python/colcon_distutils_commands:/home/upo/TFG/ros2_ws/install/robotMovement/lib/python3.12/site-packages:/home/upo/TFG/ros2_ws/install/interfaces/lib/python3.12/site-packages:/home/upo/turtlebot3_ws/install/userCommunication/lib/python3.12/site-packages:/home/upo/turtlebot3_ws/build/turtlebot3_teleop:/home/upo/turtlebot3_ws/install/turtlebot3_teleop/lib/python3.12/site-packages:/home/upo/turtlebot3_ws/build/turtlebot3_example:/home/upo/turtlebot3_ws/install/turtlebot3_example/lib/python3.12/site-packages:/home/upo/turtlebot3_ws/install/robotMovement/lib/python3.12/site-packages:/home/upo/turtlebot3_ws/install/robotCommunication/lib/python3.12/site-packages:/home/upo/turtlebot3_ws/install/VLMProcessing/lib/python3.12/site-packages:/home/upo/turtlebot3_ws/install/interfaces/lib/python3.12/site-packages:/opt/ros/jazzy/lib/python3.12/site-packages', 'COLCON': '1', 'MEMORY_PRESSURE_WRITE': 'c29tZSAyMDAwMDAgMjAwMDAwMAA=', 'VTE_VERSION': '7600', 'CMAKE_PREFIX_PATH': '/home/upo/TFG/ros2_ws/install/interfaces:/home/upo/turtlebot3_ws/install/turtlebot3:/home/upo/turtlebot3_ws/install/turtlebot3_simulations:/home/upo/turtlebot3_ws/install/turtlebot3_bringup:/home/upo/turtlebot3_ws/install/turtlebot3_node:/home/upo/turtlebot3_ws/install/turtlebot3_navigation2:/home/upo/turtlebot3_ws/install/turtlebot3_gazebo:/home/upo/turtlebot3_ws/install/turtlebot3_fake_node:/home/upo/turtlebot3_ws/install/turtlebot3_description:/home/upo/turtlebot3_ws/install/turtlebot3_cartographer:/home/upo/turtlebot3_ws/install/interfaces:/opt/ros/jazzy/opt/gz_sim_vendor:/opt/ros/jazzy/opt/gz_sensors_vendor:/opt/ros/jazzy/opt/gz_physics_vendor:/opt/ros/jazzy/opt/sdformat_vendor:/opt/ros/jazzy/opt/gz_gui_vendor:/opt/ros/jazzy/opt/gz_transport_vendor:/opt/ros/jazzy/opt/gz_rendering_vendor:/opt/ros/jazzy/opt/gz_plugin_vendor:/opt/ros/jazzy/opt/gz_fuel_tools_vendor:/opt/ros/jazzy/opt/gz_msgs_vendor:/opt/ros/jazzy/opt/gz_common_vendor:/opt/ros/jazzy/opt/gz_math_vendor:/opt/ros/jazzy/opt/gz_utils_vendor:/opt/ros/jazzy/opt/gz_tools_vendor:/opt/ros/jazzy/opt/gz_ogre_next_vendor:/opt/ros/jazzy/opt/gz_dartsim_vendor:/opt/ros/jazzy/opt/gz_cmake_vendor'}, 'shell': False}
[2.001835] (robotCommunication) Command: {'cmd': ['/usr/bin/python3', '-W', 'ignore:setup.py install is deprecated', '-W', 'ignore:easy_install command is deprecated', 'setup.py', 'develop', '--editable', '--build-directory', '/home/upo/TFG/ros2_ws/build/robotCommunication/build', '--no-deps', 'symlink_data'], 'cwd': '/home/upo/TFG/ros2_ws/build/robotCommunication', 'env': {'LESSOPEN': '| /usr/bin/lesspipe %s', 'GZ_SIM_RESOURCE_PATH': '/opt/ros/jazzy/share', 'USER': 'upo', 'GZ_CONFIG_PATH': '/opt/ros/jazzy/opt/gz_sim_vendor/share/gz:/opt/ros/jazzy/opt/sdformat_vendor/share/gz:/opt/ros/jazzy/opt/gz_gui_vendor/share/gz:/opt/ros/jazzy/opt/gz_transport_vendor/share/gz:/opt/ros/jazzy/opt/gz_rendering_vendor/share/gz:/opt/ros/jazzy/opt/gz_plugin_vendor/share/gz:/opt/ros/jazzy/opt/gz_fuel_tools_vendor/share/gz:/opt/ros/jazzy/opt/gz_msgs_vendor/share/gz:/opt/ros/jazzy/opt/gz_common_vendor/share/gz', 'XDG_SESSION_TYPE': 'x11', 'GIT_ASKPASS': '/usr/share/code/resources/app/extensions/git/dist/askpass.sh', 'SHLVL': '3', 'LD_LIBRARY_PATH': '/home/upo/TFG/ros2_ws/install/interfaces/lib:/home/upo/turtlebot3_ws/install/interfaces/lib:/opt/ros/jazzy/opt/gz_sim_vendor/lib:/opt/ros/jazzy/opt/gz_sensors_vendor/lib:/opt/ros/jazzy/opt/gz_physics_vendor/lib:/opt/ros/jazzy/opt/sdformat_vendor/lib:/opt/ros/jazzy/opt/rviz_ogre_vendor/lib:/opt/ros/jazzy/lib/x86_64-linux-gnu:/opt/ros/jazzy/opt/gz_gui_vendor/lib:/opt/ros/jazzy/opt/gz_transport_vendor/lib:/opt/ros/jazzy/opt/gz_rendering_vendor/lib:/opt/ros/jazzy/opt/gz_plugin_vendor/lib:/opt/ros/jazzy/opt/gz_fuel_tools_vendor/lib:/opt/ros/jazzy/opt/gz_msgs_vendor/lib:/opt/ros/jazzy/opt/gz_common_vendor/lib:/opt/ros/jazzy/opt/gz_math_vendor/lib:/opt/ros/jazzy/opt/gz_utils_vendor/lib:/opt/ros/jazzy/opt/gz_tools_vendor/lib:/opt/ros/jazzy/opt/gz_ogre_next_vendor/lib:/opt/ros/jazzy/opt/gz_dartsim_vendor/lib:/opt/ros/jazzy/opt/gz_cmake_vendor/lib:/opt/ros/jazzy/lib', 'HOME': '/home/upo', 'CHROME_DESKTOP': 'code.desktop', 'OLDPWD': '/home/upo/TFG', 'TERM_PROGRAM_VERSION': '1.126.0', 'DESKTOP_SESSION': 'ubuntu', 'ROS_PYTHON_VERSION': '3', 'GNOME_SHELL_SESSION_MODE': 'ubuntu', 'GTK_MODULES': 'gail:atk-bridge', 'VSCODE_GIT_ASKPASS_MAIN': '/usr/share/code/resources/app/extensions/git/dist/askpass-main.js', 'VSCODE_GIT_ASKPASS_NODE': '/usr/share/code/code', 'DBUS_STARTER_BUS_TYPE': 'session', 'SYSTEMD_EXEC_PID': '2495', 'VSCODE_PYTHON_AUTOACTIVATE_GUARD': '1', 'GSM_SKIP_SSH_AGENT_WORKAROUND': 'true', 'DBUS_SESSION_BUS_ADDRESS': 'unix:path=/run/user/1000/bus,guid=363d1e468aca3fabeca0c6d56a4df74b', 'COLORTERM': 'truecolor', 'DEBUGINFOD_URLS': 'https://debuginfod.ubuntu.com', 'COLCON_PREFIX_PATH': '/home/upo/turtlebot3_ws/install', 'ROS_DISTRO': 'jazzy', 'LOGNAME': 'upo', '_': '/usr/bin/colcon', 'ROS_VERSION': '2', 'MEMORY_PRESSURE_WATCH': '/sys/fs/cgroup/user.slice/user-1000.slice/user@1000.service/app.slice/app-gnome\\x2dsession\\x2dmanager.slice/gnome-session-manager@ubuntu.service/memory.pressure', 'CLAUDE_CODE_SSE_PORT': '55408', 'XDG_SESSION_CLASS': 'user', 'USERNAME': 'upo', 'TERM': 'xterm-256color', 'GNOME_DESKTOP_SESSION_ID': 'this-is-deprecated', 'FC_FONTATIONS': '1', 'WINDOWPATH': '2', 'PATH': '/home/upo/platform-tools:/home/upo/.npm-global/bin:/home/upo/.config/Code/User/globalStorage/github.copilot-chat/debugCommand:/home/upo/.config/Code/User/globalStorage/github.copilot-chat/copilotCli:/opt/ros/jazzy/opt/gz_msgs_vendor/bin:/opt/ros/jazzy/opt/gz_tools_vendor/bin:/opt/ros/jazzy/opt/gz_ogre_next_vendor/bin:/opt/ros/jazzy/bin:/home/upo/platform-tools:/home/upo/.npm-global/bin:/home/upo/.local/bin:/usr/local/sbin:/usr/local/bin:/usr/sbin:/usr/bin:/sbin:/bin:/usr/games:/usr/local/games:/snap/bin:/snap/bin', 'SESSION_MANAGER': 'local/upo-ASUS-TUF-Gaming-A15-FA507RR-TUF507RR:@/tmp/.ICE-unix/2495,unix/upo-ASUS-TUF-Gaming-A15-FA507RR-TUF507RR:/tmp/.ICE-unix/2495', 'XDG_MENU_PREFIX': 'gnome-', 'GNOME_TERMINAL_SCREEN': '/org/gnome/Terminal/screen/2478bdcd_4a6f_4f09_acc2_ea0ad9e073f2', 'XDG_RUNTIME_DIR': '/run/user/1000', 'GDK_BACKEND': 'x11', 'DISPLAY': ':0', 'LANG': 'en_US.UTF-8', 'XDG_CURRENT_DESKTOP': 'ubuntu:GNOME', 'XMODIFIERS': '@im=ibus', 'XDG_SESSION_DESKTOP': 'ubuntu', 'XAUTHORITY': '/run/user/1000/gdm/Xauthority', 'LS_COLORS': 'rs=0:di=01;34:ln=01;36:mh=00:pi=40;33:so=01;35:do=01;35:bd=40;33;01:cd=40;33;01:or=40;31;01:mi=00:su=37;41:sg=30;43:ca=00:tw=30;42:ow=34;42:st=37;44:ex=01;32:*.tar=01;31:*.tgz=01;31:*.arc=01;31:*.arj=01;31:*.taz=01;31:*.lha=01;31:*.lz4=01;31:*.lzh=01;31:*.lzma=01;31:*.tlz=01;31:*.txz=01;31:*.tzo=01;31:*.t7z=01;31:*.zip=01;31:*.z=01;31:*.dz=01;31:*.gz=01;31:*.lrz=01;31:*.lz=01;31:*.lzo=01;31:*.xz=01;31:*.zst=01;31:*.tzst=01;31:*.bz2=01;31:*.bz=01;31:*.tbz=01;31:*.tbz2=01;31:*.tz=01;31:*.deb=01;31:*.rpm=01;31:*.jar=01;31:*.war=01;31:*.ear=01;31:*.sar=01;31:*.rar=01;31:*.alz=01;31:*.ace=01;31:*.zoo=01;31:*.cpio=01;31:*.7z=01;31:*.rz=01;31:*.cab=01;31:*.wim=01;31:*.swm=01;31:*.dwm=01;31:*.esd=01;31:*.avif=01;35:*.jpg=01;35:*.jpeg=01;35:*.mjpg=01;35:*.mjpeg=01;35:*.gif=01;35:*.bmp=01;35:*.pbm=01;35:*.pgm=01;35:*.ppm=01;35:*.tga=01;35:*.xbm=01;35:*.xpm=01;35:*.tif=01;35:*.tiff=01;35:*.png=01;35:*.svg=01;35:*.svgz=01;35:*.mng=01;35:*.pcx=01;35:*.mov=01;35:*.mpg=01;35:*.mpeg=01;35:*.m2v=01;35:*.mkv=01;35:*.webm=01;35:*.webp=01;35:*.ogm=01;35:*.mp4=01;35:*.m4v=01;35:*.mp4v=01;35:*.vob=01;35:*.qt=01;35:*.nuv=01;35:*.wmv=01;35:*.asf=01;35:*.rm=01;35:*.rmvb=01;35:*.flc=01;35:*.avi=01;35:*.fli=01;35:*.flv=01;35:*.gl=01;35:*.dl=01;35:*.xcf=01;35:*.xwd=01;35:*.yuv=01;35:*.cgm=01;35:*.emf=01;35:*.ogv=01;35:*.ogx=01;35:*.aac=00;36:*.au=00;36:*.flac=00;36:*.m4a=00;36:*.mid=00;36:*.midi=00;36:*.mka=00;36:*.mp3=00;36:*.mpc=00;36:*.ogg=00;36:*.ra=00;36:*.wav=00;36:*.oga=00;36:*.opus=00;36:*.spx=00;36:*.xspf=00;36:*~=00;90:*#=00;90:*.bak=00;90:*.crdownload=00;90:*.dpkg-dist=00;90:*.dpkg-new=00;90:*.dpkg-old=00;90:*.dpkg-tmp=00;90:*.old=00;90:*.orig=00;90:*.part=00;90:*.rej=00;90:*.rpmnew=00;90:*.rpmorig=00;90:*.rpmsave=00;90:*.swp=00;90:*.tmp=00;90:*.ucf-dist=00;90:*.ucf-new=00;90:*.ucf-old=00;90:', 'VSCODE_GIT_IPC_HANDLE': '/run/user/1000/vscode-git-466a10eeed.sock', 'GNOME_TERMINAL_SERVICE': ':1.153', 'TERM_PROGRAM': 'vscode', 'SSH_AUTH_SOCK': '/run/user/1000/keyring/ssh', 'AMENT_PREFIX_PATH': '/home/upo/TFG/ros2_ws/install/interfaces:/home/upo/turtlebot3_ws/install/userCommunication:/home/upo/turtlebot3_ws/install/turtlebot3:/home/upo/turtlebot3_ws/install/turtlebot3_teleop:/home/upo/turtlebot3_ws/install/turtlebot3_simulations:/home/upo/turtlebot3_ws/install/turtlebot3_bringup:/home/upo/turtlebot3_ws/install/turtlebot3_node:/home/upo/turtlebot3_ws/install/turtlebot3_navigation2:/home/upo/turtlebot3_ws/install/turtlebot3_gazebo:/home/upo/turtlebot3_ws/install/turtlebot3_fake_node:/home/upo/turtlebot3_ws/install/turtlebot3_example:/home/upo/turtlebot3_ws/install/turtlebot3_description:/home/upo/turtlebot3_ws/install/turtlebot3_cartographer:/home/upo/turtlebot3_ws/install/robotMovement:/home/upo/turtlebot3_ws/install/robotCommunication:/home/upo/turtlebot3_ws/install/VLMProcessing:/home/upo/turtlebot3_ws/install/interfaces:/opt/ros/jazzy', 'SHELL': '/bin/bash', 'QT_ACCESSIBILITY': '1', 'GDMSESSION': 'ubuntu', 'LESSCLOSE': '/usr/bin/lesspipe %s %s', 'GPG_AGENT_INFO': '/run/user/1000/gnupg/S.gpg-agent:0:1', 'ROS_AUTOMATIC_DISCOVERY_RANGE': 'SUBNET', 'VSCODE_GIT_ASKPASS_EXTRA_ARGS': '', 'QT_IM_MODULE': 'ibus', 'PWD': '/home/upo/TFG/ros2_ws/build/robotCommunication', 'TURTLEBOT3_MODEL': 'waffle', 'LC_ALL': 'en_US.UTF-8', 'XDG_CONFIG_DIRS': '/etc/xdg/xdg-ubuntu:/etc/xdg', 'COPILOT_DEBUG_NONCE': 'b1d28ae3d882b8fabe7a3762c8804e8c', 'DBUS_STARTER_ADDRESS': 'unix:path=/run/user/1000/bus,guid=363d1e468aca3fabeca0c6d56a4df74b', 'XDG_DATA_DIRS': '/usr/share/ubuntu:/usr/share/gnome:/home/upo/.local/share/flatpak/exports/share:/var/lib/flatpak/exports/share:/usr/local/share/:/usr/share/:/var/lib/snapd/desktop', 'PYTHONPATH': '/home/upo/TFG/ros2_ws/build/robotCommunication/prefix_override:/usr/lib/python3/dist-packages/colcon_core/task/python/colcon_distutils_commands:/home/upo/TFG/ros2_ws/install/robotCommunication/lib/python3.12/site-packages:/home/upo/TFG/ros2_ws/install/interfaces/lib/python3.12/site-packages:/home/upo/turtlebot3_ws/install/userCommunication/lib/python3.12/site-packages:/home/upo/turtlebot3_ws/build/turtlebot3_teleop:/home/upo/turtlebot3_ws/install/turtlebot3_teleop/lib/python3.12/site-packages:/home/upo/turtlebot3_ws/build/turtlebot3_example:/home/upo/turtlebot3_ws/install/turtlebot3_example/lib/python3.12/site-packages:/home/upo/turtlebot3_ws/install/robotMovement/lib/python3.12/site-packages:/home/upo/turtlebot3_ws/install/robotCommunication/lib/python3.12/site-packages:/home/upo/turtlebot3_ws/install/VLMProcessing/lib/python3.12/site-packages:/home/upo/turtlebot3_ws/install/interfaces/lib/python3.12/site-packages:/opt/ros/jazzy/lib/python3.12/site-packages', 'COLCON': '1', 'MEMORY_PRESSURE_WRITE': 'c29tZSAyMDAwMDAgMjAwMDAwMAA=', 'VTE_VERSION': '7600', 'CMAKE_PREFIX_PATH': '/home/upo/TFG/ros2_ws/install/interfaces:/home/upo/turtlebot3_ws/install/turtlebot3:/home/upo/turtlebot3_ws/install/turtlebot3_simulations:/home/upo/turtlebot3_ws/install/turtlebot3_bringup:/home/upo/turtlebot3_ws/install/turtlebot3_node:/home/upo/turtlebot3_ws/install/turtlebot3_navigation2:/home/upo/turtlebot3_ws/install/turtlebot3_gazebo:/home/upo/turtlebot3_ws/install/turtlebot3_fake_node:/home/upo/turtlebot3_ws/install/turtlebot3_description:/home/upo/turtlebot3_ws/install/turtlebot3_cartographer:/home/upo/turtlebot3_ws/install/interfaces:/opt/ros/jazzy/opt/gz_sim_vendor:/opt/ros/jazzy/opt/gz_sensors_vendor:/opt/ros/jazzy/opt/gz_physics_vendor:/opt/ros/jazzy/opt/sdformat_vendor:/opt/ros/jazzy/opt/gz_gui_vendor:/opt/ros/jazzy/opt/gz_transport_vendor:/opt/ros/jazzy/opt/gz_rendering_vendor:/opt/ros/jazzy/opt/gz_plugin_vendor:/opt/ros/jazzy/opt/gz_fuel_tools_vendor:/opt/ros/jazzy/opt/gz_msgs_vendor:/opt/ros/jazzy/opt/gz_common_vendor:/opt/ros/jazzy/opt/gz_math_vendor:/opt/ros/jazzy/opt/gz_utils_vendor:/opt/ros/jazzy/opt/gz_tools_vendor:/opt/ros/jazzy/opt/gz_ogre_next_vendor:/opt/ros/jazzy/opt/gz_dartsim_vendor:/opt/ros/jazzy/opt/gz_cmake_vendor'}, 'shell': False}
[2.003932] (-) TimerEvent: {}
[2.012499] (userCommunication) StdoutLine: {'line': b"reading manifest file 'userCommunication.egg-info/SOURCES.txt'\n"}
[2.013247] (userCommunication) StdoutLine: {'line': b"writing manifest file 'userCommunication.egg-info/SOURCES.txt'\n"}
[2.033323] (userCommunication) StdoutLine: {'line': b'running build_ext\n'}
[2.033617] (userCommunication) StdoutLine: {'line': b'Creating /home/upo/TFG/ros2_ws/install/userCommunication/lib/python3.12/site-packages/userCommunication.egg-link (link to .)\n'}
[2.034083] (userCommunication) StdoutLine: {'line': b'Installing userCommunication script to /home/upo/TFG/ros2_ws/install/userCommunication/lib/userCommunication\n'}
[2.034351] (userCommunication) StdoutLine: {'line': b'\n'}
[2.034547] (userCommunication) StdoutLine: {'line': b'Installed /home/upo/TFG/ros2_ws/build/userCommunication\n'}
[2.034687] (userCommunication) StdoutLine: {'line': b'running symlink_data\n'}
[2.067031] (userCommunication) CommandEnded: {'returncode': 0}
[2.073634] (userCommunication) JobEnded: {'identifier': 'userCommunication', 'rc': 0}
[2.104044] (-) TimerEvent: {}
[2.204323] (-) TimerEvent: {}
[2.286901] (VLMProcessing) StdoutLine: {'line': b'running develop\n'}
[2.298928] (robotCommunication) StdoutLine: {'line': b'running develop\n'}
[2.299958] (robotMovement) StdoutLine: {'line': b'running develop\n'}
[2.304423] (-) TimerEvent: {}
[2.404729] (-) TimerEvent: {}
[2.478724] (VLMProcessing) StdoutLine: {'line': b'running egg_info\n'}
[2.490346] (robotCommunication) StdoutLine: {'line': b'running egg_info\n'}
[2.493004] (robotMovement) StdoutLine: {'line': b'running egg_info\n'}
[2.497221] (VLMProcessing) StdoutLine: {'line': b'writing VLMProcessing.egg-info/PKG-INFO\n'}
[2.497526] (VLMProcessing) StdoutLine: {'line': b'writing dependency_links to VLMProcessing.egg-info/dependency_links.txt\n'}
[2.497789] (VLMProcessing) StdoutLine: {'line': b'writing entry points to VLMProcessing.egg-info/entry_points.txt\n'}
[2.498023] (VLMProcessing) StdoutLine: {'line': b'writing requirements to VLMProcessing.egg-info/requires.txt\n'}
[2.498213] (VLMProcessing) StdoutLine: {'line': b'writing top-level names to VLMProcessing.egg-info/top_level.txt\n'}
[2.504792] (-) TimerEvent: {}
[2.508939] (robotCommunication) StdoutLine: {'line': b'writing robotCommunication.egg-info/PKG-INFO\n'}
[2.509211] (robotCommunication) StdoutLine: {'line': b'writing dependency_links to robotCommunication.egg-info/dependency_links.txt\n'}
[2.509448] (robotCommunication) StdoutLine: {'line': b'writing entry points to robotCommunication.egg-info/entry_points.txt\n'}
[2.509668] (robotCommunication) StdoutLine: {'line': b'writing requirements to robotCommunication.egg-info/requires.txt\n'}
[2.509843] (robotCommunication) StdoutLine: {'line': b'writing top-level names to robotCommunication.egg-info/top_level.txt\n'}
[2.512566] (robotMovement) StdoutLine: {'line': b'writing robotMovement.egg-info/PKG-INFO\n'}
[2.512846] (robotMovement) StdoutLine: {'line': b'writing dependency_links to robotMovement.egg-info/dependency_links.txt\n'}
[2.513112] (robotMovement) StdoutLine: {'line': b'writing entry points to robotMovement.egg-info/entry_points.txt\n'}
[2.513369] (robotMovement) StdoutLine: {'line': b'writing requirements to robotMovement.egg-info/requires.txt\n'}
[2.513564] (robotMovement) StdoutLine: {'line': b'writing top-level names to robotMovement.egg-info/top_level.txt\n'}
[2.535622] (VLMProcessing) StdoutLine: {'line': b"reading manifest file 'VLMProcessing.egg-info/SOURCES.txt'\n"}
[2.536232] (VLMProcessing) StdoutLine: {'line': b"writing manifest file 'VLMProcessing.egg-info/SOURCES.txt'\n"}
[2.546060] (robotCommunication) StdoutLine: {'line': b"reading manifest file 'robotCommunication.egg-info/SOURCES.txt'\n"}
[2.546693] (robotCommunication) StdoutLine: {'line': b"writing manifest file 'robotCommunication.egg-info/SOURCES.txt'\n"}
[2.550627] (robotMovement) StdoutLine: {'line': b"reading manifest file 'robotMovement.egg-info/SOURCES.txt'\n"}
[2.551289] (robotMovement) StdoutLine: {'line': b"writing manifest file 'robotMovement.egg-info/SOURCES.txt'\n"}
[2.555451] (VLMProcessing) StdoutLine: {'line': b'running build_ext\n'}
[2.555638] (VLMProcessing) StdoutLine: {'line': b'Creating /home/upo/TFG/ros2_ws/install/VLMProcessing/lib/python3.12/site-packages/VLMProcessing.egg-link (link to .)\n'}
[2.556115] (VLMProcessing) StdoutLine: {'line': b'Installing VLMProcessing script to /home/upo/TFG/ros2_ws/install/VLMProcessing/lib/VLMProcessing\n'}
[2.556382] (VLMProcessing) StdoutLine: {'line': b'\n'}
[2.556526] (VLMProcessing) StdoutLine: {'line': b'Installed /home/upo/TFG/ros2_ws/build/VLMProcessing\n'}
[2.556684] (VLMProcessing) StdoutLine: {'line': b'running symlink_data\n'}
[2.565770] (robotCommunication) StdoutLine: {'line': b'running build_ext\n'}
[2.566006] (robotCommunication) StdoutLine: {'line': b'Creating /home/upo/TFG/ros2_ws/install/robotCommunication/lib/python3.12/site-packages/robotCommunication.egg-link (link to .)\n'}
[2.566387] (robotCommunication) StdoutLine: {'line': b'Installing robotCommunication script to /home/upo/TFG/ros2_ws/install/robotCommunication/lib/robotCommunication\n'}
[2.566668] (robotCommunication) StdoutLine: {'line': b'\n'}
[2.566790] (robotCommunication) StdoutLine: {'line': b'Installed /home/upo/TFG/ros2_ws/build/robotCommunication\n'}
[2.566852] (robotCommunication) StdoutLine: {'line': b'running symlink_data\n'}
[2.571344] (robotMovement) StdoutLine: {'line': b'running build_ext\n'}
[2.571532] (robotMovement) StdoutLine: {'line': b'Creating /home/upo/TFG/ros2_ws/install/robotMovement/lib/python3.12/site-packages/robotMovement.egg-link (link to .)\n'}
[2.572076] (robotMovement) StdoutLine: {'line': b'Installing robotMovement script to /home/upo/TFG/ros2_ws/install/robotMovement/lib/robotMovement\n'}
[2.572366] (robotMovement) StdoutLine: {'line': b'\n'}
[2.572519] (robotMovement) StdoutLine: {'line': b'Installed /home/upo/TFG/ros2_ws/build/robotMovement\n'}
[2.572707] (robotMovement) StdoutLine: {'line': b'running symlink_data\n'}
[2.596013] (VLMProcessing) CommandEnded: {'returncode': 0}
[2.602372] (VLMProcessing) JobEnded: {'identifier': 'VLMProcessing', 'rc': 0}
[2.603717] (robotCommunication) CommandEnded: {'returncode': 0}
[2.604917] (-) TimerEvent: {}
[2.609159] (robotCommunication) JobEnded: {'identifier': 'robotCommunication', 'rc': 0}
[2.610215] (robotMovement) CommandEnded: {'returncode': 0}
[2.617006] (robotMovement) JobEnded: {'identifier': 'robotMovement', 'rc': 0}
[2.617522] (-) EventReactorShutdown: {}
