[0.000000] (-) TimerEvent: {}
[0.000355] (interfaces) JobQueued: {'identifier': 'interfaces', 'dependencies': OrderedDict()}
[0.000444] (userCommunication) JobQueued: {'identifier': 'userCommunication', 'dependencies': OrderedDict()}
[0.000532] (VLMProcessing) JobQueued: {'identifier': 'VLMProcessing', 'dependencies': OrderedDict({'interfaces': '/home/upo/TFG/ros2_ws/install/interfaces'})}
[0.000605] (robotCommunication) JobQueued: {'identifier': 'robotCommunication', 'dependencies': OrderedDict({'interfaces': '/home/upo/TFG/ros2_ws/install/interfaces'})}
[0.000623] (robotMovement) JobQueued: {'identifier': 'robotMovement', 'dependencies': OrderedDict({'interfaces': '/home/upo/TFG/ros2_ws/install/interfaces'})}
[0.000652] (interfaces) JobStarted: {'identifier': 'interfaces'}
[0.006215] (userCommunication) JobStarted: {'identifier': 'userCommunication'}
[0.013194] (interfaces) JobProgress: {'identifier': 'interfaces', 'progress': 'cmake'}
[0.013678] (interfaces) JobProgress: {'identifier': 'interfaces', 'progress': 'build'}
[0.014321] (interfaces) Command: {'cmd': ['/usr/bin/cmake', '--build', '/home/upo/TFG/ros2_ws/build/interfaces', '--', '-j16', '-l16'], 'cwd': '/home/upo/TFG/ros2_ws/build/interfaces', 'env': OrderedDict({'LESSOPEN': '| /usr/bin/lesspipe %s', 'GZ_SIM_RESOURCE_PATH': '/opt/ros/jazzy/share', 'USER': 'upo', 'GZ_CONFIG_PATH': '/opt/ros/jazzy/opt/gz_sim_vendor/share/gz:/opt/ros/jazzy/opt/sdformat_vendor/share/gz:/opt/ros/jazzy/opt/gz_gui_vendor/share/gz:/opt/ros/jazzy/opt/gz_transport_vendor/share/gz:/opt/ros/jazzy/opt/gz_rendering_vendor/share/gz:/opt/ros/jazzy/opt/gz_plugin_vendor/share/gz:/opt/ros/jazzy/opt/gz_fuel_tools_vendor/share/gz:/opt/ros/jazzy/opt/gz_msgs_vendor/share/gz:/opt/ros/jazzy/opt/gz_common_vendor/share/gz', 'XDG_SESSION_TYPE': 'x11', 'GIT_ASKPASS': '/usr/share/code/resources/app/extensions/git/dist/askpass.sh', 'SHLVL': '3', 'LD_LIBRARY_PATH': '/home/upo/turtlebot3_ws/install/interfaces/lib:/opt/ros/jazzy/opt/gz_sim_vendor/lib:/opt/ros/jazzy/opt/gz_sensors_vendor/lib:/opt/ros/jazzy/opt/gz_physics_vendor/lib:/opt/ros/jazzy/opt/sdformat_vendor/lib:/opt/ros/jazzy/opt/rviz_ogre_vendor/lib:/opt/ros/jazzy/lib/x86_64-linux-gnu:/opt/ros/jazzy/opt/gz_gui_vendor/lib:/opt/ros/jazzy/opt/gz_transport_vendor/lib:/opt/ros/jazzy/opt/gz_rendering_vendor/lib:/opt/ros/jazzy/opt/gz_plugin_vendor/lib:/opt/ros/jazzy/opt/gz_fuel_tools_vendor/lib:/opt/ros/jazzy/opt/gz_msgs_vendor/lib:/opt/ros/jazzy/opt/gz_common_vendor/lib:/opt/ros/jazzy/opt/gz_math_vendor/lib:/opt/ros/jazzy/opt/gz_utils_vendor/lib:/opt/ros/jazzy/opt/gz_tools_vendor/lib:/opt/ros/jazzy/opt/gz_ogre_next_vendor/lib:/opt/ros/jazzy/opt/gz_dartsim_vendor/lib:/opt/ros/jazzy/opt/gz_cmake_vendor/lib:/opt/ros/jazzy/lib', 'HOME': '/home/upo', 'CHROME_DESKTOP': 'code.desktop', 'OLDPWD': '/home/upo/TFG', 'TERM_PROGRAM_VERSION': '1.126.0', 'DESKTOP_SESSION': 'ubuntu', 'ROS_PYTHON_VERSION': '3', 'GNOME_SHELL_SESSION_MODE': 'ubuntu', 'GTK_MODULES': 'gail:atk-bridge', 'VSCODE_GIT_ASKPASS_MAIN': '/usr/share/code/resources/app/extensions/git/dist/askpass-main.js', 'VSCODE_GIT_ASKPASS_NODE': '/usr/share/code/code', 'DBUS_STARTER_BUS_TYPE': 'session', 'SYSTEMD_EXEC_PID': '2495', 'VSCODE_PYTHON_AUTOACTIVATE_GUARD': '1', 'GSM_SKIP_SSH_AGENT_WORKAROUND': 'true', 'DBUS_SESSION_BUS_ADDRESS': 'unix:path=/run/user/1000/bus,guid=363d1e468aca3fabeca0c6d56a4df74b', 'COLORTERM': 'truecolor', 'DEBUGINFOD_URLS': 'https://debuginfod.ubuntu.com', 'COLCON_PREFIX_PATH': '/home/upo/turtlebot3_ws/install', 'ROS_DISTRO': 'jazzy', 'LOGNAME': 'upo', '_': '/usr/bin/colcon', 'ROS_VERSION': '2', 'MEMORY_PRESSURE_WATCH': '/sys/fs/cgroup/user.slice/user-1000.slice/user@1000.service/app.slice/app-gnome\\x2dsession\\x2dmanager.slice/gnome-session-manager@ubuntu.service/memory.pressure', 'CLAUDE_CODE_SSE_PORT': '55408', 'XDG_SESSION_CLASS': 'user', 'USERNAME': 'upo', 'TERM': 'xterm-256color', 'GNOME_DESKTOP_SESSION_ID': 'this-is-deprecated', 'FC_FONTATIONS': '1', 'WINDOWPATH': '2', 'PATH': '/home/upo/platform-tools:/home/upo/.npm-global/bin:/home/upo/.config/Code/User/globalStorage/github.copilot-chat/debugCommand:/home/upo/.config/Code/User/globalStorage/github.copilot-chat/copilotCli:/opt/ros/jazzy/opt/gz_msgs_vendor/bin:/opt/ros/jazzy/opt/gz_tools_vendor/bin:/opt/ros/jazzy/opt/gz_ogre_next_vendor/bin:/opt/ros/jazzy/bin:/home/upo/platform-tools:/home/upo/.npm-global/bin:/home/upo/.local/bin:/usr/local/sbin:/usr/local/bin:/usr/sbin:/usr/bin:/sbin:/bin:/usr/games:/usr/local/games:/snap/bin:/snap/bin', 'SESSION_MANAGER': 'local/upo-ASUS-TUF-Gaming-A15-FA507RR-TUF507RR:@/tmp/.ICE-unix/2495,unix/upo-ASUS-TUF-Gaming-A15-FA507RR-TUF507RR:/tmp/.ICE-unix/2495', 'XDG_MENU_PREFIX': 'gnome-', 'GNOME_TERMINAL_SCREEN': '/org/gnome/Terminal/screen/2478bdcd_4a6f_4f09_acc2_ea0ad9e073f2', 'XDG_RUNTIME_DIR': '/run/user/1000', 'GDK_BACKEND': 'x11', 'DISPLAY': ':0', 'LANG': 'en_US.UTF-8', 'XDG_CURRENT_DESKTOP': 'ubuntu:GNOME', 'XMODIFIERS': '@im=ibus', 'XDG_SESSION_DESKTOP': 'ubuntu', 'XAUTHORITY': '/run/user/1000/gdm/Xauthority', 'LS_COLORS': 'rs=0:di=01;34:ln=01;36:mh=00:pi=40;33:so=01;35:do=01;35:bd=40;33;01:cd=40;33;01:or=40;31;01:mi=00:su=37;41:sg=30;43:ca=00:tw=30;42:ow=34;42:st=37;44:ex=01;32:*.tar=01;31:*.tgz=01;31:*.arc=01;31:*.arj=01;31:*.taz=01;31:*.lha=01;31:*.lz4=01;31:*.lzh=01;31:*.lzma=01;31:*.tlz=01;31:*.txz=01;31:*.tzo=01;31:*.t7z=01;31:*.zip=01;31:*.z=01;31:*.dz=01;31:*.gz=01;31:*.lrz=01;31:*.lz=01;31:*.lzo=01;31:*.xz=01;31:*.zst=01;31:*.tzst=01;31:*.bz2=01;31:*.bz=01;31:*.tbz=01;31:*.tbz2=01;31:*.tz=01;31:*.deb=01;31:*.rpm=01;31:*.jar=01;31:*.war=01;31:*.ear=01;31:*.sar=01;31:*.rar=01;31:*.alz=01;31:*.ace=01;31:*.zoo=01;31:*.cpio=01;31:*.7z=01;31:*.rz=01;31:*.cab=01;31:*.wim=01;31:*.swm=01;31:*.dwm=01;31:*.esd=01;31:*.avif=01;35:*.jpg=01;35:*.jpeg=01;35:*.mjpg=01;35:*.mjpeg=01;35:*.gif=01;35:*.bmp=01;35:*.pbm=01;35:*.pgm=01;35:*.ppm=01;35:*.tga=01;35:*.xbm=01;35:*.xpm=01;35:*.tif=01;35:*.tiff=01;35:*.png=01;35:*.svg=01;35:*.svgz=01;35:*.mng=01;35:*.pcx=01;35:*.mov=01;35:*.mpg=01;35:*.mpeg=01;35:*.m2v=01;35:*.mkv=01;35:*.webm=01;35:*.webp=01;35:*.ogm=01;35:*.mp4=01;35:*.m4v=01;35:*.mp4v=01;35:*.vob=01;35:*.qt=01;35:*.nuv=01;35:*.wmv=01;35:*.asf=01;35:*.rm=01;35:*.rmvb=01;35:*.flc=01;35:*.avi=01;35:*.fli=01;35:*.flv=01;35:*.gl=01;35:*.dl=01;35:*.xcf=01;35:*.xwd=01;35:*.yuv=01;35:*.cgm=01;35:*.emf=01;35:*.ogv=01;35:*.ogx=01;35:*.aac=00;36:*.au=00;36:*.flac=00;36:*.m4a=00;36:*.mid=00;36:*.midi=00;36:*.mka=00;36:*.mp3=00;36:*.mpc=00;36:*.ogg=00;36:*.ra=00;36:*.wav=00;36:*.oga=00;36:*.opus=00;36:*.spx=00;36:*.xspf=00;36:*~=00;90:*#=00;90:*.bak=00;90:*.crdownload=00;90:*.dpkg-dist=00;90:*.dpkg-new=00;90:*.dpkg-old=00;90:*.dpkg-tmp=00;90:*.old=00;90:*.orig=00;90:*.part=00;90:*.rej=00;90:*.rpmnew=00;90:*.rpmorig=00;90:*.rpmsave=00;90:*.swp=00;90:*.tmp=00;90:*.ucf-dist=00;90:*.ucf-new=00;90:*.ucf-old=00;90:', 'VSCODE_GIT_IPC_HANDLE': '/run/user/1000/vscode-git-466a10eeed.sock', 'GNOME_TERMINAL_SERVICE': ':1.153', 'TERM_PROGRAM': 'vscode', 'SSH_AUTH_SOCK': '/run/user/1000/keyring/ssh', 'AMENT_PREFIX_PATH': '/home/upo/turtlebot3_ws/install/userCommunication:/home/upo/turtlebot3_ws/install/turtlebot3:/home/upo/turtlebot3_ws/install/turtlebot3_teleop:/home/upo/turtlebot3_ws/install/turtlebot3_simulations:/home/upo/turtlebot3_ws/install/turtlebot3_bringup:/home/upo/turtlebot3_ws/install/turtlebot3_node:/home/upo/turtlebot3_ws/install/turtlebot3_navigation2:/home/upo/turtlebot3_ws/install/turtlebot3_gazebo:/home/upo/turtlebot3_ws/install/turtlebot3_fake_node:/home/upo/turtlebot3_ws/install/turtlebot3_example:/home/upo/turtlebot3_ws/install/turtlebot3_description:/home/upo/turtlebot3_ws/install/turtlebot3_cartographer:/home/upo/turtlebot3_ws/install/robotMovement:/home/upo/turtlebot3_ws/install/robotCommunication:/home/upo/turtlebot3_ws/install/VLMProcessing:/home/upo/turtlebot3_ws/install/interfaces:/opt/ros/jazzy', 'SHELL': '/bin/bash', 'QT_ACCESSIBILITY': '1', 'GDMSESSION': 'ubuntu', 'LESSCLOSE': '/usr/bin/lesspipe %s %s', 'GPG_AGENT_INFO': '/run/user/1000/gnupg/S.gpg-agent:0:1', 'ROS_AUTOMATIC_DISCOVERY_RANGE': 'SUBNET', 'VSCODE_GIT_ASKPASS_EXTRA_ARGS': '', 'QT_IM_MODULE': 'ibus', 'PWD': '/home/upo/TFG/ros2_ws/build/interfaces', 'TURTLEBOT3_MODEL': 'waffle', 'LC_ALL': 'en_US.UTF-8', 'XDG_CONFIG_DIRS': '/etc/xdg/xdg-ubuntu:/etc/xdg', 'COPILOT_DEBUG_NONCE': 'b1d28ae3d882b8fabe7a3762c8804e8c', 'DBUS_STARTER_ADDRESS': 'unix:path=/run/user/1000/bus,guid=363d1e468aca3fabeca0c6d56a4df74b', 'XDG_DATA_DIRS': '/usr/share/ubuntu:/usr/share/gnome:/home/upo/.local/share/flatpak/exports/share:/var/lib/flatpak/exports/share:/usr/local/share/:/usr/share/:/var/lib/snapd/desktop', 'PYTHONPATH': '/home/upo/turtlebot3_ws/install/userCommunication/lib/python3.12/site-packages:/home/upo/turtlebot3_ws/build/turtlebot3_teleop:/home/upo/turtlebot3_ws/install/turtlebot3_teleop/lib/python3.12/site-packages:/home/upo/turtlebot3_ws/build/turtlebot3_example:/home/upo/turtlebot3_ws/install/turtlebot3_example/lib/python3.12/site-packages:/home/upo/turtlebot3_ws/install/robotMovement/lib/python3.12/site-packages:/home/upo/turtlebot3_ws/install/robotCommunication/lib/python3.12/site-packages:/home/upo/turtlebot3_ws/install/VLMProcessing/lib/python3.12/site-packages:/home/upo/turtlebot3_ws/install/interfaces/lib/python3.12/site-packages:/opt/ros/jazzy/lib/python3.12/site-packages', 'COLCON': '1', 'MEMORY_PRESSURE_WRITE': 'c29tZSAyMDAwMDAgMjAwMDAwMAA=', 'VTE_VERSION': '7600', 'CMAKE_PREFIX_PATH': '/home/upo/turtlebot3_ws/install/turtlebot3:/home/upo/turtlebot3_ws/install/turtlebot3_simulations:/home/upo/turtlebot3_ws/install/turtlebot3_bringup:/home/upo/turtlebot3_ws/install/turtlebot3_node:/home/upo/turtlebot3_ws/install/turtlebot3_navigation2:/home/upo/turtlebot3_ws/install/turtlebot3_gazebo:/home/upo/turtlebot3_ws/install/turtlebot3_fake_node:/home/upo/turtlebot3_ws/install/turtlebot3_description:/home/upo/turtlebot3_ws/install/turtlebot3_cartographer:/home/upo/turtlebot3_ws/install/interfaces:/opt/ros/jazzy/opt/gz_sim_vendor:/opt/ros/jazzy/opt/gz_sensors_vendor:/opt/ros/jazzy/opt/gz_physics_vendor:/opt/ros/jazzy/opt/sdformat_vendor:/opt/ros/jazzy/opt/gz_gui_vendor:/opt/ros/jazzy/opt/gz_transport_vendor:/opt/ros/jazzy/opt/gz_rendering_vendor:/opt/ros/jazzy/opt/gz_plugin_vendor:/opt/ros/jazzy/opt/gz_fuel_tools_vendor:/opt/ros/jazzy/opt/gz_msgs_vendor:/opt/ros/jazzy/opt/gz_common_vendor:/opt/ros/jazzy/opt/gz_math_vendor:/opt/ros/jazzy/opt/gz_utils_vendor:/opt/ros/jazzy/opt/gz_tools_vendor:/opt/ros/jazzy/opt/gz_ogre_next_vendor:/opt/ros/jazzy/opt/gz_dartsim_vendor:/opt/ros/jazzy/opt/gz_cmake_vendor:/home/upo/turtlebot3_ws/install/userCommunication:/home/upo/turtlebot3_ws/install/turtlebot3_teleop:/home/upo/turtlebot3_ws/install/turtlebot3_example:/home/upo/turtlebot3_ws/install/robotMovement:/home/upo/turtlebot3_ws/install/robotCommunication:/home/upo/turtlebot3_ws/install/VLMProcessing:/opt/ros/jazzy'}), 'shell': False}
[0.075849] (interfaces) StdoutLine: {'line': b'[  1%] Built target interfaces__rosidl_generator_type_description\n'}
[0.076266] (interfaces) StdoutLine: {'line': b'[  2%] Built target interfaces__rs\n'}
[0.084819] (interfaces) StdoutLine: {'line': b'[  2%] Built target ament_cmake_python_symlink_interfaces\n'}
[0.098667] (interfaces) StdoutLine: {'line': b'[  4%] Built target interfaces__cpp\n'}
[0.099849] (-) TimerEvent: {}
[0.107436] (interfaces) StdoutLine: {'line': b'[ 26%] Built target interfaces__rosidl_generator_c\n'}
[0.137255] (interfaces) StdoutLine: {'line': b'[ 36%] Built target interfaces__rosidl_typesupport_c\n'}
[0.138495] (interfaces) StdoutLine: {'line': b'[ 45%] Built target interfaces__rosidl_typesupport_introspection_c\n'}
[0.139867] (interfaces) StdoutLine: {'line': b'[ 64%] Built target interfaces__rosidl_typesupport_fastrtps_c\n'}
[0.139988] (interfaces) StdoutLine: {'line': b'[ 64%] Built target interfaces__rosidl_typesupport_cpp\n'}
[0.140225] (interfaces) StdoutLine: {'line': b'[ 73%] Built target interfaces__rosidl_typesupport_introspection_cpp\n'}
[0.146196] (interfaces) StdoutLine: {'line': b'[ 82%] Built target interfaces__rosidl_typesupport_fastrtps_cpp\n'}
[0.170199] (interfaces) StdoutLine: {'line': b'[ 82%] Built target interfaces\n'}
[0.196048] (interfaces) StdoutLine: {'line': b'[ 84%] Built target interfaces__py\n'}
[0.199946] (-) TimerEvent: {}
[0.234606] (interfaces) StdoutLine: {'line': b'[ 92%] Built target interfaces__rosidl_generator_py\n'}
[0.261070] (interfaces) StdoutLine: {'line': b'[ 97%] Built target interfaces_s__rosidl_typesupport_c\n'}
[0.261233] (interfaces) StdoutLine: {'line': b'[ 97%] Built target interfaces_s__rosidl_typesupport_fastrtps_c\n'}
[0.261438] (interfaces) StdoutLine: {'line': b'[100%] Built target interfaces_s__rosidl_typesupport_introspection_c\n'}
[0.287917] (interfaces) StdoutLine: {'line': b'running egg_info\n'}
[0.300033] (-) TimerEvent: {}
[0.306613] (interfaces) StdoutLine: {'line': b'writing interfaces.egg-info/PKG-INFO\n'}
[0.306832] (interfaces) StdoutLine: {'line': b'writing dependency_links to interfaces.egg-info/dependency_links.txt\n'}
[0.306996] (interfaces) StdoutLine: {'line': b'writing top-level names to interfaces.egg-info/top_level.txt\n'}
[0.362609] (interfaces) StdoutLine: {'line': b"reading manifest file 'interfaces.egg-info/SOURCES.txt'\n"}
[0.363109] (interfaces) StdoutLine: {'line': b"writing manifest file 'interfaces.egg-info/SOURCES.txt'\n"}
[0.391999] (interfaces) StdoutLine: {'line': b'[100%] Built target ament_cmake_python_build_interfaces_egg\n'}
[0.400127] (-) TimerEvent: {}
[0.407172] (interfaces) CommandEnded: {'returncode': 0}
[0.407936] (interfaces) JobProgress: {'identifier': 'interfaces', 'progress': 'install'}
[0.419095] (interfaces) Command: {'cmd': ['/usr/bin/cmake', '--install', '/home/upo/TFG/ros2_ws/build/interfaces'], 'cwd': '/home/upo/TFG/ros2_ws/build/interfaces', 'env': OrderedDict({'LESSOPEN': '| /usr/bin/lesspipe %s', 'GZ_SIM_RESOURCE_PATH': '/opt/ros/jazzy/share', 'USER': 'upo', 'GZ_CONFIG_PATH': '/opt/ros/jazzy/opt/gz_sim_vendor/share/gz:/opt/ros/jazzy/opt/sdformat_vendor/share/gz:/opt/ros/jazzy/opt/gz_gui_vendor/share/gz:/opt/ros/jazzy/opt/gz_transport_vendor/share/gz:/opt/ros/jazzy/opt/gz_rendering_vendor/share/gz:/opt/ros/jazzy/opt/gz_plugin_vendor/share/gz:/opt/ros/jazzy/opt/gz_fuel_tools_vendor/share/gz:/opt/ros/jazzy/opt/gz_msgs_vendor/share/gz:/opt/ros/jazzy/opt/gz_common_vendor/share/gz', 'XDG_SESSION_TYPE': 'x11', 'GIT_ASKPASS': '/usr/share/code/resources/app/extensions/git/dist/askpass.sh', 'SHLVL': '3', 'LD_LIBRARY_PATH': '/home/upo/turtlebot3_ws/install/interfaces/lib:/opt/ros/jazzy/opt/gz_sim_vendor/lib:/opt/ros/jazzy/opt/gz_sensors_vendor/lib:/opt/ros/jazzy/opt/gz_physics_vendor/lib:/opt/ros/jazzy/opt/sdformat_vendor/lib:/opt/ros/jazzy/opt/rviz_ogre_vendor/lib:/opt/ros/jazzy/lib/x86_64-linux-gnu:/opt/ros/jazzy/opt/gz_gui_vendor/lib:/opt/ros/jazzy/opt/gz_transport_vendor/lib:/opt/ros/jazzy/opt/gz_rendering_vendor/lib:/opt/ros/jazzy/opt/gz_plugin_vendor/lib:/opt/ros/jazzy/opt/gz_fuel_tools_vendor/lib:/opt/ros/jazzy/opt/gz_msgs_vendor/lib:/opt/ros/jazzy/opt/gz_common_vendor/lib:/opt/ros/jazzy/opt/gz_math_vendor/lib:/opt/ros/jazzy/opt/gz_utils_vendor/lib:/opt/ros/jazzy/opt/gz_tools_vendor/lib:/opt/ros/jazzy/opt/gz_ogre_next_vendor/lib:/opt/ros/jazzy/opt/gz_dartsim_vendor/lib:/opt/ros/jazzy/opt/gz_cmake_vendor/lib:/opt/ros/jazzy/lib', 'HOME': '/home/upo', 'CHROME_DESKTOP': 'code.desktop', 'OLDPWD': '/home/upo/TFG', 'TERM_PROGRAM_VERSION': '1.126.0', 'DESKTOP_SESSION': 'ubuntu', 'ROS_PYTHON_VERSION': '3', 'GNOME_SHELL_SESSION_MODE': 'ubuntu', 'GTK_MODULES': 'gail:atk-bridge', 'VSCODE_GIT_ASKPASS_MAIN': '/usr/share/code/resources/app/extensions/git/dist/askpass-main.js', 'VSCODE_GIT_ASKPASS_NODE': '/usr/share/code/code', 'DBUS_STARTER_BUS_TYPE': 'session', 'SYSTEMD_EXEC_PID': '2495', 'VSCODE_PYTHON_AUTOACTIVATE_GUARD': '1', 'GSM_SKIP_SSH_AGENT_WORKAROUND': 'true', 'DBUS_SESSION_BUS_ADDRESS': 'unix:path=/run/user/1000/bus,guid=363d1e468aca3fabeca0c6d56a4df74b', 'COLORTERM': 'truecolor', 'DEBUGINFOD_URLS': 'https://debuginfod.ubuntu.com', 'COLCON_PREFIX_PATH': '/home/upo/turtlebot3_ws/install', 'ROS_DISTRO': 'jazzy', 'LOGNAME': 'upo', '_': '/usr/bin/colcon', 'ROS_VERSION': '2', 'MEMORY_PRESSURE_WATCH': '/sys/fs/cgroup/user.slice/user-1000.slice/user@1000.service/app.slice/app-gnome\\x2dsession\\x2dmanager.slice/gnome-session-manager@ubuntu.service/memory.pressure', 'CLAUDE_CODE_SSE_PORT': '55408', 'XDG_SESSION_CLASS': 'user', 'USERNAME': 'upo', 'TERM': 'xterm-256color', 'GNOME_DESKTOP_SESSION_ID': 'this-is-deprecated', 'FC_FONTATIONS': '1', 'WINDOWPATH': '2', 'PATH': '/home/upo/platform-tools:/home/upo/.npm-global/bin:/home/upo/.config/Code/User/globalStorage/github.copilot-chat/debugCommand:/home/upo/.config/Code/User/globalStorage/github.copilot-chat/copilotCli:/opt/ros/jazzy/opt/gz_msgs_vendor/bin:/opt/ros/jazzy/opt/gz_tools_vendor/bin:/opt/ros/jazzy/opt/gz_ogre_next_vendor/bin:/opt/ros/jazzy/bin:/home/upo/platform-tools:/home/upo/.npm-global/bin:/home/upo/.local/bin:/usr/local/sbin:/usr/local/bin:/usr/sbin:/usr/bin:/sbin:/bin:/usr/games:/usr/local/games:/snap/bin:/snap/bin', 'SESSION_MANAGER': 'local/upo-ASUS-TUF-Gaming-A15-FA507RR-TUF507RR:@/tmp/.ICE-unix/2495,unix/upo-ASUS-TUF-Gaming-A15-FA507RR-TUF507RR:/tmp/.ICE-unix/2495', 'XDG_MENU_PREFIX': 'gnome-', 'GNOME_TERMINAL_SCREEN': '/org/gnome/Terminal/screen/2478bdcd_4a6f_4f09_acc2_ea0ad9e073f2', 'XDG_RUNTIME_DIR': '/run/user/1000', 'GDK_BACKEND': 'x11', 'DISPLAY': ':0', 'LANG': 'en_US.UTF-8', 'XDG_CURRENT_DESKTOP': 'ubuntu:GNOME', 'XMODIFIERS': '@im=ibus', 'XDG_SESSION_DESKTOP': 'ubuntu', 'XAUTHORITY': '/run/user/1000/gdm/Xauthority', 'LS_COLORS': 'rs=0:di=01;34:ln=01;36:mh=00:pi=40;33:so=01;35:do=01;35:bd=40;33;01:cd=40;33;01:or=40;31;01:mi=00:su=37;41:sg=30;43:ca=00:tw=30;42:ow=34;42:st=37;44:ex=01;32:*.tar=01;31:*.tgz=01;31:*.arc=01;31:*.arj=01;31:*.taz=01;31:*.lha=01;31:*.lz4=01;31:*.lzh=01;31:*.lzma=01;31:*.tlz=01;31:*.txz=01;31:*.tzo=01;31:*.t7z=01;31:*.zip=01;31:*.z=01;31:*.dz=01;31:*.gz=01;31:*.lrz=01;31:*.lz=01;31:*.lzo=01;31:*.xz=01;31:*.zst=01;31:*.tzst=01;31:*.bz2=01;31:*.bz=01;31:*.tbz=01;31:*.tbz2=01;31:*.tz=01;31:*.deb=01;31:*.rpm=01;31:*.jar=01;31:*.war=01;31:*.ear=01;31:*.sar=01;31:*.rar=01;31:*.alz=01;31:*.ace=01;31:*.zoo=01;31:*.cpio=01;31:*.7z=01;31:*.rz=01;31:*.cab=01;31:*.wim=01;31:*.swm=01;31:*.dwm=01;31:*.esd=01;31:*.avif=01;35:*.jpg=01;35:*.jpeg=01;35:*.mjpg=01;35:*.mjpeg=01;35:*.gif=01;35:*.bmp=01;35:*.pbm=01;35:*.pgm=01;35:*.ppm=01;35:*.tga=01;35:*.xbm=01;35:*.xpm=01;35:*.tif=01;35:*.tiff=01;35:*.png=01;35:*.svg=01;35:*.svgz=01;35:*.mng=01;35:*.pcx=01;35:*.mov=01;35:*.mpg=01;35:*.mpeg=01;35:*.m2v=01;35:*.mkv=01;35:*.webm=01;35:*.webp=01;35:*.ogm=01;35:*.mp4=01;35:*.m4v=01;35:*.mp4v=01;35:*.vob=01;35:*.qt=01;35:*.nuv=01;35:*.wmv=01;35:*.asf=01;35:*.rm=01;35:*.rmvb=01;35:*.flc=01;35:*.avi=01;35:*.fli=01;35:*.flv=01;35:*.gl=01;35:*.dl=01;35:*.xcf=01;35:*.xwd=01;35:*.yuv=01;35:*.cgm=01;35:*.emf=01;35:*.ogv=01;35:*.ogx=01;35:*.aac=00;36:*.au=00;36:*.flac=00;36:*.m4a=00;36:*.mid=00;36:*.midi=00;36:*.mka=00;36:*.mp3=00;36:*.mpc=00;36:*.ogg=00;36:*.ra=00;36:*.wav=00;36:*.oga=00;36:*.opus=00;36:*.spx=00;36:*.xspf=00;36:*~=00;90:*#=00;90:*.bak=00;90:*.crdownload=00;90:*.dpkg-dist=00;90:*.dpkg-new=00;90:*.dpkg-old=00;90:*.dpkg-tmp=00;90:*.old=00;90:*.orig=00;90:*.part=00;90:*.rej=00;90:*.rpmnew=00;90:*.rpmorig=00;90:*.rpmsave=00;90:*.swp=00;90:*.tmp=00;90:*.ucf-dist=00;90:*.ucf-new=00;90:*.ucf-old=00;90:', 'VSCODE_GIT_IPC_HANDLE': '/run/user/1000/vscode-git-466a10eeed.sock', 'GNOME_TERMINAL_SERVICE': ':1.153', 'TERM_PROGRAM': 'vscode', 'SSH_AUTH_SOCK': '/run/user/1000/keyring/ssh', 'AMENT_PREFIX_PATH': '/home/upo/turtlebot3_ws/install/userCommunication:/home/upo/turtlebot3_ws/install/turtlebot3:/home/upo/turtlebot3_ws/install/turtlebot3_teleop:/home/upo/turtlebot3_ws/install/turtlebot3_simulations:/home/upo/turtlebot3_ws/install/turtlebot3_bringup:/home/upo/turtlebot3_ws/install/turtlebot3_node:/home/upo/turtlebot3_ws/install/turtlebot3_navigation2:/home/upo/turtlebot3_ws/install/turtlebot3_gazebo:/home/upo/turtlebot3_ws/install/turtlebot3_fake_node:/home/upo/turtlebot3_ws/install/turtlebot3_example:/home/upo/turtlebot3_ws/install/turtlebot3_description:/home/upo/turtlebot3_ws/install/turtlebot3_cartographer:/home/upo/turtlebot3_ws/install/robotMovement:/home/upo/turtlebot3_ws/install/robotCommunication:/home/upo/turtlebot3_ws/install/VLMProcessing:/home/upo/turtlebot3_ws/install/interfaces:/opt/ros/jazzy', 'SHELL': '/bin/bash', 'QT_ACCESSIBILITY': '1', 'GDMSESSION': 'ubuntu', 'LESSCLOSE': '/usr/bin/lesspipe %s %s', 'GPG_AGENT_INFO': '/run/user/1000/gnupg/S.gpg-agent:0:1', 'ROS_AUTOMATIC_DISCOVERY_RANGE': 'SUBNET', 'VSCODE_GIT_ASKPASS_EXTRA_ARGS': '', 'QT_IM_MODULE': 'ibus', 'PWD': '/home/upo/TFG/ros2_ws/build/interfaces', 'TURTLEBOT3_MODEL': 'waffle', 'LC_ALL': 'en_US.UTF-8', 'XDG_CONFIG_DIRS': '/etc/xdg/xdg-ubuntu:/etc/xdg', 'COPILOT_DEBUG_NONCE': 'b1d28ae3d882b8fabe7a3762c8804e8c', 'DBUS_STARTER_ADDRESS': 'unix:path=/run/user/1000/bus,guid=363d1e468aca3fabeca0c6d56a4df74b', 'XDG_DATA_DIRS': '/usr/share/ubuntu:/usr/share/gnome:/home/upo/.local/share/flatpak/exports/share:/var/lib/flatpak/exports/share:/usr/local/share/:/usr/share/:/var/lib/snapd/desktop', 'PYTHONPATH': '/home/upo/turtlebot3_ws/install/userCommunication/lib/python3.12/site-packages:/home/upo/turtlebot3_ws/build/turtlebot3_teleop:/home/upo/turtlebot3_ws/install/turtlebot3_teleop/lib/python3.12/site-packages:/home/upo/turtlebot3_ws/build/turtlebot3_example:/home/upo/turtlebot3_ws/install/turtlebot3_example/lib/python3.12/site-packages:/home/upo/turtlebot3_ws/install/robotMovement/lib/python3.12/site-packages:/home/upo/turtlebot3_ws/install/robotCommunication/lib/python3.12/site-packages:/home/upo/turtlebot3_ws/install/VLMProcessing/lib/python3.12/site-packages:/home/upo/turtlebot3_ws/install/interfaces/lib/python3.12/site-packages:/opt/ros/jazzy/lib/python3.12/site-packages', 'COLCON': '1', 'MEMORY_PRESSURE_WRITE': 'c29tZSAyMDAwMDAgMjAwMDAwMAA=', 'VTE_VERSION': '7600', 'CMAKE_PREFIX_PATH': '/home/upo/turtlebot3_ws/install/turtlebot3:/home/upo/turtlebot3_ws/install/turtlebot3_simulations:/home/upo/turtlebot3_ws/install/turtlebot3_bringup:/home/upo/turtlebot3_ws/install/turtlebot3_node:/home/upo/turtlebot3_ws/install/turtlebot3_navigation2:/home/upo/turtlebot3_ws/install/turtlebot3_gazebo:/home/upo/turtlebot3_ws/install/turtlebot3_fake_node:/home/upo/turtlebot3_ws/install/turtlebot3_description:/home/upo/turtlebot3_ws/install/turtlebot3_cartographer:/home/upo/turtlebot3_ws/install/interfaces:/opt/ros/jazzy/opt/gz_sim_vendor:/opt/ros/jazzy/opt/gz_sensors_vendor:/opt/ros/jazzy/opt/gz_physics_vendor:/opt/ros/jazzy/opt/sdformat_vendor:/opt/ros/jazzy/opt/gz_gui_vendor:/opt/ros/jazzy/opt/gz_transport_vendor:/opt/ros/jazzy/opt/gz_rendering_vendor:/opt/ros/jazzy/opt/gz_plugin_vendor:/opt/ros/jazzy/opt/gz_fuel_tools_vendor:/opt/ros/jazzy/opt/gz_msgs_vendor:/opt/ros/jazzy/opt/gz_common_vendor:/opt/ros/jazzy/opt/gz_math_vendor:/opt/ros/jazzy/opt/gz_utils_vendor:/opt/ros/jazzy/opt/gz_tools_vendor:/opt/ros/jazzy/opt/gz_ogre_next_vendor:/opt/ros/jazzy/opt/gz_dartsim_vendor:/opt/ros/jazzy/opt/gz_cmake_vendor:/home/upo/turtlebot3_ws/install/userCommunication:/home/upo/turtlebot3_ws/install/turtlebot3_teleop:/home/upo/turtlebot3_ws/install/turtlebot3_example:/home/upo/turtlebot3_ws/install/robotMovement:/home/upo/turtlebot3_ws/install/robotCommunication:/home/upo/turtlebot3_ws/install/VLMProcessing:/opt/ros/jazzy'}), 'shell': False}
[0.429716] (interfaces) StdoutLine: {'line': b'-- Install configuration: ""\n'}
[0.430214] (interfaces) StdoutLine: {'line': b'-- Execute custom install script\n'}
[0.430442] (interfaces) StdoutLine: {'line': b'-- Up-to-date symlink: /home/upo/TFG/ros2_ws/install/interfaces/share/ament_index/resource_index/rosidl_interfaces/interfaces\n'}
[0.430616] (interfaces) StdoutLine: {'line': b'-- Up-to-date symlink: /home/upo/TFG/ros2_ws/install/interfaces/share/interfaces/msg/Goal.json\n'}
[0.430781] (interfaces) StdoutLine: {'line': b'-- Up-to-date symlink: /home/upo/TFG/ros2_ws/install/interfaces/share/interfaces/msg/ComboImage.json\n'}
[0.431045] (interfaces) StdoutLine: {'line': b'-- Up-to-date symlink: /home/upo/TFG/ros2_ws/install/interfaces/share/interfaces/msg/Request.json\n'}
[0.431286] (interfaces) StdoutLine: {'line': b'-- Up-to-date symlink: /home/upo/TFG/ros2_ws/install/interfaces/share/interfaces/msg/Response.json\n'}
[0.431475] (interfaces) StdoutLine: {'line': b'-- Up-to-date symlink: /home/upo/TFG/ros2_ws/install/interfaces/share/interfaces/action/Move.json\n'}
[0.431851] (interfaces) StdoutLine: {'line': b'-- Up-to-date symlink: /home/upo/TFG/ros2_ws/install/interfaces/include/interfaces/interfaces/action/detail/move__functions.h\n'}
[0.431971] (interfaces) StdoutLine: {'line': b'-- Up-to-date symlink: /home/upo/TFG/ros2_ws/install/interfaces/include/interfaces/interfaces/action/detail/move__struct.h\n'}
[0.432103] (interfaces) StdoutLine: {'line': b'-- Up-to-date symlink: /home/upo/TFG/ros2_ws/install/interfaces/include/interfaces/interfaces/action/detail/move__type_support.h\n'}
[0.432219] (interfaces) StdoutLine: {'line': b'-- Up-to-date symlink: /home/upo/TFG/ros2_ws/install/interfaces/include/interfaces/interfaces/action/move.h\n'}
[0.432339] (interfaces) StdoutLine: {'line': b'-- Up-to-date symlink: /home/upo/TFG/ros2_ws/install/interfaces/include/interfaces/interfaces/msg/combo_image.h\n'}
[0.432469] (interfaces) StdoutLine: {'line': b'-- Up-to-date symlink: /home/upo/TFG/ros2_ws/install/interfaces/include/interfaces/interfaces/msg/detail/combo_image__functions.h\n'}
[0.432598] (interfaces) StdoutLine: {'line': b'-- Up-to-date symlink: /home/upo/TFG/ros2_ws/install/interfaces/include/interfaces/interfaces/msg/detail/combo_image__struct.h\n'}
[0.432744] (interfaces) StdoutLine: {'line': b'-- Up-to-date symlink: /home/upo/TFG/ros2_ws/install/interfaces/include/interfaces/interfaces/msg/detail/combo_image__type_support.h\n'}
[0.432860] (interfaces) StdoutLine: {'line': b'-- Up-to-date symlink: /home/upo/TFG/ros2_ws/install/interfaces/include/interfaces/interfaces/msg/detail/goal__functions.h\n'}
[0.432977] (interfaces) StdoutLine: {'line': b'-- Up-to-date symlink: /home/upo/TFG/ros2_ws/install/interfaces/include/interfaces/interfaces/msg/detail/goal__struct.h\n'}
[0.433100] (interfaces) StdoutLine: {'line': b'-- Up-to-date symlink: /home/upo/TFG/ros2_ws/install/interfaces/include/interfaces/interfaces/msg/detail/goal__type_support.h\n'}
[0.433256] (interfaces) StdoutLine: {'line': b'-- Up-to-date symlink: /home/upo/TFG/ros2_ws/install/interfaces/include/interfaces/interfaces/msg/detail/request__functions.h\n'}
[0.433468] (interfaces) StdoutLine: {'line': b'-- Up-to-date symlink: /home/upo/TFG/ros2_ws/install/interfaces/include/interfaces/interfaces/msg/detail/request__struct.h\n'}
[0.433706] (interfaces) StdoutLine: {'line': b'-- Up-to-date symlink: /home/upo/TFG/ros2_ws/install/interfaces/include/interfaces/interfaces/msg/detail/request__type_support.h\n'}
[0.433890] (interfaces) StdoutLine: {'line': b'-- Up-to-date symlink: /home/upo/TFG/ros2_ws/install/interfaces/include/interfaces/interfaces/msg/detail/response__functions.h\n'}
[0.434081] (interfaces) StdoutLine: {'line': b'-- Up-to-date symlink: /home/upo/TFG/ros2_ws/install/interfaces/include/interfaces/interfaces/msg/detail/response__struct.h\n'}
[0.434334] (interfaces) StdoutLine: {'line': b'-- Up-to-date symlink: /home/upo/TFG/ros2_ws/install/interfaces/include/interfaces/interfaces/msg/detail/response__type_support.h\n'}
[0.434475] (interfaces) StdoutLine: {'line': b'-- Up-to-date symlink: /home/upo/TFG/ros2_ws/install/interfaces/include/interfaces/interfaces/msg/goal.h\n'}
[0.434663] (interfaces) StdoutLine: {'line': b'-- Up-to-date symlink: /home/upo/TFG/ros2_ws/install/interfaces/include/interfaces/interfaces/msg/request.h\n'}
[0.434791] (interfaces) StdoutLine: {'line': b'-- Up-to-date symlink: /home/upo/TFG/ros2_ws/install/interfaces/include/interfaces/interfaces/msg/response.h\n'}
[0.434912] (interfaces) StdoutLine: {'line': b'-- Up-to-date symlink: /home/upo/TFG/ros2_ws/install/interfaces/include/interfaces/interfaces/msg/rosidl_generator_c__visibility_control.h\n'}
[0.435032] (interfaces) StdoutLine: {'line': b'-- Up-to-date symlink: /home/upo/TFG/ros2_ws/install/interfaces/share/interfaces/environment/library_path.sh\n'}
[0.435184] (interfaces) StdoutLine: {'line': b'-- Up-to-date symlink: /home/upo/TFG/ros2_ws/install/interfaces/share/interfaces/environment/library_path.dsv\n'}
[0.435304] (interfaces) StdoutLine: {'line': b'-- Up-to-date symlink: /home/upo/TFG/ros2_ws/install/interfaces/include/interfaces/interfaces/action/detail/move__rosidl_typesupport_fastrtps_c.h\n'}
[0.435426] (interfaces) StdoutLine: {'line': b'-- Up-to-date symlink: /home/upo/TFG/ros2_ws/install/interfaces/include/interfaces/interfaces/msg/detail/combo_image__rosidl_typesupport_fastrtps_c.h\n'}
[0.435574] (interfaces) StdoutLine: {'line': b'-- Up-to-date symlink: /home/upo/TFG/ros2_ws/install/interfaces/include/interfaces/interfaces/msg/detail/goal__rosidl_typesupport_fastrtps_c.h\n'}
[0.435679] (interfaces) StdoutLine: {'line': b'-- Up-to-date symlink: /home/upo/TFG/ros2_ws/install/interfaces/include/interfaces/interfaces/msg/detail/request__rosidl_typesupport_fastrtps_c.h\n'}
[0.435800] (interfaces) StdoutLine: {'line': b'-- Up-to-date symlink: /home/upo/TFG/ros2_ws/install/interfaces/include/interfaces/interfaces/msg/detail/response__rosidl_typesupport_fastrtps_c.h\n'}
[0.435920] (interfaces) StdoutLine: {'line': b'-- Up-to-date symlink: /home/upo/TFG/ros2_ws/install/interfaces/include/interfaces/interfaces/msg/rosidl_typesupport_fastrtps_c__visibility_control.h\n'}
[0.436452] (interfaces) StdoutLine: {'line': b'-- Up-to-date symlink: /home/upo/TFG/ros2_ws/install/interfaces/include/interfaces/interfaces/action/detail/move__builder.hpp\n'}
[0.436578] (interfaces) StdoutLine: {'line': b'-- Up-to-date symlink: /home/upo/TFG/ros2_ws/install/interfaces/include/interfaces/interfaces/action/detail/move__struct.hpp\n'}
[0.436714] (interfaces) StdoutLine: {'line': b'-- Up-to-date symlink: /home/upo/TFG/ros2_ws/install/interfaces/include/interfaces/interfaces/action/detail/move__traits.hpp\n'}
[0.436838] (interfaces) StdoutLine: {'line': b'-- Up-to-date symlink: /home/upo/TFG/ros2_ws/install/interfaces/include/interfaces/interfaces/action/detail/move__type_support.hpp\n'}
[0.436978] (interfaces) StdoutLine: {'line': b'-- Up-to-date symlink: /home/upo/TFG/ros2_ws/install/interfaces/include/interfaces/interfaces/action/move.hpp\n'}
[0.437107] (interfaces) StdoutLine: {'line': b'-- Up-to-date symlink: /home/upo/TFG/ros2_ws/install/interfaces/include/interfaces/interfaces/msg/combo_image.hpp\n'}
[0.437264] (interfaces) StdoutLine: {'line': b'-- Up-to-date symlink: /home/upo/TFG/ros2_ws/install/interfaces/include/interfaces/interfaces/msg/detail/combo_image__builder.hpp\n'}
[0.437398] (interfaces) StdoutLine: {'line': b'-- Up-to-date symlink: /home/upo/TFG/ros2_ws/install/interfaces/include/interfaces/interfaces/msg/detail/combo_image__struct.hpp\n'}
[0.437529] (interfaces) StdoutLine: {'line': b'-- Up-to-date symlink: /home/upo/TFG/ros2_ws/install/interfaces/include/interfaces/interfaces/msg/detail/combo_image__traits.hpp\n'}
[0.437661] (interfaces) StdoutLine: {'line': b'-- Up-to-date symlink: /home/upo/TFG/ros2_ws/install/interfaces/include/interfaces/interfaces/msg/detail/combo_image__type_support.hpp\n'}
[0.437788] (interfaces) StdoutLine: {'line': b'-- Up-to-date symlink: /home/upo/TFG/ros2_ws/install/interfaces/include/interfaces/interfaces/msg/detail/goal__builder.hpp\n'}
[0.437913] (interfaces) StdoutLine: {'line': b'-- Up-to-date symlink: /home/upo/TFG/ros2_ws/install/interfaces/include/interfaces/interfaces/msg/detail/goal__struct.hpp\n'}
[0.438028] (interfaces) StdoutLine: {'line': b'-- Up-to-date symlink: /home/upo/TFG/ros2_ws/install/interfaces/include/interfaces/interfaces/msg/detail/goal__traits.hpp\n'}
[0.438148] (interfaces) StdoutLine: {'line': b'-- Up-to-date symlink: /home/upo/TFG/ros2_ws/install/interfaces/include/interfaces/interfaces/msg/detail/goal__type_support.hpp\n'}
[0.438323] (interfaces) StdoutLine: {'line': b'-- Up-to-date symlink: /home/upo/TFG/ros2_ws/install/interfaces/include/interfaces/interfaces/msg/detail/request__builder.hpp\n'}
[0.438442] (interfaces) StdoutLine: {'line': b'-- Up-to-date symlink: /home/upo/TFG/ros2_ws/install/interfaces/include/interfaces/interfaces/msg/detail/request__struct.hpp\n'}
[0.438521] (interfaces) StdoutLine: {'line': b'-- Up-to-date symlink: /home/upo/TFG/ros2_ws/install/interfaces/include/interfaces/interfaces/msg/detail/request__traits.hpp\n'}
[0.438638] (interfaces) StdoutLine: {'line': b'-- Up-to-date symlink: /home/upo/TFG/ros2_ws/install/interfaces/include/interfaces/interfaces/msg/detail/request__type_support.hpp\n'}
[0.438751] (interfaces) StdoutLine: {'line': b'-- Up-to-date symlink: /home/upo/TFG/ros2_ws/install/interfaces/include/interfaces/interfaces/msg/detail/response__builder.hpp\n'}
[0.438865] (interfaces) StdoutLine: {'line': b'-- Up-to-date symlink: /home/upo/TFG/ros2_ws/install/interfaces/include/interfaces/interfaces/msg/detail/response__struct.hpp\n'}
[0.438976] (interfaces) StdoutLine: {'line': b'-- Up-to-date symlink: /home/upo/TFG/ros2_ws/install/interfaces/include/interfaces/interfaces/msg/detail/response__traits.hpp\n'}
[0.439093] (interfaces) StdoutLine: {'line': b'-- Up-to-date symlink: /home/upo/TFG/ros2_ws/install/interfaces/include/interfaces/interfaces/msg/detail/response__type_support.hpp\n'}
[0.439203] (interfaces) StdoutLine: {'line': b'-- Up-to-date symlink: /home/upo/TFG/ros2_ws/install/interfaces/include/interfaces/interfaces/msg/goal.hpp\n'}
[0.439322] (interfaces) StdoutLine: {'line': b'-- Up-to-date symlink: /home/upo/TFG/ros2_ws/install/interfaces/include/interfaces/interfaces/msg/request.hpp\n'}
[0.439437] (interfaces) StdoutLine: {'line': b'-- Up-to-date symlink: /home/upo/TFG/ros2_ws/install/interfaces/include/interfaces/interfaces/msg/response.hpp\n'}
[0.439555] (interfaces) StdoutLine: {'line': b'-- Up-to-date symlink: /home/upo/TFG/ros2_ws/install/interfaces/include/interfaces/interfaces/msg/rosidl_generator_cpp__visibility_control.hpp\n'}
[0.440252] (interfaces) StdoutLine: {'line': b'-- Up-to-date symlink: /home/upo/TFG/ros2_ws/install/interfaces/include/interfaces/interfaces/action/detail/move__rosidl_typesupport_fastrtps_cpp.hpp\n'}
[0.440411] (interfaces) StdoutLine: {'line': b'-- Up-to-date symlink: /home/upo/TFG/ros2_ws/install/interfaces/include/interfaces/interfaces/msg/detail/combo_image__rosidl_typesupport_fastrtps_cpp.hpp\n'}
[0.440520] (interfaces) StdoutLine: {'line': b'-- Up-to-date symlink: /home/upo/TFG/ros2_ws/install/interfaces/include/interfaces/interfaces/msg/detail/goal__rosidl_typesupport_fastrtps_cpp.hpp\n'}
[0.440646] (interfaces) StdoutLine: {'line': b'-- Up-to-date symlink: /home/upo/TFG/ros2_ws/install/interfaces/include/interfaces/interfaces/msg/detail/request__rosidl_typesupport_fastrtps_cpp.hpp\n'}
[0.440773] (interfaces) StdoutLine: {'line': b'-- Up-to-date symlink: /home/upo/TFG/ros2_ws/install/interfaces/include/interfaces/interfaces/msg/detail/response__rosidl_typesupport_fastrtps_cpp.hpp\n'}
[0.440908] (interfaces) StdoutLine: {'line': b'-- Up-to-date symlink: /home/upo/TFG/ros2_ws/install/interfaces/include/interfaces/interfaces/msg/rosidl_typesupport_fastrtps_cpp__visibility_control.h\n'}
[0.441311] (interfaces) StdoutLine: {'line': b'-- Up-to-date symlink: /home/upo/TFG/ros2_ws/install/interfaces/include/interfaces/interfaces/action/detail/move__rosidl_typesupport_introspection_c.h\n'}
[0.441469] (interfaces) StdoutLine: {'line': b'-- Up-to-date symlink: /home/upo/TFG/ros2_ws/install/interfaces/include/interfaces/interfaces/msg/detail/combo_image__rosidl_typesupport_introspection_c.h\n'}
[0.441613] (interfaces) StdoutLine: {'line': b'-- Up-to-date symlink: /home/upo/TFG/ros2_ws/install/interfaces/include/interfaces/interfaces/msg/detail/goal__rosidl_typesupport_introspection_c.h\n'}
[0.441748] (interfaces) StdoutLine: {'line': b'-- Up-to-date symlink: /home/upo/TFG/ros2_ws/install/interfaces/include/interfaces/interfaces/msg/detail/request__rosidl_typesupport_introspection_c.h\n'}
[0.441865] (interfaces) StdoutLine: {'line': b'-- Up-to-date symlink: /home/upo/TFG/ros2_ws/install/interfaces/include/interfaces/interfaces/msg/detail/response__rosidl_typesupport_introspection_c.h\n'}
[0.441995] (interfaces) StdoutLine: {'line': b'-- Up-to-date symlink: /home/upo/TFG/ros2_ws/install/interfaces/include/interfaces/interfaces/msg/rosidl_typesupport_introspection_c__visibility_control.h\n'}
[0.442416] (interfaces) StdoutLine: {'line': b'-- Up-to-date symlink: /home/upo/TFG/ros2_ws/install/interfaces/include/interfaces/interfaces/action/detail/move__rosidl_typesupport_introspection_cpp.hpp\n'}
[0.442541] (interfaces) StdoutLine: {'line': b'-- Up-to-date symlink: /home/upo/TFG/ros2_ws/install/interfaces/include/interfaces/interfaces/msg/detail/combo_image__rosidl_typesupport_introspection_cpp.hpp\n'}
[0.442665] (interfaces) StdoutLine: {'line': b'-- Up-to-date symlink: /home/upo/TFG/ros2_ws/install/interfaces/include/interfaces/interfaces/msg/detail/goal__rosidl_typesupport_introspection_cpp.hpp\n'}
[0.442776] (interfaces) StdoutLine: {'line': b'-- Up-to-date symlink: /home/upo/TFG/ros2_ws/install/interfaces/include/interfaces/interfaces/msg/detail/request__rosidl_typesupport_introspection_cpp.hpp\n'}
[0.442937] (interfaces) StdoutLine: {'line': b'-- Up-to-date symlink: /home/upo/TFG/ros2_ws/install/interfaces/include/interfaces/interfaces/msg/detail/response__rosidl_typesupport_introspection_cpp.hpp\n'}
[0.443080] (interfaces) StdoutLine: {'line': b'-- Up-to-date symlink: /home/upo/TFG/ros2_ws/install/interfaces/share/interfaces/environment/pythonpath.sh\n'}
[0.443211] (interfaces) StdoutLine: {'line': b'-- Up-to-date symlink: /home/upo/TFG/ros2_ws/install/interfaces/share/interfaces/environment/pythonpath.dsv\n'}
[0.443489] (interfaces) StdoutLine: {'line': b'-- Up-to-date symlink: /home/upo/TFG/ros2_ws/install/interfaces/lib/python3.12/site-packages/interfaces-0.0.0-py3.12.egg-info/PKG-INFO\n'}
[0.443612] (interfaces) StdoutLine: {'line': b'-- Up-to-date symlink: /home/upo/TFG/ros2_ws/install/interfaces/lib/python3.12/site-packages/interfaces-0.0.0-py3.12.egg-info/SOURCES.txt\n'}
[0.443742] (interfaces) StdoutLine: {'line': b'-- Up-to-date symlink: /home/upo/TFG/ros2_ws/install/interfaces/lib/python3.12/site-packages/interfaces-0.0.0-py3.12.egg-info/dependency_links.txt\n'}
[0.443864] (interfaces) StdoutLine: {'line': b'-- Up-to-date symlink: /home/upo/TFG/ros2_ws/install/interfaces/lib/python3.12/site-packages/interfaces-0.0.0-py3.12.egg-info/top_level.txt\n'}
[0.444463] (interfaces) StdoutLine: {'line': b'-- Up-to-date symlink: /home/upo/TFG/ros2_ws/install/interfaces/lib/python3.12/site-packages/interfaces/__init__.py\n'}
[0.444607] (interfaces) StdoutLine: {'line': b'-- Up-to-date symlink: /home/upo/TFG/ros2_ws/install/interfaces/lib/python3.12/site-packages/interfaces/_interfaces_s.ep.rosidl_typesupport_c.c\n'}
[0.444728] (interfaces) StdoutLine: {'line': b'-- Up-to-date symlink: /home/upo/TFG/ros2_ws/install/interfaces/lib/python3.12/site-packages/interfaces/_interfaces_s.ep.rosidl_typesupport_fastrtps_c.c\n'}
[0.444869] (interfaces) StdoutLine: {'line': b'-- Up-to-date symlink: /home/upo/TFG/ros2_ws/install/interfaces/lib/python3.12/site-packages/interfaces/_interfaces_s.ep.rosidl_typesupport_introspection_c.c\n'}
[0.444977] (interfaces) StdoutLine: {'line': b'-- Up-to-date symlink: /home/upo/TFG/ros2_ws/install/interfaces/lib/python3.12/site-packages/interfaces/action/__init__.py\n'}
[0.445120] (interfaces) StdoutLine: {'line': b'-- Up-to-date symlink: /home/upo/TFG/ros2_ws/install/interfaces/lib/python3.12/site-packages/interfaces/action/_move.py\n'}
[0.445245] (interfaces) StdoutLine: {'line': b'-- Up-to-date symlink: /home/upo/TFG/ros2_ws/install/interfaces/lib/python3.12/site-packages/interfaces/action/_move_s.c\n'}
[0.445365] (interfaces) StdoutLine: {'line': b'-- Up-to-date symlink: /home/upo/TFG/ros2_ws/install/interfaces/lib/python3.12/site-packages/interfaces/interfaces_s__rosidl_typesupport_c.so\n'}
[0.445487] (interfaces) StdoutLine: {'line': b'-- Up-to-date symlink: /home/upo/TFG/ros2_ws/install/interfaces/lib/python3.12/site-packages/interfaces/interfaces_s__rosidl_typesupport_fastrtps_c.so\n'}
[0.445605] (interfaces) StdoutLine: {'line': b'-- Up-to-date symlink: /home/upo/TFG/ros2_ws/install/interfaces/lib/python3.12/site-packages/interfaces/interfaces_s__rosidl_typesupport_introspection_c.so\n'}
[0.445723] (interfaces) StdoutLine: {'line': b'-- Up-to-date symlink: /home/upo/TFG/ros2_ws/install/interfaces/lib/python3.12/site-packages/interfaces/msg/__init__.py\n'}
[0.445856] (interfaces) StdoutLine: {'line': b'-- Up-to-date symlink: /home/upo/TFG/ros2_ws/install/interfaces/lib/python3.12/site-packages/interfaces/msg/_combo_image.py\n'}
[0.445964] (interfaces) StdoutLine: {'line': b'-- Up-to-date symlink: /home/upo/TFG/ros2_ws/install/interfaces/lib/python3.12/site-packages/interfaces/msg/_combo_image_s.c\n'}
[0.446098] (interfaces) StdoutLine: {'line': b'-- Up-to-date symlink: /home/upo/TFG/ros2_ws/install/interfaces/lib/python3.12/site-packages/interfaces/msg/_goal.py\n'}
[0.446261] (interfaces) StdoutLine: {'line': b'-- Up-to-date symlink: /home/upo/TFG/ros2_ws/install/interfaces/lib/python3.12/site-packages/interfaces/msg/_goal_s.c\n'}
[0.446333] (interfaces) StdoutLine: {'line': b'-- Up-to-date symlink: /home/upo/TFG/ros2_ws/install/interfaces/lib/python3.12/site-packages/interfaces/msg/_request.py\n'}
[0.446415] (interfaces) StdoutLine: {'line': b'-- Up-to-date symlink: /home/upo/TFG/ros2_ws/install/interfaces/lib/python3.12/site-packages/interfaces/msg/_request_s.c\n'}
[0.446492] (interfaces) StdoutLine: {'line': b'-- Up-to-date symlink: /home/upo/TFG/ros2_ws/install/interfaces/lib/python3.12/site-packages/interfaces/msg/_response.py\n'}
[0.446556] (interfaces) StdoutLine: {'line': b'-- Up-to-date symlink: /home/upo/TFG/ros2_ws/install/interfaces/lib/python3.12/site-packages/interfaces/msg/_response_s.c\n'}
[0.446682] (interfaces) StdoutLine: {'line': b'-- Up-to-date symlink: /home/upo/TFG/ros2_ws/install/interfaces/lib/python3.12/site-packages/interfaces/interfaces_s__rosidl_typesupport_fastrtps_c.so\n'}
[0.446786] (interfaces) StdoutLine: {'line': b'-- Up-to-date symlink: /home/upo/TFG/ros2_ws/install/interfaces/lib/python3.12/site-packages/interfaces/interfaces_s__rosidl_typesupport_introspection_c.so\n'}
[0.446981] (interfaces) StdoutLine: {'line': b'-- Up-to-date symlink: /home/upo/TFG/ros2_ws/install/interfaces/lib/python3.12/site-packages/interfaces/interfaces_s__rosidl_typesupport_c.so\n'}
[0.447134] (interfaces) StdoutLine: {'line': b'-- Up-to-date symlink: /home/upo/TFG/ros2_ws/install/interfaces/share/ament_index/resource_index/rust_packages/interfaces\n'}
[0.447474] (interfaces) StdoutLine: {'line': b'-- Up-to-date symlink: /home/upo/TFG/ros2_ws/install/interfaces/share/interfaces/rust/Cargo.toml\n'}
[0.447577] (interfaces) StdoutLine: {'line': b'-- Up-to-date symlink: /home/upo/TFG/ros2_ws/install/interfaces/share/interfaces/rust/build.rs\n'}
[0.447683] (interfaces) StdoutLine: {'line': b'-- Up-to-date symlink: /home/upo/TFG/ros2_ws/install/interfaces/share/interfaces/rust/src/action.rs\n'}
[0.447793] (interfaces) StdoutLine: {'line': b'-- Up-to-date symlink: /home/upo/TFG/ros2_ws/install/interfaces/share/interfaces/rust/src/action/rmw.rs\n'}
[0.447898] (interfaces) StdoutLine: {'line': b'-- Up-to-date symlink: /home/upo/TFG/ros2_ws/install/interfaces/share/interfaces/rust/src/lib.rs\n'}
[0.448002] (interfaces) StdoutLine: {'line': b'-- Up-to-date symlink: /home/upo/TFG/ros2_ws/install/interfaces/share/interfaces/rust/src/msg.rs\n'}
[0.448108] (interfaces) StdoutLine: {'line': b'-- Up-to-date symlink: /home/upo/TFG/ros2_ws/install/interfaces/share/interfaces/rust/src/msg/rmw.rs\n'}
[0.448259] (interfaces) StdoutLine: {'line': b'-- Up-to-date symlink: /home/upo/TFG/ros2_ws/install/interfaces/share/interfaces/msg/Goal.idl\n'}
[0.448398] (interfaces) StdoutLine: {'line': b'-- Up-to-date symlink: /home/upo/TFG/ros2_ws/install/interfaces/share/interfaces/msg/ComboImage.idl\n'}
[0.448526] (interfaces) StdoutLine: {'line': b'-- Up-to-date symlink: /home/upo/TFG/ros2_ws/install/interfaces/share/interfaces/msg/Request.idl\n'}
[0.448667] (interfaces) StdoutLine: {'line': b'-- Up-to-date symlink: /home/upo/TFG/ros2_ws/install/interfaces/share/interfaces/msg/Response.idl\n'}
[0.448794] (interfaces) StdoutLine: {'line': b'-- Up-to-date symlink: /home/upo/TFG/ros2_ws/install/interfaces/share/interfaces/action/Move.idl\n'}
[0.448919] (interfaces) StdoutLine: {'line': b'-- Up-to-date symlink: /home/upo/TFG/ros2_ws/install/interfaces/share/interfaces/msg/Goal.msg\n'}
[0.449035] (interfaces) StdoutLine: {'line': b'-- Up-to-date symlink: /home/upo/TFG/ros2_ws/install/interfaces/share/interfaces/msg/ComboImage.msg\n'}
[0.449158] (interfaces) StdoutLine: {'line': b'-- Up-to-date symlink: /home/upo/TFG/ros2_ws/install/interfaces/share/interfaces/msg/Request.msg\n'}
[0.449285] (interfaces) StdoutLine: {'line': b'-- Up-to-date symlink: /home/upo/TFG/ros2_ws/install/interfaces/share/interfaces/msg/Response.msg\n'}
[0.449406] (interfaces) StdoutLine: {'line': b'-- Up-to-date symlink: /home/upo/TFG/ros2_ws/install/interfaces/share/interfaces/action/Move.action\n'}
[0.449553] (interfaces) StdoutLine: {'line': b'-- Up-to-date symlink: /home/upo/TFG/ros2_ws/install/interfaces/share/ament_index/resource_index/package_run_dependencies/interfaces\n'}
[0.449688] (interfaces) StdoutLine: {'line': b'-- Up-to-date symlink: /home/upo/TFG/ros2_ws/install/interfaces/share/ament_index/resource_index/parent_prefix_path/interfaces\n'}
[0.449818] (interfaces) StdoutLine: {'line': b'-- Up-to-date symlink: /home/upo/TFG/ros2_ws/install/interfaces/share/interfaces/environment/ament_prefix_path.sh\n'}
[0.449945] (interfaces) StdoutLine: {'line': b'-- Up-to-date symlink: /home/upo/TFG/ros2_ws/install/interfaces/share/interfaces/environment/ament_prefix_path.dsv\n'}
[0.450065] (interfaces) StdoutLine: {'line': b'-- Up-to-date symlink: /home/upo/TFG/ros2_ws/install/interfaces/share/interfaces/environment/path.sh\n'}
[0.450188] (interfaces) StdoutLine: {'line': b'-- Up-to-date symlink: /home/upo/TFG/ros2_ws/install/interfaces/share/interfaces/environment/path.dsv\n'}
[0.450325] (interfaces) StdoutLine: {'line': b'-- Up-to-date symlink: /home/upo/TFG/ros2_ws/install/interfaces/share/interfaces/local_setup.bash\n'}
[0.450448] (interfaces) StdoutLine: {'line': b'-- Up-to-date symlink: /home/upo/TFG/ros2_ws/install/interfaces/share/interfaces/local_setup.sh\n'}
[0.450569] (interfaces) StdoutLine: {'line': b'-- Up-to-date symlink: /home/upo/TFG/ros2_ws/install/interfaces/share/interfaces/local_setup.zsh\n'}
[0.450689] (interfaces) StdoutLine: {'line': b'-- Up-to-date symlink: /home/upo/TFG/ros2_ws/install/interfaces/share/interfaces/local_setup.dsv\n'}
[0.450785] (interfaces) StdoutLine: {'line': b'-- Symlinking: /home/upo/TFG/ros2_ws/install/interfaces/share/interfaces/package.dsv\n'}
[0.461445] (interfaces) StdoutLine: {'line': b'-- Up-to-date symlink: /home/upo/TFG/ros2_ws/install/interfaces/share/ament_index/resource_index/packages/interfaces\n'}
[0.461632] (interfaces) StdoutLine: {'line': b'-- Up-to-date symlink: /home/upo/TFG/ros2_ws/install/interfaces/share/interfaces/cmake/rosidl_cmake-extras.cmake\n'}
[0.461732] (interfaces) StdoutLine: {'line': b'-- Up-to-date symlink: /home/upo/TFG/ros2_ws/install/interfaces/share/interfaces/cmake/ament_cmake_export_dependencies-extras.cmake\n'}
[0.461962] (interfaces) StdoutLine: {'line': b'-- Up-to-date symlink: /home/upo/TFG/ros2_ws/install/interfaces/share/interfaces/cmake/ament_cmake_export_include_directories-extras.cmake\n'}
[0.462219] (interfaces) StdoutLine: {'line': b'-- Up-to-date symlink: /home/upo/TFG/ros2_ws/install/interfaces/share/interfaces/cmake/ament_cmake_export_libraries-extras.cmake\n'}
[0.462501] (interfaces) StdoutLine: {'line': b'-- Up-to-date symlink: /home/upo/TFG/ros2_ws/install/interfaces/share/interfaces/cmake/ament_cmake_export_targets-extras.cmake\n'}
[0.462753] (interfaces) StdoutLine: {'line': b'-- Up-to-date symlink: /home/upo/TFG/ros2_ws/install/interfaces/share/interfaces/cmake/rosidl_cmake_export_typesupport_targets-extras.cmake\n'}
[0.462952] (interfaces) StdoutLine: {'line': b'-- Up-to-date symlink: /home/upo/TFG/ros2_ws/install/interfaces/share/interfaces/cmake/rosidl_cmake_export_typesupport_libraries-extras.cmake\n'}
[0.463100] (interfaces) StdoutLine: {'line': b'-- Up-to-date symlink: /home/upo/TFG/ros2_ws/install/interfaces/share/interfaces/cmake/rosidl_cmake_aggregate_target-extras.cmake\n'}
[0.463262] (interfaces) StdoutLine: {'line': b'-- Up-to-date symlink: /home/upo/TFG/ros2_ws/install/interfaces/share/interfaces/cmake/interfacesConfig.cmake\n'}
[0.463407] (interfaces) StdoutLine: {'line': b'-- Up-to-date symlink: /home/upo/TFG/ros2_ws/install/interfaces/share/interfaces/cmake/interfacesConfig-version.cmake\n'}
[0.463552] (interfaces) StdoutLine: {'line': b'-- Up-to-date symlink: /home/upo/TFG/ros2_ws/install/interfaces/share/interfaces/package.xml\n'}
[0.463704] (interfaces) StdoutLine: {'line': b'-- Up-to-date: /home/upo/TFG/ros2_ws/install/interfaces/lib/libinterfaces__rosidl_generator_c.so\n'}
[0.464031] (interfaces) StdoutLine: {'line': b'-- Up-to-date: /home/upo/TFG/ros2_ws/install/interfaces/lib/libinterfaces__rosidl_typesupport_fastrtps_c.so\n'}
[0.464372] (interfaces) StdoutLine: {'line': b'-- Up-to-date: /home/upo/TFG/ros2_ws/install/interfaces/lib/libinterfaces__rosidl_typesupport_fastrtps_cpp.so\n'}
[0.464678] (interfaces) StdoutLine: {'line': b'-- Up-to-date: /home/upo/TFG/ros2_ws/install/interfaces/lib/libinterfaces__rosidl_typesupport_introspection_c.so\n'}
[0.464960] (interfaces) StdoutLine: {'line': b'-- Up-to-date: /home/upo/TFG/ros2_ws/install/interfaces/lib/libinterfaces__rosidl_typesupport_c.so\n'}
[0.465277] (interfaces) StdoutLine: {'line': b'-- Up-to-date: /home/upo/TFG/ros2_ws/install/interfaces/lib/libinterfaces__rosidl_typesupport_introspection_cpp.so\n'}
[0.465589] (interfaces) StdoutLine: {'line': b'-- Up-to-date: /home/upo/TFG/ros2_ws/install/interfaces/lib/libinterfaces__rosidl_typesupport_cpp.so\n'}
[0.497726] (interfaces) StdoutLine: {'line': b"Listing '/home/upo/TFG/ros2_ws/install/interfaces/lib/python3.12/site-packages/interfaces'...\n"}
[0.497947] (interfaces) StdoutLine: {'line': b"Listing '/home/upo/TFG/ros2_ws/install/interfaces/lib/python3.12/site-packages/interfaces/action'...\n"}
[0.498106] (interfaces) StdoutLine: {'line': b"Listing '/home/upo/TFG/ros2_ws/install/interfaces/lib/python3.12/site-packages/interfaces/msg'...\n"}
[0.500193] (-) TimerEvent: {}
[0.502297] (interfaces) StdoutLine: {'line': b'-- Up-to-date: /home/upo/TFG/ros2_ws/install/interfaces/lib/libinterfaces__rosidl_generator_py.so\n'}
[0.502763] (interfaces) StdoutLine: {'line': b'-- Up-to-date: /home/upo/TFG/ros2_ws/install/interfaces/share/interfaces/cmake/export_interfaces__rosidl_generator_cExport.cmake\n'}
[0.502851] (interfaces) StdoutLine: {'line': b'-- Up-to-date: /home/upo/TFG/ros2_ws/install/interfaces/share/interfaces/cmake/export_interfaces__rosidl_generator_cExport-noconfig.cmake\n'}
[0.502977] (interfaces) StdoutLine: {'line': b'-- Up-to-date: /home/upo/TFG/ros2_ws/install/interfaces/share/interfaces/cmake/export_interfaces__rosidl_typesupport_fastrtps_cExport.cmake\n'}
[0.503067] (interfaces) StdoutLine: {'line': b'-- Up-to-date: /home/upo/TFG/ros2_ws/install/interfaces/share/interfaces/cmake/export_interfaces__rosidl_typesupport_fastrtps_cExport-noconfig.cmake\n'}
[0.503191] (interfaces) StdoutLine: {'line': b'-- Up-to-date: /home/upo/TFG/ros2_ws/install/interfaces/share/interfaces/cmake/export_interfaces__rosidl_generator_cppExport.cmake\n'}
[0.503348] (interfaces) StdoutLine: {'line': b'-- Up-to-date: /home/upo/TFG/ros2_ws/install/interfaces/share/interfaces/cmake/export_interfaces__rosidl_typesupport_fastrtps_cppExport.cmake\n'}
[0.503424] (interfaces) StdoutLine: {'line': b'-- Up-to-date: /home/upo/TFG/ros2_ws/install/interfaces/share/interfaces/cmake/export_interfaces__rosidl_typesupport_fastrtps_cppExport-noconfig.cmake\n'}
[0.503553] (interfaces) StdoutLine: {'line': b'-- Up-to-date: /home/upo/TFG/ros2_ws/install/interfaces/share/interfaces/cmake/interfaces__rosidl_typesupport_introspection_cExport.cmake\n'}
[0.503634] (interfaces) StdoutLine: {'line': b'-- Up-to-date: /home/upo/TFG/ros2_ws/install/interfaces/share/interfaces/cmake/interfaces__rosidl_typesupport_introspection_cExport-noconfig.cmake\n'}
[0.503709] (interfaces) StdoutLine: {'line': b'-- Up-to-date: /home/upo/TFG/ros2_ws/install/interfaces/share/interfaces/cmake/interfaces__rosidl_typesupport_cExport.cmake\n'}
[0.503781] (interfaces) StdoutLine: {'line': b'-- Up-to-date: /home/upo/TFG/ros2_ws/install/interfaces/share/interfaces/cmake/interfaces__rosidl_typesupport_cExport-noconfig.cmake\n'}
[0.503867] (interfaces) StdoutLine: {'line': b'-- Up-to-date: /home/upo/TFG/ros2_ws/install/interfaces/share/interfaces/cmake/interfaces__rosidl_typesupport_introspection_cppExport.cmake\n'}
[0.503948] (interfaces) StdoutLine: {'line': b'-- Up-to-date: /home/upo/TFG/ros2_ws/install/interfaces/share/interfaces/cmake/interfaces__rosidl_typesupport_introspection_cppExport-noconfig.cmake\n'}
[0.504017] (interfaces) StdoutLine: {'line': b'-- Up-to-date: /home/upo/TFG/ros2_ws/install/interfaces/share/interfaces/cmake/interfaces__rosidl_typesupport_cppExport.cmake\n'}
[0.504076] (interfaces) StdoutLine: {'line': b'-- Up-to-date: /home/upo/TFG/ros2_ws/install/interfaces/share/interfaces/cmake/interfaces__rosidl_typesupport_cppExport-noconfig.cmake\n'}
[0.504160] (interfaces) StdoutLine: {'line': b'-- Up-to-date: /home/upo/TFG/ros2_ws/install/interfaces/share/interfaces/cmake/export_interfaces__rosidl_generator_pyExport.cmake\n'}
[0.504219] (interfaces) StdoutLine: {'line': b'-- Up-to-date: /home/upo/TFG/ros2_ws/install/interfaces/share/interfaces/cmake/export_interfaces__rosidl_generator_pyExport-noconfig.cmake\n'}
[0.506314] (interfaces) CommandEnded: {'returncode': 0}
[0.524058] (interfaces) JobEnded: {'identifier': 'interfaces', 'rc': 0}
[0.524885] (VLMProcessing) JobStarted: {'identifier': 'VLMProcessing'}
[0.529791] (robotCommunication) JobStarted: {'identifier': 'robotCommunication'}
[0.535696] (robotMovement) JobStarted: {'identifier': 'robotMovement'}
[0.600308] (-) TimerEvent: {}
[0.700591] (-) TimerEvent: {}
[0.800879] (-) TimerEvent: {}
[0.901181] (-) TimerEvent: {}
[1.001502] (-) TimerEvent: {}
[1.101785] (-) TimerEvent: {}
[1.202078] (-) TimerEvent: {}
[1.302381] (-) TimerEvent: {}
[1.402620] (-) TimerEvent: {}
[1.454291] (userCommunication) Command: {'cmd': ['/usr/bin/python3', '-W', 'ignore:setup.py install is deprecated', '-W', 'ignore:easy_install command is deprecated', 'setup.py', 'develop', '--editable', '--build-directory', '/home/upo/TFG/ros2_ws/build/userCommunication/build', '--no-deps', 'symlink_data'], 'cwd': '/home/upo/TFG/ros2_ws/build/userCommunication', 'env': {'LESSOPEN': '| /usr/bin/lesspipe %s', 'GZ_SIM_RESOURCE_PATH': '/opt/ros/jazzy/share', 'USER': 'upo', 'GZ_CONFIG_PATH': '/opt/ros/jazzy/opt/gz_sim_vendor/share/gz:/opt/ros/jazzy/opt/sdformat_vendor/share/gz:/opt/ros/jazzy/opt/gz_gui_vendor/share/gz:/opt/ros/jazzy/opt/gz_transport_vendor/share/gz:/opt/ros/jazzy/opt/gz_rendering_vendor/share/gz:/opt/ros/jazzy/opt/gz_plugin_vendor/share/gz:/opt/ros/jazzy/opt/gz_fuel_tools_vendor/share/gz:/opt/ros/jazzy/opt/gz_msgs_vendor/share/gz:/opt/ros/jazzy/opt/gz_common_vendor/share/gz', 'XDG_SESSION_TYPE': 'x11', 'GIT_ASKPASS': '/usr/share/code/resources/app/extensions/git/dist/askpass.sh', 'SHLVL': '3', 'LD_LIBRARY_PATH': '/home/upo/turtlebot3_ws/install/interfaces/lib:/opt/ros/jazzy/opt/gz_sim_vendor/lib:/opt/ros/jazzy/opt/gz_sensors_vendor/lib:/opt/ros/jazzy/opt/gz_physics_vendor/lib:/opt/ros/jazzy/opt/sdformat_vendor/lib:/opt/ros/jazzy/opt/rviz_ogre_vendor/lib:/opt/ros/jazzy/lib/x86_64-linux-gnu:/opt/ros/jazzy/opt/gz_gui_vendor/lib:/opt/ros/jazzy/opt/gz_transport_vendor/lib:/opt/ros/jazzy/opt/gz_rendering_vendor/lib:/opt/ros/jazzy/opt/gz_plugin_vendor/lib:/opt/ros/jazzy/opt/gz_fuel_tools_vendor/lib:/opt/ros/jazzy/opt/gz_msgs_vendor/lib:/opt/ros/jazzy/opt/gz_common_vendor/lib:/opt/ros/jazzy/opt/gz_math_vendor/lib:/opt/ros/jazzy/opt/gz_utils_vendor/lib:/opt/ros/jazzy/opt/gz_tools_vendor/lib:/opt/ros/jazzy/opt/gz_ogre_next_vendor/lib:/opt/ros/jazzy/opt/gz_dartsim_vendor/lib:/opt/ros/jazzy/opt/gz_cmake_vendor/lib:/opt/ros/jazzy/lib', 'HOME': '/home/upo', 'CHROME_DESKTOP': 'code.desktop', 'OLDPWD': '/home/upo/TFG', 'TERM_PROGRAM_VERSION': '1.126.0', 'DESKTOP_SESSION': 'ubuntu', 'ROS_PYTHON_VERSION': '3', 'GNOME_SHELL_SESSION_MODE': 'ubuntu', 'GTK_MODULES': 'gail:atk-bridge', 'VSCODE_GIT_ASKPASS_MAIN': '/usr/share/code/resources/app/extensions/git/dist/askpass-main.js', 'VSCODE_GIT_ASKPASS_NODE': '/usr/share/code/code', 'DBUS_STARTER_BUS_TYPE': 'session', 'SYSTEMD_EXEC_PID': '2495', 'VSCODE_PYTHON_AUTOACTIVATE_GUARD': '1', 'GSM_SKIP_SSH_AGENT_WORKAROUND': 'true', 'DBUS_SESSION_BUS_ADDRESS': 'unix:path=/run/user/1000/bus,guid=363d1e468aca3fabeca0c6d56a4df74b', 'COLORTERM': 'truecolor', 'DEBUGINFOD_URLS': 'https://debuginfod.ubuntu.com', 'COLCON_PREFIX_PATH': '/home/upo/turtlebot3_ws/install', 'ROS_DISTRO': 'jazzy', 'LOGNAME': 'upo', '_': '/usr/bin/colcon', 'ROS_VERSION': '2', 'MEMORY_PRESSURE_WATCH': '/sys/fs/cgroup/user.slice/user-1000.slice/user@1000.service/app.slice/app-gnome\\x2dsession\\x2dmanager.slice/gnome-session-manager@ubuntu.service/memory.pressure', 'CLAUDE_CODE_SSE_PORT': '55408', 'XDG_SESSION_CLASS': 'user', 'USERNAME': 'upo', 'TERM': 'xterm-256color', 'GNOME_DESKTOP_SESSION_ID': 'this-is-deprecated', 'FC_FONTATIONS': '1', 'WINDOWPATH': '2', 'PATH': '/home/upo/platform-tools:/home/upo/.npm-global/bin:/home/upo/.config/Code/User/globalStorage/github.copilot-chat/debugCommand:/home/upo/.config/Code/User/globalStorage/github.copilot-chat/copilotCli:/opt/ros/jazzy/opt/gz_msgs_vendor/bin:/opt/ros/jazzy/opt/gz_tools_vendor/bin:/opt/ros/jazzy/opt/gz_ogre_next_vendor/bin:/opt/ros/jazzy/bin:/home/upo/platform-tools:/home/upo/.npm-global/bin:/home/upo/.local/bin:/usr/local/sbin:/usr/local/bin:/usr/sbin:/usr/bin:/sbin:/bin:/usr/games:/usr/local/games:/snap/bin:/snap/bin', 'SESSION_MANAGER': 'local/upo-ASUS-TUF-Gaming-A15-FA507RR-TUF507RR:@/tmp/.ICE-unix/2495,unix/upo-ASUS-TUF-Gaming-A15-FA507RR-TUF507RR:/tmp/.ICE-unix/2495', 'XDG_MENU_PREFIX': 'gnome-', 'GNOME_TERMINAL_SCREEN': '/org/gnome/Terminal/screen/2478bdcd_4a6f_4f09_acc2_ea0ad9e073f2', 'XDG_RUNTIME_DIR': '/run/user/1000', 'GDK_BACKEND': 'x11', 'DISPLAY': ':0', 'LANG': 'en_US.UTF-8', 'XDG_CURRENT_DESKTOP': 'ubuntu:GNOME', 'XMODIFIERS': '@im=ibus', 'XDG_SESSION_DESKTOP': 'ubuntu', 'XAUTHORITY': '/run/user/1000/gdm/Xauthority', 'LS_COLORS': 'rs=0:di=01;34:ln=01;36:mh=00:pi=40;33:so=01;35:do=01;35:bd=40;33;01:cd=40;33;01:or=40;31;01:mi=00:su=37;41:sg=30;43:ca=00:tw=30;42:ow=34;42:st=37;44:ex=01;32:*.tar=01;31:*.tgz=01;31:*.arc=01;31:*.arj=01;31:*.taz=01;31:*.lha=01;31:*.lz4=01;31:*.lzh=01;31:*.lzma=01;31:*.tlz=01;31:*.txz=01;31:*.tzo=01;31:*.t7z=01;31:*.zip=01;31:*.z=01;31:*.dz=01;31:*.gz=01;31:*.lrz=01;31:*.lz=01;31:*.lzo=01;31:*.xz=01;31:*.zst=01;31:*.tzst=01;31:*.bz2=01;31:*.bz=01;31:*.tbz=01;31:*.tbz2=01;31:*.tz=01;31:*.deb=01;31:*.rpm=01;31:*.jar=01;31:*.war=01;31:*.ear=01;31:*.sar=01;31:*.rar=01;31:*.alz=01;31:*.ace=01;31:*.zoo=01;31:*.cpio=01;31:*.7z=01;31:*.rz=01;31:*.cab=01;31:*.wim=01;31:*.swm=01;31:*.dwm=01;31:*.esd=01;31:*.avif=01;35:*.jpg=01;35:*.jpeg=01;35:*.mjpg=01;35:*.mjpeg=01;35:*.gif=01;35:*.bmp=01;35:*.pbm=01;35:*.pgm=01;35:*.ppm=01;35:*.tga=01;35:*.xbm=01;35:*.xpm=01;35:*.tif=01;35:*.tiff=01;35:*.png=01;35:*.svg=01;35:*.svgz=01;35:*.mng=01;35:*.pcx=01;35:*.mov=01;35:*.mpg=01;35:*.mpeg=01;35:*.m2v=01;35:*.mkv=01;35:*.webm=01;35:*.webp=01;35:*.ogm=01;35:*.mp4=01;35:*.m4v=01;35:*.mp4v=01;35:*.vob=01;35:*.qt=01;35:*.nuv=01;35:*.wmv=01;35:*.asf=01;35:*.rm=01;35:*.rmvb=01;35:*.flc=01;35:*.avi=01;35:*.fli=01;35:*.flv=01;35:*.gl=01;35:*.dl=01;35:*.xcf=01;35:*.xwd=01;35:*.yuv=01;35:*.cgm=01;35:*.emf=01;35:*.ogv=01;35:*.ogx=01;35:*.aac=00;36:*.au=00;36:*.flac=00;36:*.m4a=00;36:*.mid=00;36:*.midi=00;36:*.mka=00;36:*.mp3=00;36:*.mpc=00;36:*.ogg=00;36:*.ra=00;36:*.wav=00;36:*.oga=00;36:*.opus=00;36:*.spx=00;36:*.xspf=00;36:*~=00;90:*#=00;90:*.bak=00;90:*.crdownload=00;90:*.dpkg-dist=00;90:*.dpkg-new=00;90:*.dpkg-old=00;90:*.dpkg-tmp=00;90:*.old=00;90:*.orig=00;90:*.part=00;90:*.rej=00;90:*.rpmnew=00;90:*.rpmorig=00;90:*.rpmsave=00;90:*.swp=00;90:*.tmp=00;90:*.ucf-dist=00;90:*.ucf-new=00;90:*.ucf-old=00;90:', 'VSCODE_GIT_IPC_HANDLE': '/run/user/1000/vscode-git-466a10eeed.sock', 'GNOME_TERMINAL_SERVICE': ':1.153', 'TERM_PROGRAM': 'vscode', 'SSH_AUTH_SOCK': '/run/user/1000/keyring/ssh', 'AMENT_PREFIX_PATH': '/home/upo/turtlebot3_ws/install/userCommunication:/home/upo/turtlebot3_ws/install/turtlebot3:/home/upo/turtlebot3_ws/install/turtlebot3_teleop:/home/upo/turtlebot3_ws/install/turtlebot3_simulations:/home/upo/turtlebot3_ws/install/turtlebot3_bringup:/home/upo/turtlebot3_ws/install/turtlebot3_node:/home/upo/turtlebot3_ws/install/turtlebot3_navigation2:/home/upo/turtlebot3_ws/install/turtlebot3_gazebo:/home/upo/turtlebot3_ws/install/turtlebot3_fake_node:/home/upo/turtlebot3_ws/install/turtlebot3_example:/home/upo/turtlebot3_ws/install/turtlebot3_description:/home/upo/turtlebot3_ws/install/turtlebot3_cartographer:/home/upo/turtlebot3_ws/install/robotMovement:/home/upo/turtlebot3_ws/install/robotCommunication:/home/upo/turtlebot3_ws/install/VLMProcessing:/home/upo/turtlebot3_ws/install/interfaces:/opt/ros/jazzy', 'SHELL': '/bin/bash', 'QT_ACCESSIBILITY': '1', 'GDMSESSION': 'ubuntu', 'LESSCLOSE': '/usr/bin/lesspipe %s %s', 'GPG_AGENT_INFO': '/run/user/1000/gnupg/S.gpg-agent:0:1', 'ROS_AUTOMATIC_DISCOVERY_RANGE': 'SUBNET', 'VSCODE_GIT_ASKPASS_EXTRA_ARGS': '', 'QT_IM_MODULE': 'ibus', 'PWD': '/home/upo/TFG/ros2_ws/build/userCommunication', 'TURTLEBOT3_MODEL': 'waffle', 'LC_ALL': 'en_US.UTF-8', 'XDG_CONFIG_DIRS': '/etc/xdg/xdg-ubuntu:/etc/xdg', 'COPILOT_DEBUG_NONCE': 'b1d28ae3d882b8fabe7a3762c8804e8c', 'DBUS_STARTER_ADDRESS': 'unix:path=/run/user/1000/bus,guid=363d1e468aca3fabeca0c6d56a4df74b', 'XDG_DATA_DIRS': '/usr/share/ubuntu:/usr/share/gnome:/home/upo/.local/share/flatpak/exports/share:/var/lib/flatpak/exports/share:/usr/local/share/:/usr/share/:/var/lib/snapd/desktop', 'PYTHONPATH': '/home/upo/TFG/ros2_ws/build/userCommunication/prefix_override:/usr/lib/python3/dist-packages/colcon_core/task/python/colcon_distutils_commands:/home/upo/TFG/ros2_ws/install/userCommunication/lib/python3.12/site-packages:/home/upo/turtlebot3_ws/install/userCommunication/lib/python3.12/site-packages:/home/upo/turtlebot3_ws/build/turtlebot3_teleop:/home/upo/turtlebot3_ws/install/turtlebot3_teleop/lib/python3.12/site-packages:/home/upo/turtlebot3_ws/build/turtlebot3_example:/home/upo/turtlebot3_ws/install/turtlebot3_example/lib/python3.12/site-packages:/home/upo/turtlebot3_ws/install/robotMovement/lib/python3.12/site-packages:/home/upo/turtlebot3_ws/install/robotCommunication/lib/python3.12/site-packages:/home/upo/turtlebot3_ws/install/VLMProcessing/lib/python3.12/site-packages:/home/upo/turtlebot3_ws/install/interfaces/lib/python3.12/site-packages:/opt/ros/jazzy/lib/python3.12/site-packages', 'COLCON': '1', 'MEMORY_PRESSURE_WRITE': 'c29tZSAyMDAwMDAgMjAwMDAwMAA=', 'VTE_VERSION': '7600', 'CMAKE_PREFIX_PATH': '/home/upo/turtlebot3_ws/install/turtlebot3:/home/upo/turtlebot3_ws/install/turtlebot3_simulations:/home/upo/turtlebot3_ws/install/turtlebot3_bringup:/home/upo/turtlebot3_ws/install/turtlebot3_node:/home/upo/turtlebot3_ws/install/turtlebot3_navigation2:/home/upo/turtlebot3_ws/install/turtlebot3_gazebo:/home/upo/turtlebot3_ws/install/turtlebot3_fake_node:/home/upo/turtlebot3_ws/install/turtlebot3_description:/home/upo/turtlebot3_ws/install/turtlebot3_cartographer:/home/upo/turtlebot3_ws/install/interfaces:/opt/ros/jazzy/opt/gz_sim_vendor:/opt/ros/jazzy/opt/gz_sensors_vendor:/opt/ros/jazzy/opt/gz_physics_vendor:/opt/ros/jazzy/opt/sdformat_vendor:/opt/ros/jazzy/opt/gz_gui_vendor:/opt/ros/jazzy/opt/gz_transport_vendor:/opt/ros/jazzy/opt/gz_rendering_vendor:/opt/ros/jazzy/opt/gz_plugin_vendor:/opt/ros/jazzy/opt/gz_fuel_tools_vendor:/opt/ros/jazzy/opt/gz_msgs_vendor:/opt/ros/jazzy/opt/gz_common_vendor:/opt/ros/jazzy/opt/gz_math_vendor:/opt/ros/jazzy/opt/gz_utils_vendor:/opt/ros/jazzy/opt/gz_tools_vendor:/opt/ros/jazzy/opt/gz_ogre_next_vendor:/opt/ros/jazzy/opt/gz_dartsim_vendor:/opt/ros/jazzy/opt/gz_cmake_vendor'}, 'shell': False}
[1.502698] (-) TimerEvent: {}
[1.602922] (-) TimerEvent: {}
[1.703281] (-) TimerEvent: {}
[1.776268] (userCommunication) StdoutLine: {'line': b'running develop\n'}
[1.803387] (-) TimerEvent: {}
[1.903685] (-) TimerEvent: {}
[1.982183] (userCommunication) StdoutLine: {'line': b'running egg_info\n'}
[2.001848] (userCommunication) StdoutLine: {'line': b'writing userCommunication.egg-info/PKG-INFO\n'}
[2.002126] (userCommunication) StdoutLine: {'line': b'writing dependency_links to userCommunication.egg-info/dependency_links.txt\n'}
[2.002326] (userCommunication) StdoutLine: {'line': b'writing entry points to userCommunication.egg-info/entry_points.txt\n'}
[2.002587] (userCommunication) StdoutLine: {'line': b'writing requirements to userCommunication.egg-info/requires.txt\n'}
[2.002708] (userCommunication) StdoutLine: {'line': b'writing top-level names to userCommunication.egg-info/top_level.txt\n'}
[2.003741] (-) TimerEvent: {}
[2.036287] (VLMProcessing) Command: {'cmd': ['/usr/bin/python3', '-W', 'ignore:setup.py install is deprecated', '-W', 'ignore:easy_install command is deprecated', 'setup.py', 'develop', '--editable', '--build-directory', '/home/upo/TFG/ros2_ws/build/VLMProcessing/build', '--no-deps', 'symlink_data'], 'cwd': '/home/upo/TFG/ros2_ws/build/VLMProcessing', 'env': {'LESSOPEN': '| /usr/bin/lesspipe %s', 'GZ_SIM_RESOURCE_PATH': '/opt/ros/jazzy/share', 'USER': 'upo', 'GZ_CONFIG_PATH': '/opt/ros/jazzy/opt/gz_sim_vendor/share/gz:/opt/ros/jazzy/opt/sdformat_vendor/share/gz:/opt/ros/jazzy/opt/gz_gui_vendor/share/gz:/opt/ros/jazzy/opt/gz_transport_vendor/share/gz:/opt/ros/jazzy/opt/gz_rendering_vendor/share/gz:/opt/ros/jazzy/opt/gz_plugin_vendor/share/gz:/opt/ros/jazzy/opt/gz_fuel_tools_vendor/share/gz:/opt/ros/jazzy/opt/gz_msgs_vendor/share/gz:/opt/ros/jazzy/opt/gz_common_vendor/share/gz', 'XDG_SESSION_TYPE': 'x11', 'GIT_ASKPASS': '/usr/share/code/resources/app/extensions/git/dist/askpass.sh', 'SHLVL': '3', 'LD_LIBRARY_PATH': '/home/upo/TFG/ros2_ws/install/interfaces/lib:/home/upo/turtlebot3_ws/install/interfaces/lib:/opt/ros/jazzy/opt/gz_sim_vendor/lib:/opt/ros/jazzy/opt/gz_sensors_vendor/lib:/opt/ros/jazzy/opt/gz_physics_vendor/lib:/opt/ros/jazzy/opt/sdformat_vendor/lib:/opt/ros/jazzy/opt/rviz_ogre_vendor/lib:/opt/ros/jazzy/lib/x86_64-linux-gnu:/opt/ros/jazzy/opt/gz_gui_vendor/lib:/opt/ros/jazzy/opt/gz_transport_vendor/lib:/opt/ros/jazzy/opt/gz_rendering_vendor/lib:/opt/ros/jazzy/opt/gz_plugin_vendor/lib:/opt/ros/jazzy/opt/gz_fuel_tools_vendor/lib:/opt/ros/jazzy/opt/gz_msgs_vendor/lib:/opt/ros/jazzy/opt/gz_common_vendor/lib:/opt/ros/jazzy/opt/gz_math_vendor/lib:/opt/ros/jazzy/opt/gz_utils_vendor/lib:/opt/ros/jazzy/opt/gz_tools_vendor/lib:/opt/ros/jazzy/opt/gz_ogre_next_vendor/lib:/opt/ros/jazzy/opt/gz_dartsim_vendor/lib:/opt/ros/jazzy/opt/gz_cmake_vendor/lib:/opt/ros/jazzy/lib', 'HOME': '/home/upo', 'CHROME_DESKTOP': 'code.desktop', 'OLDPWD': '/home/upo/TFG', 'TERM_PROGRAM_VERSION': '1.126.0', 'DESKTOP_SESSION': 'ubuntu', 'ROS_PYTHON_VERSION': '3', 'GNOME_SHELL_SESSION_MODE': 'ubuntu', 'GTK_MODULES': 'gail:atk-bridge', 'VSCODE_GIT_ASKPASS_MAIN': '/usr/share/code/resources/app/extensions/git/dist/askpass-main.js', 'VSCODE_GIT_ASKPASS_NODE': '/usr/share/code/code', 'DBUS_STARTER_BUS_TYPE': 'session', 'SYSTEMD_EXEC_PID': '2495', 'VSCODE_PYTHON_AUTOACTIVATE_GUARD': '1', 'GSM_SKIP_SSH_AGENT_WORKAROUND': 'true', 'DBUS_SESSION_BUS_ADDRESS': 'unix:path=/run/user/1000/bus,guid=363d1e468aca3fabeca0c6d56a4df74b', 'COLORTERM': 'truecolor', 'DEBUGINFOD_URLS': 'https://debuginfod.ubuntu.com', 'COLCON_PREFIX_PATH': '/home/upo/turtlebot3_ws/install', 'ROS_DISTRO': 'jazzy', 'LOGNAME': 'upo', '_': '/usr/bin/colcon', 'ROS_VERSION': '2', 'MEMORY_PRESSURE_WATCH': '/sys/fs/cgroup/user.slice/user-1000.slice/user@1000.service/app.slice/app-gnome\\x2dsession\\x2dmanager.slice/gnome-session-manager@ubuntu.service/memory.pressure', 'CLAUDE_CODE_SSE_PORT': '55408', 'XDG_SESSION_CLASS': 'user', 'USERNAME': 'upo', 'TERM': 'xterm-256color', 'GNOME_DESKTOP_SESSION_ID': 'this-is-deprecated', 'FC_FONTATIONS': '1', 'WINDOWPATH': '2', 'PATH': '/home/upo/platform-tools:/home/upo/.npm-global/bin:/home/upo/.config/Code/User/globalStorage/github.copilot-chat/debugCommand:/home/upo/.config/Code/User/globalStorage/github.copilot-chat/copilotCli:/opt/ros/jazzy/opt/gz_msgs_vendor/bin:/opt/ros/jazzy/opt/gz_tools_vendor/bin:/opt/ros/jazzy/opt/gz_ogre_next_vendor/bin:/opt/ros/jazzy/bin:/home/upo/platform-tools:/home/upo/.npm-global/bin:/home/upo/.local/bin:/usr/local/sbin:/usr/local/bin:/usr/sbin:/usr/bin:/sbin:/bin:/usr/games:/usr/local/games:/snap/bin:/snap/bin', 'SESSION_MANAGER': 'local/upo-ASUS-TUF-Gaming-A15-FA507RR-TUF507RR:@/tmp/.ICE-unix/2495,unix/upo-ASUS-TUF-Gaming-A15-FA507RR-TUF507RR:/tmp/.ICE-unix/2495', 'XDG_MENU_PREFIX': 'gnome-', 'GNOME_TERMINAL_SCREEN': '/org/gnome/Terminal/screen/2478bdcd_4a6f_4f09_acc2_ea0ad9e073f2', 'XDG_RUNTIME_DIR': '/run/user/1000', 'GDK_BACKEND': 'x11', 'DISPLAY': ':0', 'LANG': 'en_US.UTF-8', 'XDG_CURRENT_DESKTOP': 'ubuntu:GNOME', 'XMODIFIERS': '@im=ibus', 'XDG_SESSION_DESKTOP': 'ubuntu', 'XAUTHORITY': '/run/user/1000/gdm/Xauthority', 'LS_COLORS': 'rs=0:di=01;34:ln=01;36:mh=00:pi=40;33:so=01;35:do=01;35:bd=40;33;01:cd=40;33;01:or=40;31;01:mi=00:su=37;41:sg=30;43:ca=00:tw=30;42:ow=34;42:st=37;44:ex=01;32:*.tar=01;31:*.tgz=01;31:*.arc=01;31:*.arj=01;31:*.taz=01;31:*.lha=01;31:*.lz4=01;31:*.lzh=01;31:*.lzma=01;31:*.tlz=01;31:*.txz=01;31:*.tzo=01;31:*.t7z=01;31:*.zip=01;31:*.z=01;31:*.dz=01;31:*.gz=01;31:*.lrz=01;31:*.lz=01;31:*.lzo=01;31:*.xz=01;31:*.zst=01;31:*.tzst=01;31:*.bz2=01;31:*.bz=01;31:*.tbz=01;31:*.tbz2=01;31:*.tz=01;31:*.deb=01;31:*.rpm=01;31:*.jar=01;31:*.war=01;31:*.ear=01;31:*.sar=01;31:*.rar=01;31:*.alz=01;31:*.ace=01;31:*.zoo=01;31:*.cpio=01;31:*.7z=01;31:*.rz=01;31:*.cab=01;31:*.wim=01;31:*.swm=01;31:*.dwm=01;31:*.esd=01;31:*.avif=01;35:*.jpg=01;35:*.jpeg=01;35:*.mjpg=01;35:*.mjpeg=01;35:*.gif=01;35:*.bmp=01;35:*.pbm=01;35:*.pgm=01;35:*.ppm=01;35:*.tga=01;35:*.xbm=01;35:*.xpm=01;35:*.tif=01;35:*.tiff=01;35:*.png=01;35:*.svg=01;35:*.svgz=01;35:*.mng=01;35:*.pcx=01;35:*.mov=01;35:*.mpg=01;35:*.mpeg=01;35:*.m2v=01;35:*.mkv=01;35:*.webm=01;35:*.webp=01;35:*.ogm=01;35:*.mp4=01;35:*.m4v=01;35:*.mp4v=01;35:*.vob=01;35:*.qt=01;35:*.nuv=01;35:*.wmv=01;35:*.asf=01;35:*.rm=01;35:*.rmvb=01;35:*.flc=01;35:*.avi=01;35:*.fli=01;35:*.flv=01;35:*.gl=01;35:*.dl=01;35:*.xcf=01;35:*.xwd=01;35:*.yuv=01;35:*.cgm=01;35:*.emf=01;35:*.ogv=01;35:*.ogx=01;35:*.aac=00;36:*.au=00;36:*.flac=00;36:*.m4a=00;36:*.mid=00;36:*.midi=00;36:*.mka=00;36:*.mp3=00;36:*.mpc=00;36:*.ogg=00;36:*.ra=00;36:*.wav=00;36:*.oga=00;36:*.opus=00;36:*.spx=00;36:*.xspf=00;36:*~=00;90:*#=00;90:*.bak=00;90:*.crdownload=00;90:*.dpkg-dist=00;90:*.dpkg-new=00;90:*.dpkg-old=00;90:*.dpkg-tmp=00;90:*.old=00;90:*.orig=00;90:*.part=00;90:*.rej=00;90:*.rpmnew=00;90:*.rpmorig=00;90:*.rpmsave=00;90:*.swp=00;90:*.tmp=00;90:*.ucf-dist=00;90:*.ucf-new=00;90:*.ucf-old=00;90:', 'VSCODE_GIT_IPC_HANDLE': '/run/user/1000/vscode-git-466a10eeed.sock', 'GNOME_TERMINAL_SERVICE': ':1.153', 'TERM_PROGRAM': 'vscode', 'SSH_AUTH_SOCK': '/run/user/1000/keyring/ssh', 'AMENT_PREFIX_PATH': '/home/upo/TFG/ros2_ws/install/interfaces:/home/upo/turtlebot3_ws/install/userCommunication:/home/upo/turtlebot3_ws/install/turtlebot3:/home/upo/turtlebot3_ws/install/turtlebot3_teleop:/home/upo/turtlebot3_ws/install/turtlebot3_simulations:/home/upo/turtlebot3_ws/install/turtlebot3_bringup:/home/upo/turtlebot3_ws/install/turtlebot3_node:/home/upo/turtlebot3_ws/install/turtlebot3_navigation2:/home/upo/turtlebot3_ws/install/turtlebot3_gazebo:/home/upo/turtlebot3_ws/install/turtlebot3_fake_node:/home/upo/turtlebot3_ws/install/turtlebot3_example:/home/upo/turtlebot3_ws/install/turtlebot3_description:/home/upo/turtlebot3_ws/install/turtlebot3_cartographer:/home/upo/turtlebot3_ws/install/robotMovement:/home/upo/turtlebot3_ws/install/robotCommunication:/home/upo/turtlebot3_ws/install/VLMProcessing:/home/upo/turtlebot3_ws/install/interfaces:/opt/ros/jazzy', 'SHELL': '/bin/bash', 'QT_ACCESSIBILITY': '1', 'GDMSESSION': 'ubuntu', 'LESSCLOSE': '/usr/bin/lesspipe %s %s', 'GPG_AGENT_INFO': '/run/user/1000/gnupg/S.gpg-agent:0:1', 'ROS_AUTOMATIC_DISCOVERY_RANGE': 'SUBNET', 'VSCODE_GIT_ASKPASS_EXTRA_ARGS': '', 'QT_IM_MODULE': 'ibus', 'PWD': '/home/upo/TFG/ros2_ws/build/VLMProcessing', 'TURTLEBOT3_MODEL': 'waffle', 'LC_ALL': 'en_US.UTF-8', 'XDG_CONFIG_DIRS': '/etc/xdg/xdg-ubuntu:/etc/xdg', 'COPILOT_DEBUG_NONCE': 'b1d28ae3d882b8fabe7a3762c8804e8c', 'DBUS_STARTER_ADDRESS': 'unix:path=/run/user/1000/bus,guid=363d1e468aca3fabeca0c6d56a4df74b', 'XDG_DATA_DIRS': '/usr/share/ubuntu:/usr/share/gnome:/home/upo/.local/share/flatpak/exports/share:/var/lib/flatpak/exports/share:/usr/local/share/:/usr/share/:/var/lib/snapd/desktop', 'PYTHONPATH': '/home/upo/TFG/ros2_ws/build/VLMProcessing/prefix_override:/usr/lib/python3/dist-packages/colcon_core/task/python/colcon_distutils_commands:/home/upo/TFG/ros2_ws/install/VLMProcessing/lib/python3.12/site-packages:/home/upo/TFG/ros2_ws/install/interfaces/lib/python3.12/site-packages:/home/upo/turtlebot3_ws/install/userCommunication/lib/python3.12/site-packages:/home/upo/turtlebot3_ws/build/turtlebot3_teleop:/home/upo/turtlebot3_ws/install/turtlebot3_teleop/lib/python3.12/site-packages:/home/upo/turtlebot3_ws/build/turtlebot3_example:/home/upo/turtlebot3_ws/install/turtlebot3_example/lib/python3.12/site-packages:/home/upo/turtlebot3_ws/install/robotMovement/lib/python3.12/site-packages:/home/upo/turtlebot3_ws/install/robotCommunication/lib/python3.12/site-packages:/home/upo/turtlebot3_ws/install/VLMProcessing/lib/python3.12/site-packages:/home/upo/turtlebot3_ws/install/interfaces/lib/python3.12/site-packages:/opt/ros/jazzy/lib/python3.12/site-packages', 'COLCON': '1', 'MEMORY_PRESSURE_WRITE': 'c29tZSAyMDAwMDAgMjAwMDAwMAA=', 'VTE_VERSION': '7600', 'CMAKE_PREFIX_PATH': '/home/upo/TFG/ros2_ws/install/interfaces:/home/upo/turtlebot3_ws/install/turtlebot3:/home/upo/turtlebot3_ws/install/turtlebot3_simulations:/home/upo/turtlebot3_ws/install/turtlebot3_bringup:/home/upo/turtlebot3_ws/install/turtlebot3_node:/home/upo/turtlebot3_ws/install/turtlebot3_navigation2:/home/upo/turtlebot3_ws/install/turtlebot3_gazebo:/home/upo/turtlebot3_ws/install/turtlebot3_fake_node:/home/upo/turtlebot3_ws/install/turtlebot3_description:/home/upo/turtlebot3_ws/install/turtlebot3_cartographer:/home/upo/turtlebot3_ws/install/interfaces:/opt/ros/jazzy/opt/gz_sim_vendor:/opt/ros/jazzy/opt/gz_sensors_vendor:/opt/ros/jazzy/opt/gz_physics_vendor:/opt/ros/jazzy/opt/sdformat_vendor:/opt/ros/jazzy/opt/gz_gui_vendor:/opt/ros/jazzy/opt/gz_transport_vendor:/opt/ros/jazzy/opt/gz_rendering_vendor:/opt/ros/jazzy/opt/gz_plugin_vendor:/opt/ros/jazzy/opt/gz_fuel_tools_vendor:/opt/ros/jazzy/opt/gz_msgs_vendor:/opt/ros/jazzy/opt/gz_common_vendor:/opt/ros/jazzy/opt/gz_math_vendor:/opt/ros/jazzy/opt/gz_utils_vendor:/opt/ros/jazzy/opt/gz_tools_vendor:/opt/ros/jazzy/opt/gz_ogre_next_vendor:/opt/ros/jazzy/opt/gz_dartsim_vendor:/opt/ros/jazzy/opt/gz_cmake_vendor'}, 'shell': False}
[2.038745] (robotCommunication) Command: {'cmd': ['/usr/bin/python3', '-W', 'ignore:setup.py install is deprecated', '-W', 'ignore:easy_install command is deprecated', 'setup.py', 'develop', '--editable', '--build-directory', '/home/upo/TFG/ros2_ws/build/robotCommunication/build', '--no-deps', 'symlink_data'], 'cwd': '/home/upo/TFG/ros2_ws/build/robotCommunication', 'env': {'LESSOPEN': '| /usr/bin/lesspipe %s', 'GZ_SIM_RESOURCE_PATH': '/opt/ros/jazzy/share', 'USER': 'upo', 'GZ_CONFIG_PATH': '/opt/ros/jazzy/opt/gz_sim_vendor/share/gz:/opt/ros/jazzy/opt/sdformat_vendor/share/gz:/opt/ros/jazzy/opt/gz_gui_vendor/share/gz:/opt/ros/jazzy/opt/gz_transport_vendor/share/gz:/opt/ros/jazzy/opt/gz_rendering_vendor/share/gz:/opt/ros/jazzy/opt/gz_plugin_vendor/share/gz:/opt/ros/jazzy/opt/gz_fuel_tools_vendor/share/gz:/opt/ros/jazzy/opt/gz_msgs_vendor/share/gz:/opt/ros/jazzy/opt/gz_common_vendor/share/gz', 'XDG_SESSION_TYPE': 'x11', 'GIT_ASKPASS': '/usr/share/code/resources/app/extensions/git/dist/askpass.sh', 'SHLVL': '3', 'LD_LIBRARY_PATH': '/home/upo/TFG/ros2_ws/install/interfaces/lib:/home/upo/turtlebot3_ws/install/interfaces/lib:/opt/ros/jazzy/opt/gz_sim_vendor/lib:/opt/ros/jazzy/opt/gz_sensors_vendor/lib:/opt/ros/jazzy/opt/gz_physics_vendor/lib:/opt/ros/jazzy/opt/sdformat_vendor/lib:/opt/ros/jazzy/opt/rviz_ogre_vendor/lib:/opt/ros/jazzy/lib/x86_64-linux-gnu:/opt/ros/jazzy/opt/gz_gui_vendor/lib:/opt/ros/jazzy/opt/gz_transport_vendor/lib:/opt/ros/jazzy/opt/gz_rendering_vendor/lib:/opt/ros/jazzy/opt/gz_plugin_vendor/lib:/opt/ros/jazzy/opt/gz_fuel_tools_vendor/lib:/opt/ros/jazzy/opt/gz_msgs_vendor/lib:/opt/ros/jazzy/opt/gz_common_vendor/lib:/opt/ros/jazzy/opt/gz_math_vendor/lib:/opt/ros/jazzy/opt/gz_utils_vendor/lib:/opt/ros/jazzy/opt/gz_tools_vendor/lib:/opt/ros/jazzy/opt/gz_ogre_next_vendor/lib:/opt/ros/jazzy/opt/gz_dartsim_vendor/lib:/opt/ros/jazzy/opt/gz_cmake_vendor/lib:/opt/ros/jazzy/lib', 'HOME': '/home/upo', 'CHROME_DESKTOP': 'code.desktop', 'OLDPWD': '/home/upo/TFG', 'TERM_PROGRAM_VERSION': '1.126.0', 'DESKTOP_SESSION': 'ubuntu', 'ROS_PYTHON_VERSION': '3', 'GNOME_SHELL_SESSION_MODE': 'ubuntu', 'GTK_MODULES': 'gail:atk-bridge', 'VSCODE_GIT_ASKPASS_MAIN': '/usr/share/code/resources/app/extensions/git/dist/askpass-main.js', 'VSCODE_GIT_ASKPASS_NODE': '/usr/share/code/code', 'DBUS_STARTER_BUS_TYPE': 'session', 'SYSTEMD_EXEC_PID': '2495', 'VSCODE_PYTHON_AUTOACTIVATE_GUARD': '1', 'GSM_SKIP_SSH_AGENT_WORKAROUND': 'true', 'DBUS_SESSION_BUS_ADDRESS': 'unix:path=/run/user/1000/bus,guid=363d1e468aca3fabeca0c6d56a4df74b', 'COLORTERM': 'truecolor', 'DEBUGINFOD_URLS': 'https://debuginfod.ubuntu.com', 'COLCON_PREFIX_PATH': '/home/upo/turtlebot3_ws/install', 'ROS_DISTRO': 'jazzy', 'LOGNAME': 'upo', '_': '/usr/bin/colcon', 'ROS_VERSION': '2', 'MEMORY_PRESSURE_WATCH': '/sys/fs/cgroup/user.slice/user-1000.slice/user@1000.service/app.slice/app-gnome\\x2dsession\\x2dmanager.slice/gnome-session-manager@ubuntu.service/memory.pressure', 'CLAUDE_CODE_SSE_PORT': '55408', 'XDG_SESSION_CLASS': 'user', 'USERNAME': 'upo', 'TERM': 'xterm-256color', 'GNOME_DESKTOP_SESSION_ID': 'this-is-deprecated', 'FC_FONTATIONS': '1', 'WINDOWPATH': '2', 'PATH': '/home/upo/platform-tools:/home/upo/.npm-global/bin:/home/upo/.config/Code/User/globalStorage/github.copilot-chat/debugCommand:/home/upo/.config/Code/User/globalStorage/github.copilot-chat/copilotCli:/opt/ros/jazzy/opt/gz_msgs_vendor/bin:/opt/ros/jazzy/opt/gz_tools_vendor/bin:/opt/ros/jazzy/opt/gz_ogre_next_vendor/bin:/opt/ros/jazzy/bin:/home/upo/platform-tools:/home/upo/.npm-global/bin:/home/upo/.local/bin:/usr/local/sbin:/usr/local/bin:/usr/sbin:/usr/bin:/sbin:/bin:/usr/games:/usr/local/games:/snap/bin:/snap/bin', 'SESSION_MANAGER': 'local/upo-ASUS-TUF-Gaming-A15-FA507RR-TUF507RR:@/tmp/.ICE-unix/2495,unix/upo-ASUS-TUF-Gaming-A15-FA507RR-TUF507RR:/tmp/.ICE-unix/2495', 'XDG_MENU_PREFIX': 'gnome-', 'GNOME_TERMINAL_SCREEN': '/org/gnome/Terminal/screen/2478bdcd_4a6f_4f09_acc2_ea0ad9e073f2', 'XDG_RUNTIME_DIR': '/run/user/1000', 'GDK_BACKEND': 'x11', 'DISPLAY': ':0', 'LANG': 'en_US.UTF-8', 'XDG_CURRENT_DESKTOP': 'ubuntu:GNOME', 'XMODIFIERS': '@im=ibus', 'XDG_SESSION_DESKTOP': 'ubuntu', 'XAUTHORITY': '/run/user/1000/gdm/Xauthority', 'LS_COLORS': 'rs=0:di=01;34:ln=01;36:mh=00:pi=40;33:so=01;35:do=01;35:bd=40;33;01:cd=40;33;01:or=40;31;01:mi=00:su=37;41:sg=30;43:ca=00:tw=30;42:ow=34;42:st=37;44:ex=01;32:*.tar=01;31:*.tgz=01;31:*.arc=01;31:*.arj=01;31:*.taz=01;31:*.lha=01;31:*.lz4=01;31:*.lzh=01;31:*.lzma=01;31:*.tlz=01;31:*.txz=01;31:*.tzo=01;31:*.t7z=01;31:*.zip=01;31:*.z=01;31:*.dz=01;31:*.gz=01;31:*.lrz=01;31:*.lz=01;31:*.lzo=01;31:*.xz=01;31:*.zst=01;31:*.tzst=01;31:*.bz2=01;31:*.bz=01;31:*.tbz=01;31:*.tbz2=01;31:*.tz=01;31:*.deb=01;31:*.rpm=01;31:*.jar=01;31:*.war=01;31:*.ear=01;31:*.sar=01;31:*.rar=01;31:*.alz=01;31:*.ace=01;31:*.zoo=01;31:*.cpio=01;31:*.7z=01;31:*.rz=01;31:*.cab=01;31:*.wim=01;31:*.swm=01;31:*.dwm=01;31:*.esd=01;31:*.avif=01;35:*.jpg=01;35:*.jpeg=01;35:*.mjpg=01;35:*.mjpeg=01;35:*.gif=01;35:*.bmp=01;35:*.pbm=01;35:*.pgm=01;35:*.ppm=01;35:*.tga=01;35:*.xbm=01;35:*.xpm=01;35:*.tif=01;35:*.tiff=01;35:*.png=01;35:*.svg=01;35:*.svgz=01;35:*.mng=01;35:*.pcx=01;35:*.mov=01;35:*.mpg=01;35:*.mpeg=01;35:*.m2v=01;35:*.mkv=01;35:*.webm=01;35:*.webp=01;35:*.ogm=01;35:*.mp4=01;35:*.m4v=01;35:*.mp4v=01;35:*.vob=01;35:*.qt=01;35:*.nuv=01;35:*.wmv=01;35:*.asf=01;35:*.rm=01;35:*.rmvb=01;35:*.flc=01;35:*.avi=01;35:*.fli=01;35:*.flv=01;35:*.gl=01;35:*.dl=01;35:*.xcf=01;35:*.xwd=01;35:*.yuv=01;35:*.cgm=01;35:*.emf=01;35:*.ogv=01;35:*.ogx=01;35:*.aac=00;36:*.au=00;36:*.flac=00;36:*.m4a=00;36:*.mid=00;36:*.midi=00;36:*.mka=00;36:*.mp3=00;36:*.mpc=00;36:*.ogg=00;36:*.ra=00;36:*.wav=00;36:*.oga=00;36:*.opus=00;36:*.spx=00;36:*.xspf=00;36:*~=00;90:*#=00;90:*.bak=00;90:*.crdownload=00;90:*.dpkg-dist=00;90:*.dpkg-new=00;90:*.dpkg-old=00;90:*.dpkg-tmp=00;90:*.old=00;90:*.orig=00;90:*.part=00;90:*.rej=00;90:*.rpmnew=00;90:*.rpmorig=00;90:*.rpmsave=00;90:*.swp=00;90:*.tmp=00;90:*.ucf-dist=00;90:*.ucf-new=00;90:*.ucf-old=00;90:', 'VSCODE_GIT_IPC_HANDLE': '/run/user/1000/vscode-git-466a10eeed.sock', 'GNOME_TERMINAL_SERVICE': ':1.153', 'TERM_PROGRAM': 'vscode', 'SSH_AUTH_SOCK': '/run/user/1000/keyring/ssh', 'AMENT_PREFIX_PATH': '/home/upo/TFG/ros2_ws/install/interfaces:/home/upo/turtlebot3_ws/install/userCommunication:/home/upo/turtlebot3_ws/install/turtlebot3:/home/upo/turtlebot3_ws/install/turtlebot3_teleop:/home/upo/turtlebot3_ws/install/turtlebot3_simulations:/home/upo/turtlebot3_ws/install/turtlebot3_bringup:/home/upo/turtlebot3_ws/install/turtlebot3_node:/home/upo/turtlebot3_ws/install/turtlebot3_navigation2:/home/upo/turtlebot3_ws/install/turtlebot3_gazebo:/home/upo/turtlebot3_ws/install/turtlebot3_fake_node:/home/upo/turtlebot3_ws/install/turtlebot3_example:/home/upo/turtlebot3_ws/install/turtlebot3_description:/home/upo/turtlebot3_ws/install/turtlebot3_cartographer:/home/upo/turtlebot3_ws/install/robotMovement:/home/upo/turtlebot3_ws/install/robotCommunication:/home/upo/turtlebot3_ws/install/VLMProcessing:/home/upo/turtlebot3_ws/install/interfaces:/opt/ros/jazzy', 'SHELL': '/bin/bash', 'QT_ACCESSIBILITY': '1', 'GDMSESSION': 'ubuntu', 'LESSCLOSE': '/usr/bin/lesspipe %s %s', 'GPG_AGENT_INFO': '/run/user/1000/gnupg/S.gpg-agent:0:1', 'ROS_AUTOMATIC_DISCOVERY_RANGE': 'SUBNET', 'VSCODE_GIT_ASKPASS_EXTRA_ARGS': '', 'QT_IM_MODULE': 'ibus', 'PWD': '/home/upo/TFG/ros2_ws/build/robotCommunication', 'TURTLEBOT3_MODEL': 'waffle', 'LC_ALL': 'en_US.UTF-8', 'XDG_CONFIG_DIRS': '/etc/xdg/xdg-ubuntu:/etc/xdg', 'COPILOT_DEBUG_NONCE': 'b1d28ae3d882b8fabe7a3762c8804e8c', 'DBUS_STARTER_ADDRESS': 'unix:path=/run/user/1000/bus,guid=363d1e468aca3fabeca0c6d56a4df74b', 'XDG_DATA_DIRS': '/usr/share/ubuntu:/usr/share/gnome:/home/upo/.local/share/flatpak/exports/share:/var/lib/flatpak/exports/share:/usr/local/share/:/usr/share/:/var/lib/snapd/desktop', 'PYTHONPATH': '/home/upo/TFG/ros2_ws/build/robotCommunication/prefix_override:/usr/lib/python3/dist-packages/colcon_core/task/python/colcon_distutils_commands:/home/upo/TFG/ros2_ws/install/robotCommunication/lib/python3.12/site-packages:/home/upo/TFG/ros2_ws/install/interfaces/lib/python3.12/site-packages:/home/upo/turtlebot3_ws/install/userCommunication/lib/python3.12/site-packages:/home/upo/turtlebot3_ws/build/turtlebot3_teleop:/home/upo/turtlebot3_ws/install/turtlebot3_teleop/lib/python3.12/site-packages:/home/upo/turtlebot3_ws/build/turtlebot3_example:/home/upo/turtlebot3_ws/install/turtlebot3_example/lib/python3.12/site-packages:/home/upo/turtlebot3_ws/install/robotMovement/lib/python3.12/site-packages:/home/upo/turtlebot3_ws/install/robotCommunication/lib/python3.12/site-packages:/home/upo/turtlebot3_ws/install/VLMProcessing/lib/python3.12/site-packages:/home/upo/turtlebot3_ws/install/interfaces/lib/python3.12/site-packages:/opt/ros/jazzy/lib/python3.12/site-packages', 'COLCON': '1', 'MEMORY_PRESSURE_WRITE': 'c29tZSAyMDAwMDAgMjAwMDAwMAA=', 'VTE_VERSION': '7600', 'CMAKE_PREFIX_PATH': '/home/upo/TFG/ros2_ws/install/interfaces:/home/upo/turtlebot3_ws/install/turtlebot3:/home/upo/turtlebot3_ws/install/turtlebot3_simulations:/home/upo/turtlebot3_ws/install/turtlebot3_bringup:/home/upo/turtlebot3_ws/install/turtlebot3_node:/home/upo/turtlebot3_ws/install/turtlebot3_navigation2:/home/upo/turtlebot3_ws/install/turtlebot3_gazebo:/home/upo/turtlebot3_ws/install/turtlebot3_fake_node:/home/upo/turtlebot3_ws/install/turtlebot3_description:/home/upo/turtlebot3_ws/install/turtlebot3_cartographer:/home/upo/turtlebot3_ws/install/interfaces:/opt/ros/jazzy/opt/gz_sim_vendor:/opt/ros/jazzy/opt/gz_sensors_vendor:/opt/ros/jazzy/opt/gz_physics_vendor:/opt/ros/jazzy/opt/sdformat_vendor:/opt/ros/jazzy/opt/gz_gui_vendor:/opt/ros/jazzy/opt/gz_transport_vendor:/opt/ros/jazzy/opt/gz_rendering_vendor:/opt/ros/jazzy/opt/gz_plugin_vendor:/opt/ros/jazzy/opt/gz_fuel_tools_vendor:/opt/ros/jazzy/opt/gz_msgs_vendor:/opt/ros/jazzy/opt/gz_common_vendor:/opt/ros/jazzy/opt/gz_math_vendor:/opt/ros/jazzy/opt/gz_utils_vendor:/opt/ros/jazzy/opt/gz_tools_vendor:/opt/ros/jazzy/opt/gz_ogre_next_vendor:/opt/ros/jazzy/opt/gz_dartsim_vendor:/opt/ros/jazzy/opt/gz_cmake_vendor'}, 'shell': False}
[2.042552] (userCommunication) StdoutLine: {'line': b"reading manifest file 'userCommunication.egg-info/SOURCES.txt'\n"}
[2.043373] (userCommunication) StdoutLine: {'line': b"writing manifest file 'userCommunication.egg-info/SOURCES.txt'\n"}
[2.054812] (robotMovement) Command: {'cmd': ['/usr/bin/python3', '-W', 'ignore:setup.py install is deprecated', '-W', 'ignore:easy_install command is deprecated', 'setup.py', 'develop', '--editable', '--build-directory', '/home/upo/TFG/ros2_ws/build/robotMovement/build', '--no-deps', 'symlink_data'], 'cwd': '/home/upo/TFG/ros2_ws/build/robotMovement', 'env': {'LESSOPEN': '| /usr/bin/lesspipe %s', 'GZ_SIM_RESOURCE_PATH': '/opt/ros/jazzy/share', 'USER': 'upo', 'GZ_CONFIG_PATH': '/opt/ros/jazzy/opt/gz_sim_vendor/share/gz:/opt/ros/jazzy/opt/sdformat_vendor/share/gz:/opt/ros/jazzy/opt/gz_gui_vendor/share/gz:/opt/ros/jazzy/opt/gz_transport_vendor/share/gz:/opt/ros/jazzy/opt/gz_rendering_vendor/share/gz:/opt/ros/jazzy/opt/gz_plugin_vendor/share/gz:/opt/ros/jazzy/opt/gz_fuel_tools_vendor/share/gz:/opt/ros/jazzy/opt/gz_msgs_vendor/share/gz:/opt/ros/jazzy/opt/gz_common_vendor/share/gz', 'XDG_SESSION_TYPE': 'x11', 'GIT_ASKPASS': '/usr/share/code/resources/app/extensions/git/dist/askpass.sh', 'SHLVL': '3', 'LD_LIBRARY_PATH': '/home/upo/TFG/ros2_ws/install/interfaces/lib:/home/upo/turtlebot3_ws/install/interfaces/lib:/opt/ros/jazzy/opt/gz_sim_vendor/lib:/opt/ros/jazzy/opt/gz_sensors_vendor/lib:/opt/ros/jazzy/opt/gz_physics_vendor/lib:/opt/ros/jazzy/opt/sdformat_vendor/lib:/opt/ros/jazzy/opt/rviz_ogre_vendor/lib:/opt/ros/jazzy/lib/x86_64-linux-gnu:/opt/ros/jazzy/opt/gz_gui_vendor/lib:/opt/ros/jazzy/opt/gz_transport_vendor/lib:/opt/ros/jazzy/opt/gz_rendering_vendor/lib:/opt/ros/jazzy/opt/gz_plugin_vendor/lib:/opt/ros/jazzy/opt/gz_fuel_tools_vendor/lib:/opt/ros/jazzy/opt/gz_msgs_vendor/lib:/opt/ros/jazzy/opt/gz_common_vendor/lib:/opt/ros/jazzy/opt/gz_math_vendor/lib:/opt/ros/jazzy/opt/gz_utils_vendor/lib:/opt/ros/jazzy/opt/gz_tools_vendor/lib:/opt/ros/jazzy/opt/gz_ogre_next_vendor/lib:/opt/ros/jazzy/opt/gz_dartsim_vendor/lib:/opt/ros/jazzy/opt/gz_cmake_vendor/lib:/opt/ros/jazzy/lib', 'HOME': '/home/upo', 'CHROME_DESKTOP': 'code.desktop', 'OLDPWD': '/home/upo/TFG', 'TERM_PROGRAM_VERSION': '1.126.0', 'DESKTOP_SESSION': 'ubuntu', 'ROS_PYTHON_VERSION': '3', 'GNOME_SHELL_SESSION_MODE': 'ubuntu', 'GTK_MODULES': 'gail:atk-bridge', 'VSCODE_GIT_ASKPASS_MAIN': '/usr/share/code/resources/app/extensions/git/dist/askpass-main.js', 'VSCODE_GIT_ASKPASS_NODE': '/usr/share/code/code', 'DBUS_STARTER_BUS_TYPE': 'session', 'SYSTEMD_EXEC_PID': '2495', 'VSCODE_PYTHON_AUTOACTIVATE_GUARD': '1', 'GSM_SKIP_SSH_AGENT_WORKAROUND': 'true', 'DBUS_SESSION_BUS_ADDRESS': 'unix:path=/run/user/1000/bus,guid=363d1e468aca3fabeca0c6d56a4df74b', 'COLORTERM': 'truecolor', 'DEBUGINFOD_URLS': 'https://debuginfod.ubuntu.com', 'COLCON_PREFIX_PATH': '/home/upo/turtlebot3_ws/install', 'ROS_DISTRO': 'jazzy', 'LOGNAME': 'upo', '_': '/usr/bin/colcon', 'ROS_VERSION': '2', 'MEMORY_PRESSURE_WATCH': '/sys/fs/cgroup/user.slice/user-1000.slice/user@1000.service/app.slice/app-gnome\\x2dsession\\x2dmanager.slice/gnome-session-manager@ubuntu.service/memory.pressure', 'CLAUDE_CODE_SSE_PORT': '55408', 'XDG_SESSION_CLASS': 'user', 'USERNAME': 'upo', 'TERM': 'xterm-256color', 'GNOME_DESKTOP_SESSION_ID': 'this-is-deprecated', 'FC_FONTATIONS': '1', 'WINDOWPATH': '2', 'PATH': '/home/upo/platform-tools:/home/upo/.npm-global/bin:/home/upo/.config/Code/User/globalStorage/github.copilot-chat/debugCommand:/home/upo/.config/Code/User/globalStorage/github.copilot-chat/copilotCli:/opt/ros/jazzy/opt/gz_msgs_vendor/bin:/opt/ros/jazzy/opt/gz_tools_vendor/bin:/opt/ros/jazzy/opt/gz_ogre_next_vendor/bin:/opt/ros/jazzy/bin:/home/upo/platform-tools:/home/upo/.npm-global/bin:/home/upo/.local/bin:/usr/local/sbin:/usr/local/bin:/usr/sbin:/usr/bin:/sbin:/bin:/usr/games:/usr/local/games:/snap/bin:/snap/bin', 'SESSION_MANAGER': 'local/upo-ASUS-TUF-Gaming-A15-FA507RR-TUF507RR:@/tmp/.ICE-unix/2495,unix/upo-ASUS-TUF-Gaming-A15-FA507RR-TUF507RR:/tmp/.ICE-unix/2495', 'XDG_MENU_PREFIX': 'gnome-', 'GNOME_TERMINAL_SCREEN': '/org/gnome/Terminal/screen/2478bdcd_4a6f_4f09_acc2_ea0ad9e073f2', 'XDG_RUNTIME_DIR': '/run/user/1000', 'GDK_BACKEND': 'x11', 'DISPLAY': ':0', 'LANG': 'en_US.UTF-8', 'XDG_CURRENT_DESKTOP': 'ubuntu:GNOME', 'XMODIFIERS': '@im=ibus', 'XDG_SESSION_DESKTOP': 'ubuntu', 'XAUTHORITY': '/run/user/1000/gdm/Xauthority', 'LS_COLORS': 'rs=0:di=01;34:ln=01;36:mh=00:pi=40;33:so=01;35:do=01;35:bd=40;33;01:cd=40;33;01:or=40;31;01:mi=00:su=37;41:sg=30;43:ca=00:tw=30;42:ow=34;42:st=37;44:ex=01;32:*.tar=01;31:*.tgz=01;31:*.arc=01;31:*.arj=01;31:*.taz=01;31:*.lha=01;31:*.lz4=01;31:*.lzh=01;31:*.lzma=01;31:*.tlz=01;31:*.txz=01;31:*.tzo=01;31:*.t7z=01;31:*.zip=01;31:*.z=01;31:*.dz=01;31:*.gz=01;31:*.lrz=01;31:*.lz=01;31:*.lzo=01;31:*.xz=01;31:*.zst=01;31:*.tzst=01;31:*.bz2=01;31:*.bz=01;31:*.tbz=01;31:*.tbz2=01;31:*.tz=01;31:*.deb=01;31:*.rpm=01;31:*.jar=01;31:*.war=01;31:*.ear=01;31:*.sar=01;31:*.rar=01;31:*.alz=01;31:*.ace=01;31:*.zoo=01;31:*.cpio=01;31:*.7z=01;31:*.rz=01;31:*.cab=01;31:*.wim=01;31:*.swm=01;31:*.dwm=01;31:*.esd=01;31:*.avif=01;35:*.jpg=01;35:*.jpeg=01;35:*.mjpg=01;35:*.mjpeg=01;35:*.gif=01;35:*.bmp=01;35:*.pbm=01;35:*.pgm=01;35:*.ppm=01;35:*.tga=01;35:*.xbm=01;35:*.xpm=01;35:*.tif=01;35:*.tiff=01;35:*.png=01;35:*.svg=01;35:*.svgz=01;35:*.mng=01;35:*.pcx=01;35:*.mov=01;35:*.mpg=01;35:*.mpeg=01;35:*.m2v=01;35:*.mkv=01;35:*.webm=01;35:*.webp=01;35:*.ogm=01;35:*.mp4=01;35:*.m4v=01;35:*.mp4v=01;35:*.vob=01;35:*.qt=01;35:*.nuv=01;35:*.wmv=01;35:*.asf=01;35:*.rm=01;35:*.rmvb=01;35:*.flc=01;35:*.avi=01;35:*.fli=01;35:*.flv=01;35:*.gl=01;35:*.dl=01;35:*.xcf=01;35:*.xwd=01;35:*.yuv=01;35:*.cgm=01;35:*.emf=01;35:*.ogv=01;35:*.ogx=01;35:*.aac=00;36:*.au=00;36:*.flac=00;36:*.m4a=00;36:*.mid=00;36:*.midi=00;36:*.mka=00;36:*.mp3=00;36:*.mpc=00;36:*.ogg=00;36:*.ra=00;36:*.wav=00;36:*.oga=00;36:*.opus=00;36:*.spx=00;36:*.xspf=00;36:*~=00;90:*#=00;90:*.bak=00;90:*.crdownload=00;90:*.dpkg-dist=00;90:*.dpkg-new=00;90:*.dpkg-old=00;90:*.dpkg-tmp=00;90:*.old=00;90:*.orig=00;90:*.part=00;90:*.rej=00;90:*.rpmnew=00;90:*.rpmorig=00;90:*.rpmsave=00;90:*.swp=00;90:*.tmp=00;90:*.ucf-dist=00;90:*.ucf-new=00;90:*.ucf-old=00;90:', 'VSCODE_GIT_IPC_HANDLE': '/run/user/1000/vscode-git-466a10eeed.sock', 'GNOME_TERMINAL_SERVICE': ':1.153', 'TERM_PROGRAM': 'vscode', 'SSH_AUTH_SOCK': '/run/user/1000/keyring/ssh', 'AMENT_PREFIX_PATH': '/home/upo/TFG/ros2_ws/install/interfaces:/home/upo/turtlebot3_ws/install/userCommunication:/home/upo/turtlebot3_ws/install/turtlebot3:/home/upo/turtlebot3_ws/install/turtlebot3_teleop:/home/upo/turtlebot3_ws/install/turtlebot3_simulations:/home/upo/turtlebot3_ws/install/turtlebot3_bringup:/home/upo/turtlebot3_ws/install/turtlebot3_node:/home/upo/turtlebot3_ws/install/turtlebot3_navigation2:/home/upo/turtlebot3_ws/install/turtlebot3_gazebo:/home/upo/turtlebot3_ws/install/turtlebot3_fake_node:/home/upo/turtlebot3_ws/install/turtlebot3_example:/home/upo/turtlebot3_ws/install/turtlebot3_description:/home/upo/turtlebot3_ws/install/turtlebot3_cartographer:/home/upo/turtlebot3_ws/install/robotMovement:/home/upo/turtlebot3_ws/install/robotCommunication:/home/upo/turtlebot3_ws/install/VLMProcessing:/home/upo/turtlebot3_ws/install/interfaces:/opt/ros/jazzy', 'SHELL': '/bin/bash', 'QT_ACCESSIBILITY': '1', 'GDMSESSION': 'ubuntu', 'LESSCLOSE': '/usr/bin/lesspipe %s %s', 'GPG_AGENT_INFO': '/run/user/1000/gnupg/S.gpg-agent:0:1', 'ROS_AUTOMATIC_DISCOVERY_RANGE': 'SUBNET', 'VSCODE_GIT_ASKPASS_EXTRA_ARGS': '', 'QT_IM_MODULE': 'ibus', 'PWD': '/home/upo/TFG/ros2_ws/build/robotMovement', 'TURTLEBOT3_MODEL': 'waffle', 'LC_ALL': 'en_US.UTF-8', 'XDG_CONFIG_DIRS': '/etc/xdg/xdg-ubuntu:/etc/xdg', 'COPILOT_DEBUG_NONCE': 'b1d28ae3d882b8fabe7a3762c8804e8c', 'DBUS_STARTER_ADDRESS': 'unix:path=/run/user/1000/bus,guid=363d1e468aca3fabeca0c6d56a4df74b', 'XDG_DATA_DIRS': '/usr/share/ubuntu:/usr/share/gnome:/home/upo/.local/share/flatpak/exports/share:/var/lib/flatpak/exports/share:/usr/local/share/:/usr/share/:/var/lib/snapd/desktop', 'PYTHONPATH': '/home/upo/TFG/ros2_ws/build/robotMovement/prefix_override:/usr/lib/python3/dist-packages/colcon_core/task/python/colcon_distutils_commands:/home/upo/TFG/ros2_ws/install/robotMovement/lib/python3.12/site-packages:/home/upo/TFG/ros2_ws/install/interfaces/lib/python3.12/site-packages:/home/upo/turtlebot3_ws/install/userCommunication/lib/python3.12/site-packages:/home/upo/turtlebot3_ws/build/turtlebot3_teleop:/home/upo/turtlebot3_ws/install/turtlebot3_teleop/lib/python3.12/site-packages:/home/upo/turtlebot3_ws/build/turtlebot3_example:/home/upo/turtlebot3_ws/install/turtlebot3_example/lib/python3.12/site-packages:/home/upo/turtlebot3_ws/install/robotMovement/lib/python3.12/site-packages:/home/upo/turtlebot3_ws/install/robotCommunication/lib/python3.12/site-packages:/home/upo/turtlebot3_ws/install/VLMProcessing/lib/python3.12/site-packages:/home/upo/turtlebot3_ws/install/interfaces/lib/python3.12/site-packages:/opt/ros/jazzy/lib/python3.12/site-packages', 'COLCON': '1', 'MEMORY_PRESSURE_WRITE': 'c29tZSAyMDAwMDAgMjAwMDAwMAA=', 'VTE_VERSION': '7600', 'CMAKE_PREFIX_PATH': '/home/upo/TFG/ros2_ws/install/interfaces:/home/upo/turtlebot3_ws/install/turtlebot3:/home/upo/turtlebot3_ws/install/turtlebot3_simulations:/home/upo/turtlebot3_ws/install/turtlebot3_bringup:/home/upo/turtlebot3_ws/install/turtlebot3_node:/home/upo/turtlebot3_ws/install/turtlebot3_navigation2:/home/upo/turtlebot3_ws/install/turtlebot3_gazebo:/home/upo/turtlebot3_ws/install/turtlebot3_fake_node:/home/upo/turtlebot3_ws/install/turtlebot3_description:/home/upo/turtlebot3_ws/install/turtlebot3_cartographer:/home/upo/turtlebot3_ws/install/interfaces:/opt/ros/jazzy/opt/gz_sim_vendor:/opt/ros/jazzy/opt/gz_sensors_vendor:/opt/ros/jazzy/opt/gz_physics_vendor:/opt/ros/jazzy/opt/sdformat_vendor:/opt/ros/jazzy/opt/gz_gui_vendor:/opt/ros/jazzy/opt/gz_transport_vendor:/opt/ros/jazzy/opt/gz_rendering_vendor:/opt/ros/jazzy/opt/gz_plugin_vendor:/opt/ros/jazzy/opt/gz_fuel_tools_vendor:/opt/ros/jazzy/opt/gz_msgs_vendor:/opt/ros/jazzy/opt/gz_common_vendor:/opt/ros/jazzy/opt/gz_math_vendor:/opt/ros/jazzy/opt/gz_utils_vendor:/opt/ros/jazzy/opt/gz_tools_vendor:/opt/ros/jazzy/opt/gz_ogre_next_vendor:/opt/ros/jazzy/opt/gz_dartsim_vendor:/opt/ros/jazzy/opt/gz_cmake_vendor'}, 'shell': False}
[2.064180] (userCommunication) StdoutLine: {'line': b'running build_ext\n'}
[2.064510] (userCommunication) StdoutLine: {'line': b'Creating /home/upo/TFG/ros2_ws/install/userCommunication/lib/python3.12/site-packages/userCommunication.egg-link (link to .)\n'}
[2.064953] (userCommunication) StdoutLine: {'line': b'Installing userCommunication script to /home/upo/TFG/ros2_ws/install/userCommunication/lib/userCommunication\n'}
[2.065199] (userCommunication) StdoutLine: {'line': b'\n'}
[2.065395] (userCommunication) StdoutLine: {'line': b'Installed /home/upo/TFG/ros2_ws/build/userCommunication\n'}
[2.065535] (userCommunication) StdoutLine: {'line': b'running symlink_data\n'}
[2.103852] (-) TimerEvent: {}
[2.108141] (userCommunication) CommandEnded: {'returncode': 0}
[2.115226] (userCommunication) JobEnded: {'identifier': 'userCommunication', 'rc': 0}
[2.203953] (-) TimerEvent: {}
[2.304244] (-) TimerEvent: {}
[2.346145] (robotCommunication) StdoutLine: {'line': b'running develop\n'}
[2.359366] (VLMProcessing) StdoutLine: {'line': b'running develop\n'}
[2.372924] (robotMovement) StdoutLine: {'line': b'running develop\n'}
[2.404272] (-) TimerEvent: {}
[2.504549] (-) TimerEvent: {}
[2.541259] (robotCommunication) StdoutLine: {'line': b'running egg_info\n'}
[2.561161] (robotCommunication) StdoutLine: {'line': b'writing robotCommunication.egg-info/PKG-INFO\n'}
[2.561370] (robotCommunication) StdoutLine: {'line': b'writing dependency_links to robotCommunication.egg-info/dependency_links.txt\n'}
[2.561518] (robotCommunication) StdoutLine: {'line': b'writing entry points to robotCommunication.egg-info/entry_points.txt\n'}
[2.561631] (robotCommunication) StdoutLine: {'line': b'writing requirements to robotCommunication.egg-info/requires.txt\n'}
[2.561736] (robotCommunication) StdoutLine: {'line': b'writing top-level names to robotCommunication.egg-info/top_level.txt\n'}
[2.574437] (VLMProcessing) StdoutLine: {'line': b'running egg_info\n'}
[2.578399] (robotMovement) StdoutLine: {'line': b'running egg_info\n'}
[2.596997] (VLMProcessing) StdoutLine: {'line': b'writing VLMProcessing.egg-info/PKG-INFO\n'}
[2.597306] (VLMProcessing) StdoutLine: {'line': b'writing dependency_links to VLMProcessing.egg-info/dependency_links.txt\n'}
[2.597527] (VLMProcessing) StdoutLine: {'line': b'writing entry points to VLMProcessing.egg-info/entry_points.txt\n'}
[2.597715] (VLMProcessing) StdoutLine: {'line': b'writing requirements to VLMProcessing.egg-info/requires.txt\n'}
[2.597904] (VLMProcessing) StdoutLine: {'line': b'writing top-level names to VLMProcessing.egg-info/top_level.txt\n'}
[2.598062] (robotMovement) StdoutLine: {'line': b'writing robotMovement.egg-info/PKG-INFO\n'}
[2.598282] (robotMovement) StdoutLine: {'line': b'writing dependency_links to robotMovement.egg-info/dependency_links.txt\n'}
[2.598377] (robotMovement) StdoutLine: {'line': b'writing entry points to robotMovement.egg-info/entry_points.txt\n'}
[2.598475] (robotMovement) StdoutLine: {'line': b'writing requirements to robotMovement.egg-info/requires.txt\n'}
[2.598571] (robotMovement) StdoutLine: {'line': b'writing top-level names to robotMovement.egg-info/top_level.txt\n'}
[2.599704] (robotCommunication) StdoutLine: {'line': b"reading manifest file 'robotCommunication.egg-info/SOURCES.txt'\n"}
[2.600361] (robotCommunication) StdoutLine: {'line': b"writing manifest file 'robotCommunication.egg-info/SOURCES.txt'\n"}
[2.604622] (-) TimerEvent: {}
[2.621045] (robotCommunication) StdoutLine: {'line': b'running build_ext\n'}
[2.621291] (robotCommunication) StdoutLine: {'line': b'Creating /home/upo/TFG/ros2_ws/install/robotCommunication/lib/python3.12/site-packages/robotCommunication.egg-link (link to .)\n'}
[2.621671] (robotCommunication) StdoutLine: {'line': b'Installing robotCommunication script to /home/upo/TFG/ros2_ws/install/robotCommunication/lib/robotCommunication\n'}
[2.621884] (robotCommunication) StdoutLine: {'line': b'\n'}
[2.622056] (robotCommunication) StdoutLine: {'line': b'Installed /home/upo/TFG/ros2_ws/build/robotCommunication\n'}
[2.622167] (robotCommunication) StdoutLine: {'line': b'running symlink_data\n'}
[2.622335] (robotCommunication) StdoutLine: {'line': b'symbolically linking /home/upo/TFG/ros2_ws/build/config.yaml -> /home/upo/TFG/ros2_ws/install/robotCommunication/share/robotCommunication\n'}
[2.638468] (robotMovement) StdoutLine: {'line': b"reading manifest file 'robotMovement.egg-info/SOURCES.txt'\n"}
[2.639075] (robotMovement) StdoutLine: {'line': b"writing manifest file 'robotMovement.egg-info/SOURCES.txt'\n"}
[2.640941] (VLMProcessing) StdoutLine: {'line': b"reading manifest file 'VLMProcessing.egg-info/SOURCES.txt'\n"}
[2.641797] (VLMProcessing) StdoutLine: {'line': b"writing manifest file 'VLMProcessing.egg-info/SOURCES.txt'\n"}
[2.661450] (robotCommunication) CommandEnded: {'returncode': 0}
[2.662041] (robotMovement) StdoutLine: {'line': b'running build_ext\n'}
[2.662182] (robotMovement) StdoutLine: {'line': b'Creating /home/upo/TFG/ros2_ws/install/robotMovement/lib/python3.12/site-packages/robotMovement.egg-link (link to .)\n'}
[2.662295] (robotMovement) StdoutLine: {'line': b'Installing robotMovement script to /home/upo/TFG/ros2_ws/install/robotMovement/lib/robotMovement\n'}
[2.662405] (robotMovement) StdoutLine: {'line': b'\n'}
[2.662538] (robotMovement) StdoutLine: {'line': b'Installed /home/upo/TFG/ros2_ws/build/robotMovement\n'}
[2.662697] (robotMovement) StdoutLine: {'line': b'running symlink_data\n'}
[2.666219] (VLMProcessing) StdoutLine: {'line': b'running build_ext\n'}
[2.666702] (VLMProcessing) StdoutLine: {'line': b'Creating /home/upo/TFG/ros2_ws/install/VLMProcessing/lib/python3.12/site-packages/VLMProcessing.egg-link (link to .)\n'}
[2.666943] (VLMProcessing) StdoutLine: {'line': b'Installing VLMProcessing script to /home/upo/TFG/ros2_ws/install/VLMProcessing/lib/VLMProcessing\n'}
[2.667262] (VLMProcessing) StdoutLine: {'line': b'\n'}
[2.667372] (VLMProcessing) StdoutLine: {'line': b'Installed /home/upo/TFG/ros2_ws/build/VLMProcessing\n'}
[2.667571] (VLMProcessing) StdoutLine: {'line': b'running symlink_data\n'}
[2.667829] (VLMProcessing) StdoutLine: {'line': b'symbolically linking /home/upo/TFG/ros2_ws/build/config.yaml -> /home/upo/TFG/ros2_ws/install/VLMProcessing/share/VLMProcessing\n'}
[2.668758] (robotCommunication) JobEnded: {'identifier': 'robotCommunication', 'rc': 0}
[2.704738] (-) TimerEvent: {}
[2.713594] (robotMovement) CommandEnded: {'returncode': 0}
[2.720383] (robotMovement) JobEnded: {'identifier': 'robotMovement', 'rc': 0}
[2.731279] (VLMProcessing) CommandEnded: {'returncode': 0}
[2.738427] (VLMProcessing) JobEnded: {'identifier': 'VLMProcessing', 'rc': 0}
[2.739253] (-) EventReactorShutdown: {}
